"control_1_auxin_leaves_72h_romero-puertas" "control_2_auxin_leaves_72h_romero-puertas" "control_3_auxin_leaves_72h_romero-puertas" "treat_1_auxin_leaves_72h_romero-puertas" "treat_2_auxin_leaves_72h_romero-puertas" "treat_3_auxin_leaves_72h_romero-puertas" "control_1_auxin_root-apex_6h_xuan" "control_2_auxin_root-apex_6h_xuan" "control_3_auxin_root-apex_6h_xuan" "treat_1_auxin_root-apex_6h_xuan" "treat_2_auxin_root-apex_6h_xuan" "treat_3_auxin_root-apex_6h_xuan" "control_1_auxin_root_05h_lewis" "control_2_auxin_root_05h_lewis" "control_3_auxin_root_05h_lewis" "treat_1_auxin_root_05h_lewis" "treat_2_auxin_root_05h_lewis" "treat_3_auxin_root_05h_lewis" "control_1_auxin_root_12h_lewis" "control_2_auxin_root_12h_lewis" "control_3_auxin_root_12h_lewis" "treat_1_auxin_root_12h_lewis" "treat_2_auxin_root_12h_lewis" "treat_3_auxin_root_12h_lewis" "control_1_auxin_root_1h_lewis" "control_2_auxin_root_1h_lewis" "control_3_auxin_root_1h_lewis" "treat_1_auxin_root_1h_lewis" "treat_2_auxin_root_1h_lewis" "treat_3_auxin_root_1h_lewis" "control_1_auxin_root_24h_lewis" "control_2_auxin_root_24h_lewis" "control_3_auxin_root_24h_lewis" "treat_1_auxin_root_24h_lewis" "treat_2_auxin_root_24h_lewis" "treat_3_auxin_root_24h_lewis" "control_1_auxin_root_2h_bargmann" "control_2_auxin_root_2h_bargmann" "control_3_auxin_root_2h_bargmann" "treat_1_auxin_root_2h_bargmann" "treat_2_auxin_root_2h_bargmann" "treat_3_auxin_root_2h_bargmann" "control_1_auxin_root_2h_derybel" "control_2_auxin_root_2h_derybel" "control_3_auxin_root_2h_derybel" "treat_1_auxin_root_2h_derybel" "treat_2_auxin_root_2h_derybel" "treat_3_auxin_root_2h_derybel" "control_1_auxin_root_2h_lewis" "control_2_auxin_root_2h_lewis" "control_3_auxin_root_2h_lewis" "treat_1_auxin_root_2h_lewis" "treat_2_auxin_root_2h_lewis" "treat_3_auxin_root_2h_lewis" "control_1_auxin_root_2h_vanneste" "control_2_auxin_root_2h_vanneste" "treat_1_auxin_root_2h_vanneste" "treat_2_auxin_root_2h_vanneste" "control_1_auxin_root_4h_lewis" "control_2_auxin_root_4h_lewis" "control_3_auxin_root_4h_lewis" "treat_1_auxin_root_4h_lewis" "treat_2_auxin_root_4h_lewis" "treat_3_auxin_root_4h_lewis" "control_1_auxin_root_4h_stepanova" "control_2_auxin_root_4h_stepanova" "treat_1_auxin_root_4h_stepanova" "treat_2_auxin_root_4h_stepanova" "control_1_auxin_root_6h_derybel" "control_2_auxin_root_6h_derybel" "control_3_auxin_root_6h_derybel" "treat_1_auxin_root_6h_derybel" "treat_2_auxin_root_6h_derybel" "treat_3_auxin_root_6h_derybel" "control_1_auxin_root_6h_vanneste" "control_2_auxin_root_6h_vanneste" "treat_1_auxin_root_6h_vanneste" "treat_2_auxin_root_6h_vanneste" "control_1_auxin_root_8h_lewis" "control_2_auxin_root_8h_lewis" "control_3_auxin_root_8h_lewis" "treat_1_auxin_root_8h_lewis" "treat_2_auxin_root_8h_lewis" "treat_3_auxin_root_8h_lewis" "control_1_auxin_seedling_05h_delker" "control_2_auxin_seedling_05h_delker" "control_3_auxin_seedling_05h_delker" "treat_1_auxin_seedling_05h_delker" "treat_2_auxin_seedling_05h_delker" "treat_3_auxin_seedling_05h_delker" "control_1_auxin_seedling_1h_delker" "control_2_auxin_seedling_1h_delker" "control_3_auxin_seedling_1h_delker" "treat_1_auxin_seedling_1h_delker" "treat_2_auxin_seedling_1h_delker" "treat_3_auxin_seedling_1h_delker" "control_1_auxin_seedling_2h_okushima" "control_2_auxin_seedling_2h_okushima" "control_3_auxin_seedling_2h_okushima" "treat_1_auxin_seedling_2h_okushima" "treat_2_auxin_seedling_2h_okushima" "treat_3_auxin_seedling_2h_okushima" "control_1_auxin_seedling_3h_delker" "control_2_auxin_seedling_3h_delker" "control_3_auxin_seedling_3h_delker" "treat_1_auxin_seedling_3h_delker" "treat_2_auxin_seedling_3h_delker" "treat_3_auxin_seedling_3h_delker" "control_1_auxin_seedling_3h_shimada" "control_2_auxin_seedling_3h_shimada" "control_3_auxin_seedling_3h_shimada" "treat_1_auxin_seedling_3h_shimada" "treat_2_auxin_seedling_3h_shimada" "treat_3_auxin_seedling_3h_shimada"
"ATH-aux-cis-DR5-ARF1" 6.76041759341312 6.75187334367782 6.74401643098164 6.80542977114846 6.80034753830164 6.79430819451677 6.77842105012365 6.75225439062532 6.73397212380132 6.78989732755592 6.78676727074081 6.79695417334423 6.76615131864257 6.77450180803035 6.77802997488984 6.79543570889248 6.78666885580942 6.75595313704511 6.78761287686673 6.76913522656453 6.76033151353859 6.79537302350947 6.78307390917816 6.75675929981689 6.76568324686569 6.75808571712587 6.76919859608449 6.78837190654827 6.80602704689064 6.77904455195832 6.77945080174218 6.76668851210201 6.79043709562697 6.79778803860867 6.74203978147722 6.77764179477647 6.76562799501372 6.77869385267998 6.76473059551372 6.76175687775769 6.79880966764335 6.77229561100898 6.75692803733833 6.75277280739105 6.76940206165332 6.7621859366069 6.8118212517916 6.8041844110006 6.77021836419237 6.76927212186139 6.76122882267991 6.78993781518744 6.79103771501444 6.78560373795977 6.75458301284232 6.72432123582509 6.80530607929234 6.81645355289604 6.77403320059821 6.76861502129269 6.75663733848411 6.78508201547326 6.79696988818071 6.76995938808253 6.7347761256291 6.76132773076433 6.78836693224434 6.80907183603513 6.77066638266024 6.78180176355627 6.78212623444657 6.77768853861231 6.7793609682558 6.76895074573606 6.78518867910536 6.76479094548702 6.77447881814032 6.77518058708634 6.76317962044502 6.77079461220775 6.77784720554895 6.78052730220639 6.77526837798096 6.78297902715076 6.7671205681519 6.76792783370662 6.76525302469939 6.7797478239591 6.78277283771237 6.78150185968217 6.76670412318339 6.76142086034937 6.75718280999104 6.79224347847154 6.77455421318087 6.79238287578929 6.73845680298648 6.76687739736652 6.75343855792319 6.78190472080031 6.7992670209421 6.8042249746031 6.75502002021505 6.74549606259354 6.75362179289541 6.8002736064943 6.78899426958228 6.80037025350489 6.77354197672436 6.76267514215371 6.7715853935099 6.79889758295572 6.79677773182569 6.74022313011042
"ATH-aux-cis-DR5-ARF2" 6.61445538668542 6.60939498831384 6.6113093009699 6.6168710324766 6.61408721641067 6.62807805574087 6.6258144395893 6.61702585037276 6.59769837807225 6.62151842979419 6.62147128431951 6.59471695692371 6.614446119925 6.61871257895101 6.61198893884057 6.62635971039852 6.62739687324519 6.59659764134389 6.63770906517682 6.61774738104196 6.60819339771633 6.60847888787052 6.61748733533911 6.60385442250183 6.61597494324213 6.60935979561823 6.60952183469271 6.62868916582489 6.62265227088405 6.6130454474712 6.63098202018829 6.59654962881536 6.63135052162566 6.62203477455979 6.59924256596544 6.61717745818399 6.6217035624665 6.59894058703844 6.61520377860642 6.61757708799829 6.6135675853067 6.61868714909049 6.61482418500062 6.6138554601977 6.61863180424908 6.60550076559575 6.61973969693435 6.61412472940501 6.61224387715943 6.60705062879762 6.61101087183095 6.62892383838074 6.61736105144632 6.62637158044787 6.61466783040181 6.60792606059781 6.61071798444886 6.61772563078754 6.62231963151728 6.61395769158638 6.61011986382108 6.61101280008216 6.61474582838879 6.62151889323523 6.59673079921874 6.60227685357751 6.62844150472292 6.62573503216669 6.61744888239338 6.62922360374835 6.62157887414271 6.60596467776617 6.61132838512108 6.59522866230699 6.61940643629753 6.61695534160041 6.59818557725153 6.60845566582015 6.6223716995838 6.61159023317269 6.60610347127053 6.61431714518405 6.61903663738915 6.61589781909889 6.61304690388683 6.62687365959454 6.61305297288834 6.6143523406714 6.6145958450841 6.60794016436708 6.61949493934465 6.62988642219703 6.61458563520622 6.60800934026564 6.61480952743399 6.60345226580799 6.60718181715649 6.59811280763211 6.61842846485766 6.6207884556782 6.61140587224399 6.62661469943154 6.61512470767315 6.62095063464778 6.60878126908363 6.61463575005883 6.61733324371734 6.61557297727882 6.61208539131781 6.61656443857055 6.60278632542165 6.62107113584283 6.61386187209934 6.62733649638957
"ATH-aux-cis-DR5-ARF3" 6.50632605717935 6.52135396138091 6.5357321813512 6.56840307384436 6.56059185902363 6.56606665949052 6.52259372972022 6.50167103279501 6.5119308461802 6.55042337500262 6.57421707526695 6.57734257227794 6.52752546943127 6.53425949034376 6.53394591039984 6.57457449129625 6.5462566889653 6.53941062658881 6.51970171538687 6.5317137353799 6.50512134457369 6.57172997034636 6.56443262198855 6.57170958732741 6.52828153092376 6.5328143588684 6.52473500154432 6.57490044260237 6.56407170935732 6.54009180587498 6.5285276928021 6.49787017834172 6.5491061823214 6.56158857152402 6.55970602830118 6.57021329717363 6.54561504186709 6.52048573159825 6.53193173937133 6.55422963853602 6.57037139207839 6.53231088606393 6.52958683030056 6.55740605082042 6.54567991797611 6.5429357592177 6.54704624414979 6.54211852565611 6.52594184793229 6.54888920998577 6.49547633968347 6.55980619143353 6.57777319477208 6.5580750833892 6.55038360929095 6.52230705096728 6.558749172812 6.54095783117613 6.50342020151179 6.53502360705161 6.52576231239631 6.56679377707601 6.5657875669464 6.56819240852972 6.5093224977931 6.53356136670862 6.5682132651083 6.55908923302194 6.52166742436725 6.55697066565496 6.54407765047123 6.54685395218782 6.55166158382912 6.54478376063733 6.55304341679671 6.53246326391853 6.53571921582828 6.54790944935972 6.50952048875333 6.50454397140344 6.51331087088103 6.5664027321802 6.56577348601087 6.601980738651 6.52339931271596 6.50212718596805 6.52197086451336 6.59304616249415 6.55838553346974 6.55073987665663 6.52182669023073 6.4991788574737 6.52775655003915 6.56197053710683 6.56617518441248 6.57284341663542 6.50830704651779 6.52027563757723 6.5006498513388 6.57418935837453 6.58908634215732 6.56070626507594 6.52964153976394 6.5002977210565 6.51736705814807 6.57311400668892 6.55709187060406 6.57268862367565 6.49761102950081 6.52967547207673 6.51601868346285 6.57005140088706 6.57147843480642 6.56725450569036
"ATH-aux-cis-DR5-ARF5-1" 6.52416600342203 6.52658215771927 6.53457774233579 6.52905817078211 6.5384037493986 6.53413886979412 6.52511604686132 6.53692788162805 6.52114742026688 6.53439444248351 6.52808663829955 6.53307342548011 6.52856243623356 6.51871394786029 6.53110639281473 6.54056280623206 6.54431820139319 6.52773300584952 6.5226847767044 6.52643467419933 6.52876858640211 6.54204907903461 6.53608146332094 6.53489920209228 6.51922825526583 6.52652150680227 6.52440756070546 6.53732225314601 6.54834892530941 6.54068085558351 6.53446857716623 6.52744240135776 6.52933605379323 6.54877036552518 6.50988849014644 6.5408201453957 6.53513517585564 6.54258545318674 6.5433071933519 6.52293758978084 6.52472963874569 6.51575604650846 6.53133592519034 6.52194498837994 6.53342717599075 6.53085274901037 6.53693738691567 6.53537822119366 6.52918184369826 6.5322349138697 6.52500568361602 6.5434840007275 6.53797216704273 6.52937066706977 6.53505731474924 6.52469047637257 6.53260380716563 6.52894238141839 6.52714217003065 6.52789779504084 6.53339929720855 6.53431496925427 6.53842108331403 6.5276499095634 6.52998091183502 6.53701524522985 6.52862749039361 6.52708522088594 6.54171319695546 6.54639049656696 6.54402515220014 6.51766884862871 6.51715663769132 6.51566707907049 6.54527112088233 6.53902983711328 6.51516147068841 6.51478231579453 6.52496205420872 6.52316847769414 6.51567310090396 6.54080989799436 6.5331898604875 6.54942888965026 6.53154538463149 6.53455301137054 6.54149053609018 6.53419755703786 6.52464463277383 6.52165713532452 6.52946280320177 6.5380147163397 6.5408332172465 6.53085297146982 6.52782297228639 6.52109164588049 6.53366274337808 6.53274026274868 6.53240732237634 6.52632972848507 6.53130368969966 6.52637558262016 6.5333515497443 6.53575379943214 6.53991960733645 6.53217864990865 6.52475535972597 6.5245370441428 6.52528298277418 6.53956900587818 6.52742412965284 6.53404721399735 6.53605439251566 6.52131188972597
"ATH-aux-cis-DR5-ARF5-2" 6.64632129448624 6.64049866107672 6.64510937718635 6.68925798796691 6.69744651316488 6.69978374839001 6.66505582904366 6.64924517373709 6.6370470103296 6.68722476455754 6.68696455901637 6.69218059681588 6.67199772345311 6.65898088513226 6.66443661908402 6.68144826277558 6.69168874122411 6.65975952942386 6.66801194280069 6.6926256191168 6.68228226937143 6.66712016378095 6.65812267194497 6.66080339856777 6.66253446682213 6.65319990428796 6.65912652412587 6.6851579868357 6.69012940814101 6.6829916647197 6.68118317631654 6.69555928731496 6.69292130244251 6.66018119641024 6.63514368996453 6.66384493331493 6.67193168814006 6.66648140586872 6.66670968058653 6.65958120256783 6.68435233988684 6.6737518524739 6.68656153266678 6.67409036586516 6.67237621222239 6.66563540101071 6.67651028939586 6.65782163221609 6.68024838289655 6.66774861999931 6.64693349216594 6.67793815583463 6.68678124609598 6.67948104200582 6.68374345094294 6.65579981112162 6.68087383161231 6.66300219398709 6.67041221474347 6.65211534245648 6.67705098864287 6.67882180791675 6.67830368750452 6.67113000527173 6.63726269940514 6.69302930159737 6.6788639463626 6.67597293587661 6.68758625430649 6.69052048975618 6.68410924768449 6.66409415442259 6.66332232392158 6.64178419650109 6.68793238869094 6.67154768425224 6.65820197894075 6.66461893741036 6.66464468296389 6.66364513574447 6.66472057983896 6.66645860892445 6.66123184924392 6.70527549178303 6.66317795923136 6.67056099515715 6.68166455798547 6.67671245693707 6.67165014124918 6.65745803027173 6.66607043987878 6.66967682825783 6.68255715363806 6.6731712449338 6.67562893242981 6.65503257146952 6.65305385467643 6.66813662221473 6.65891096936296 6.67727176777101 6.67952665458587 6.68304805712237 6.65682485537433 6.65382434022499 6.66851744011327 6.69401129124596 6.67334168405912 6.67667153171494 6.66443601126728 6.66758520990627 6.65680517986048 6.67804585673487 6.6904132156885 6.6592576067414
"ATH-aux-cis-DR5-ARF6" 6.58618210224364 6.57800358125751 6.5886941488383 6.58568973871473 6.57452100040071 6.58063906489877 6.58742211198431 6.5889877103739 6.57917377300204 6.57773635191014 6.58909817968992 6.56899215986993 6.58396946705255 6.58289925362195 6.58618584633909 6.59468634968656 6.59240838686973 6.5638949443775 6.58081847427581 6.57298662933347 6.57328661017396 6.59444745320645 6.59497298421085 6.58987607934468 6.57135291329469 6.57453826098327 6.57704685777158 6.6015246207585 6.59834881066979 6.58373212520839 6.57973348764386 6.57822168639001 6.58041546341713 6.59615064793979 6.58201738278176 6.58784788030876 6.57472481887374 6.56983803331533 6.57050394067211 6.59482940823439 6.58927754488902 6.59122136565011 6.57316597512968 6.56515579331662 6.5785919826502 6.58564303502386 6.58534167746836 6.60739304083626 6.57406556245677 6.5688266191559 6.56605411977947 6.60450155390269 6.60959300013116 6.58804622220309 6.57891447391096 6.57224245815599 6.58516842425524 6.58896348161912 6.57179072509515 6.56923246855072 6.56528000491578 6.59394405274745 6.59667782928942 6.6060259798044 6.56076189286123 6.57859935318816 6.58959134026885 6.59940577935746 6.57558009441858 6.57642103059894 6.57765998155249 6.59156784938004 6.58433853320566 6.58837727943391 6.57458926702789 6.57187138792486 6.58620348105669 6.58858413597781 6.57137734129698 6.58038146118902 6.55499700897538 6.60256874336881 6.59346824556774 6.60139978672567 6.59553311302116 6.59710937369156 6.57672174944234 6.5704410504543 6.57231234142569 6.58542128890589 6.59868623506411 6.59761692077047 6.58470293033969 6.56464649585288 6.58249427765057 6.57018881103647 6.57232212618389 6.57782547408326 6.59740952253636 6.58687170217812 6.57670322568964 6.58201641799194 6.58784350166732 6.58750737115768 6.57546963028019 6.57986803547959 6.58681365561039 6.58185456854044 6.57393056069412 6.58143133814343 6.58189095033649 6.59314056924926 6.58730526089158 6.58057084499893
"ATH-aux-cis-DR5-ARF8" 6.60307028231508 6.6005893436696 6.60195599617378 6.61490809173872 6.61014431958594 6.6182834957074 6.60168043734276 6.60213046590122 6.59598648884899 6.61872673222519 6.60855571201406 6.60287667309036 6.59971831183745 6.59399179775154 6.60602752213723 6.61165464832312 6.62116181061899 6.59906549950059 6.60633043492009 6.59608458933386 6.61289246132784 6.61012861469626 6.60642234058209 6.60183036512953 6.59641637909256 6.59131822090925 6.60355099082663 6.61610720383998 6.62473045303814 6.60703300650181 6.60839697463111 6.5910686817359 6.60351101743495 6.62074709837589 6.59298658232473 6.6182425497303 6.60050747981928 6.61221309968299 6.60815230512196 6.59832761425937 6.6097289539947 6.60742625214032 6.60358864155198 6.59390295168508 6.60890024054081 6.60712091411468 6.61004644798512 6.61814757399641 6.59782127164862 6.5952305958672 6.58763659667411 6.62106968492293 6.62635037364894 6.61219484929526 6.61164505668164 6.59999480233478 6.60039720997243 6.61087400184804 6.5888477675291 6.5924023215078 6.60013461460659 6.61064053905521 6.6236945079795 6.61578200222258 6.59179201315273 6.60764628317126 6.60702484323753 6.61480579796972 6.608961293343 6.60986825354053 6.61024036898743 6.60390700192774 6.60902390287541 6.59502455697111 6.61647546139341 6.60517985436038 6.59418034107881 6.60282233715805 6.59030314039666 6.58686783724507 6.58892381858163 6.61909437701623 6.61810932548451 6.62735524988149 6.60574418119934 6.59823717909634 6.61336272871218 6.62132765903498 6.60786696256947 6.59800348658153 6.60513812716194 6.59811981189949 6.61373354269029 6.61461189199317 6.61189847761315 6.60259925830788 6.59703928601208 6.60647765376236 6.61407719468117 6.60667925148158 6.60979102563695 6.60453912576769 6.61119014080225 6.60394187130446 6.62211939844288 6.60384278209627 6.600090494893 6.60696413379901 6.6021421583029 6.6072131808588 6.60553208172596 6.61219958761155 6.61698550544518 6.60090289605332
"ATH-aux-cis-DR5-TGTCGG" 6.25128737988032 6.27082291087403 6.31686082429852 6.29627429657466 6.27609401149446 6.26862120863955 6.20923469291141 6.23566438966611 6.25672477046927 6.32584126283891 6.32690337953168 6.32227467222229 6.13333778765793 6.17585727237102 6.25524736647201 6.37766995601367 6.36656752929153 6.39729105411319 6.19441256046388 6.21803984629 6.23044465193334 6.3567779745145 6.35760984274989 6.32165852346331 6.08686615236181 6.18949026141865 6.21791825212472 6.38985254540343 6.33673043120209 6.49463835090622 6.27065776477075 6.21887479249956 6.26089157313101 6.31146006233586 6.31254009066315 6.28758039151157 6.22475063988971 6.23951055500443 6.10772231020359 6.3606269031444 6.38142001468229 6.3613389629077 6.1323334707842 6.15652517506925 6.20619272423237 6.35240384157714 6.38666388084611 6.43890400768581 6.18637829246155 6.08364025905912 6.29986188549353 6.42181528528526 6.38283756114984 6.3401655386182 6.22048745443375 6.15225243168189 6.38038613351964 6.34041378322705 6.20192093981218 6.08431316456933 6.21292527256659 6.38779203272132 6.37032165918214 6.42293416562551 6.1605355588278 6.21730367361481 6.31345299959481 6.43550214906895 6.1582963897215 6.21555089999873 6.21629646588955 6.36083049081393 6.33297245877638 6.38357488760965 6.2261459689684 6.19852370505703 6.34115301343808 6.3216760796262 6.15619881154264 6.18090294045764 6.23698088478966 6.39890221294362 6.30053599327533 6.41070321861248 6.19144993261388 6.19287705945706 6.22566417898174 6.33140930303569 6.33681234076517 6.38564328591117 6.16716219406251 6.18351800424781 6.23054665760327 6.30009516937943 6.38385223250978 6.39653018061342 6.22810231818202 6.19387708560016 6.08568132924805 6.36557734124752 6.39464778895316 6.37683491179396 6.18770172462186 6.16497599510044 6.19974286755539 6.42019364602326 6.32676410470287 6.36512825686314 6.25682012656007 6.21531530563289 6.23525068913355 6.37352549403809 6.3319997131687 6.25915483510308
"ATH-aux-cis-DR5-TGTCNN" 6.5190538550797 6.52499592867639 6.53756801965506 6.55621450752574 6.55625210194482 6.56910921883047 6.53285845597003 6.55170163115179 6.52609196857306 6.5494455899993 6.54842932283727 6.5454101462099 6.51565447395781 6.515871141018 6.53837382991516 6.56623125259627 6.57931099818027 6.54716965259114 6.50472934975969 6.49256926121574 6.51459768743076 6.59193428421167 6.58771808467332 6.57864859116708 6.50208758217373 6.50922811579696 6.51840302961272 6.57847578979428 6.58155544261457 6.57923385121042 6.52246252137161 6.5106892292489 6.5135491554392 6.59469213685335 6.54359450701253 6.58585698350735 6.53133349256827 6.5281404347202 6.50919739303964 6.55429613584857 6.56378385428769 6.56892469683302 6.50962813569055 6.50428900591692 6.52012310002087 6.57059127295364 6.56367062386246 6.58754521264335 6.50781405408332 6.50458565706626 6.52171062129106 6.59689665380987 6.58915655604636 6.55309211785365 6.51793074324858 6.50457526244604 6.56767742492251 6.57227438512464 6.50626512804784 6.49610752272266 6.51906718001686 6.57664489587546 6.58666606796419 6.57929836977358 6.51176881496662 6.52200471745015 6.56318851987675 6.5701492759572 6.50880976381593 6.51655134755229 6.51885749241082 6.56933237248421 6.56472125084655 6.57525948645941 6.51519241462284 6.5079907368598 6.56712562539514 6.56553175778962 6.50785621373929 6.50945665083779 6.49895472220698 6.58960841079039 6.571868358422 6.58436528390022 6.53148080777553 6.51720551949887 6.53045596892849 6.56757196942665 6.55608839731064 6.56177391270771 6.53449954532157 6.51777799260453 6.53603887485497 6.5712091014649 6.55109951422006 6.55442018018123 6.52227091785034 6.51869106482927 6.55353913522076 6.55411597192635 6.55121138321954 6.55476380309588 6.54583438096559 6.52318908075268 6.54471400538289 6.55086908745766 6.54559053660339 6.552540119176 6.53107649785305 6.53466097682728 6.53331289084539 6.56070770981429 6.56041758718836 6.54083532093724
"ATH-aux-cis-IR8-ARF1" 6.54638890227901 6.54684699551171 6.56923545382719 6.57620641306592 6.55622658291485 6.5760336866621 6.56825525545398 6.57563975430447 6.57358439332501 6.55289620111528 6.56149360090584 6.53289209631947 6.57373237530969 6.58205659835278 6.54581409074591 6.55426295782164 6.57737984535339 6.5397684242197 6.55041807245417 6.55185944198804 6.55700716832523 6.55956371268627 6.56864583071741 6.57574614237102 6.55684742349619 6.57112863646394 6.54022233666776 6.54516687005382 6.59159482039788 6.57139416792707 6.5517904961591 6.57573216728122 6.56536005181494 6.56026152687817 6.56035062109987 6.55218103712298 6.55980428357198 6.58911658480784 6.56241509116396 6.54620827472049 6.55979116140139 6.55124929168776 6.57011127444289 6.56869434840702 6.58114235416294 6.5385551018566 6.5403289567201 6.58138198870219 6.55957682109731 6.58498593602812 6.54257579454698 6.575193675466 6.55675505730121 6.55750510238173 6.5944686584681 6.54974844509662 6.54864829351527 6.55214073157763 6.53222547415376 6.57564566554797 6.51719145502219 6.59474354411873 6.57450254022539 6.58289761189749 6.56564224872404 6.55909912807803 6.56588083548771 6.55050814185292 6.57026226060221 6.5825305870858 6.58283901739572 6.54464286575799 6.55491023775299 6.54708705846626 6.57949980793256 6.5597157626972 6.54789597111609 6.55136298471051 6.55481631756193 6.59280172635242 6.53971101038969 6.55290262448125 6.5592320348223 6.56917343807514 6.56963781755943 6.58316079174483 6.55852734867721 6.57029113894326 6.56916816135106 6.52616111950748 6.58496897317591 6.57913300821538 6.54389238618246 6.55891556752625 6.56038557614489 6.5477652501754 6.53197916213473 6.56410082929635 6.57614072167254 6.57501226001424 6.56694838678605 6.55889410144689 6.58988690367206 6.58319202745615 6.56111168566776 6.5550691204881 6.55071781460288 6.53817464503597 6.57140344078557 6.56730969692954 6.55004448752815 6.57203074541678 6.56386147557021 6.54434389534288
"ATH-aux-cis-IR8-ARF2" 6.5104914119068 6.49676392376107 6.50982285620257 6.52701802991178 6.51554433779262 6.52409557302564 6.49884301145851 6.51899336657294 6.51191285850372 6.51115149663738 6.51833318205319 6.50703764696441 6.50046531568889 6.49252210877486 6.52112792174718 6.51879900557934 6.52576651848708 6.51466025311449 6.5137626499329 6.49220340154635 6.51063938909728 6.51796461304074 6.51269855477744 6.52628141406017 6.50892684396974 6.49389012038411 6.48768625611 6.53581068778998 6.53426099259398 6.51681431556751 6.51315842689976 6.49527503422282 6.5184943660468 6.52230204975549 6.51287219590687 6.51052820550221 6.48397428164213 6.50108773373602 6.48290752863436 6.52993394806415 6.52713367402234 6.54446866341339 6.48068621838556 6.46958146702502 6.49764247498155 6.53660308831995 6.5301726499495 6.55244557335078 6.50161545335534 6.50399913760256 6.46884479769977 6.5644305697144 6.52639801451665 6.51535681089496 6.49141524827651 6.49122041047654 6.53321680256513 6.51726175220239 6.48561927036338 6.49920357411825 6.48629059794048 6.53313780649678 6.54376983350242 6.52840996229043 6.48699746661687 6.49138508862676 6.52770369548865 6.52919062174824 6.48529167059198 6.49351422382238 6.49510527791491 6.52697848586441 6.53637583396101 6.51905023321445 6.49146361962188 6.49272811490296 6.51885453935658 6.52065552495049 6.50619225550436 6.50383582268072 6.48542646460182 6.53537643580969 6.51201045166129 6.52786877896669 6.49685365389003 6.5102906974924 6.51172220886211 6.53094127443092 6.51400722174328 6.51103079942933 6.49207787724157 6.50217369630072 6.50311012859935 6.53697535583691 6.53111709787286 6.51098786774555 6.51077458681632 6.48875277858845 6.49018324879823 6.53417280679872 6.52403862941056 6.53539704122653 6.49293365263807 6.51510565635117 6.50827818098139 6.53617992677693 6.5231951385543 6.50490509758551 6.50313150047245 6.50809422587797 6.50399516317994 6.52941858066527 6.52117801786075 6.5139986933491
"ATH-aux-cis-IR8-ARF3" 6.53370378487062 6.50533262271901 6.53184300615484 6.6051896849775 6.59423300232865 6.60443533249776 6.55099375168867 6.5790639748046 6.55911160944772 6.58175577023574 6.55408743880726 6.54336196348222 6.57134484974545 6.51020830522785 6.54113200841633 6.58474145415158 6.57796615153163 6.58932463211146 6.55148677129088 6.55857101727097 6.51478781216727 6.58965099488919 6.57759616888711 6.58877489849161 6.55192681704235 6.50359887642066 6.52655692080752 6.62495777013692 6.60171947723087 6.57704744052808 6.53321523581401 6.54124535630288 6.55498235478372 6.61240773948076 6.57284781230527 6.56742637622537 6.51106180709489 6.53695584242685 6.54498582715541 6.59571719711221 6.57648179826824 6.6023299311948 6.51228826472712 6.52680784597686 6.51893982355221 6.59139871376783 6.62439584125284 6.6011425867634 6.53758239545433 6.51103341937409 6.52976672531015 6.64281589195121 6.61144763944584 6.55415176664375 6.51810443333519 6.5122743622222 6.60242773066164 6.61210526673838 6.53896867057903 6.51188638277669 6.52644058073835 6.61648488180275 6.60196001533154 6.5802484867578 6.51255700081944 6.52102079691087 6.59180530540864 6.60531306987872 6.52981963009108 6.54310106680595 6.53718643022411 6.59081363544278 6.60377754643082 6.57488488134669 6.53066010574554 6.52798672298571 6.59290655515901 6.59527663140112 6.53653814419981 6.53088166106219 6.51315297788523 6.60339940934445 6.60979163990661 6.57789045316968 6.54357408704415 6.53703930513327 6.55416997651604 6.5845963750375 6.5832973390639 6.56354799973529 6.53882231205983 6.53137692689005 6.52458209266864 6.58558591357604 6.61764173839532 6.56582833982774 6.51779513255686 6.50457340424176 6.53168708964679 6.62729973672028 6.59257657956222 6.59060955569181 6.53624213746075 6.53279921446568 6.53308338885485 6.57644960321673 6.59080984668684 6.59642754093867 6.52706567766679 6.54667374379222 6.52389493385865 6.57870539967397 6.57433511378301 6.61951541032706
"ATH-aux-cis-IR8-ARF5-1" 6.64192586864914 6.63691550338019 6.63839384088586 6.67600944835276 6.67990920443715 6.67653788328248 6.64120238053136 6.63349796830523 6.63534221733113 6.66335768320367 6.6872962147104 6.68193965389335 6.64437672989046 6.63106804998125 6.6529654590423 6.66736265751374 6.67727640494138 6.69210621744786 6.64259340324085 6.64316936392673 6.62879558829493 6.6887316418776 6.67548745790744 6.69624696518585 6.65255127260269 6.62733034833574 6.64916377364187 6.68454473139078 6.68392407849569 6.67738314875461 6.65714891736541 6.63870421371241 6.65174199130586 6.67495467965522 6.67302432553507 6.68034960762667 6.63703395654258 6.62846723819189 6.63988272880567 6.68537651105955 6.67715367433229 6.68581721573284 6.62891410412742 6.63407960024767 6.63881730154965 6.69123063619532 6.68554955407004 6.68418794323119 6.64368652259207 6.64024089921845 6.63988122873841 6.7052746514466 6.66467871678102 6.68246017753585 6.62619761506547 6.63069854049077 6.69203011783629 6.68024416271512 6.64232571621524 6.62596260592083 6.65009259294882 6.68574212065038 6.68661328807253 6.67931712625042 6.64266110101418 6.64448640760944 6.6786753114236 6.66683081415036 6.64856684127829 6.65844680668517 6.65237638891395 6.66843589809093 6.66798780910801 6.66502016713439 6.649550933878 6.65134225151763 6.65671153257029 6.66574971364263 6.64165486345936 6.62831443040597 6.62598272807927 6.69420015582484 6.68118476754371 6.69952075038091 6.65323545845546 6.65532090921067 6.65326915102517 6.66832834207812 6.65530307722226 6.67474224545625 6.64354545296547 6.64681089558259 6.64453479581045 6.67568451159682 6.67805895412187 6.67289071516406 6.63642782749706 6.63916301502077 6.64560601882337 6.68151590318648 6.67319608161309 6.67510067019369 6.6389522370032 6.65037841220122 6.64698669985671 6.68059352553813 6.67217390216534 6.67163203458679 6.64570995773632 6.65242726730518 6.63787113007645 6.68448441219481 6.6756820554908 6.65627615667656
"ATH-aux-cis-IR8-ARF5-2" 6.57557875612373 6.55167859602801 6.58649150994351 6.63078779016361 6.62279838009446 6.63722759797676 6.56492004157371 6.58018599777459 6.55184160450646 6.64198935392416 6.64946295454593 6.59861770983945 6.57739004980134 6.53656133527012 6.57246403399357 6.60825456223724 6.64367691649075 6.65021656660277 6.57050336056313 6.54115837659346 6.58261297367027 6.64547151407263 6.63297940207838 6.62224883228202 6.57737474086386 6.54365079321625 6.53406051138031 6.65178555045459 6.66030770346568 6.63820765674131 6.59424531303198 6.56506163304336 6.59600797591481 6.62261905716428 6.61215782923413 6.60160022862954 6.53009939879793 6.57200498314498 6.54970763198626 6.65736885502377 6.64169383590962 6.64880028808717 6.52398706217014 6.54501028192278 6.54829779262689 6.66145183506768 6.65323273492521 6.67189656766356 6.56062414281773 6.5437535012268 6.55320354356334 6.69260697967796 6.64193543311189 6.61434330565822 6.5502066836064 6.5507212036489 6.64849753180562 6.64606581819766 6.55145039785201 6.54184539563211 6.55916717622593 6.65477020015117 6.65743336506108 6.63948497657319 6.56617692028699 6.55197608675714 6.63985645113818 6.62675369070708 6.541766006702 6.56804460778075 6.55608249343816 6.64867754038907 6.65599035255028 6.63568911516354 6.56266938509857 6.55510955650952 6.6337964110479 6.6431574158949 6.57060063061412 6.54457751815529 6.5512521838691 6.64998943535415 6.63009862615333 6.64618930087539 6.56113657580673 6.5673998608688 6.59938691944748 6.63465624882997 6.64322239436048 6.59642346331795 6.55628733763931 6.55811093021361 6.57421951946818 6.6427024093996 6.62569352054014 6.64378208749036 6.55088168010117 6.53246997702837 6.5389567632562 6.66631973694886 6.66286992736025 6.65203128932371 6.55567810941299 6.56730174377425 6.5857021985838 6.6416770613916 6.62269348061069 6.62868576163633 6.52406291215571 6.55649936349903 6.5497036143926 6.64564302370159 6.65396384160062 6.66564119552897
"ATH-aux-cis-IR8-ARF6" 6.53258606960592 6.53255519064291 6.53847644777587 6.54071053332032 6.54021681954698 6.54073072215339 6.54246907719406 6.5477779450902 6.54583536894834 6.53331419937645 6.52367239389404 6.52005808234311 6.53856042286009 6.53023034965029 6.54478300281856 6.51937320201772 6.52635357568369 6.55048199276901 6.52854747281388 6.50697684025814 6.55525669432084 6.53890304324668 6.53737023096303 6.54165305156338 6.52329425008894 6.52909915520639 6.53159018268016 6.52805229672709 6.54586189949423 6.5506198398823 6.53926124323699 6.52492242100323 6.53547377376329 6.52455835903151 6.55019022248604 6.5384169970254 6.53306471785659 6.53272732650903 6.51151795430767 6.56310322834229 6.5293031671101 6.54401212307216 6.53218590015169 6.52086074493853 6.53945352115494 6.54583828672019 6.52706438147406 6.54438756900508 6.54450510968244 6.53244227467512 6.52829059757331 6.54416891458023 6.52100188625037 6.54492428652655 6.5395529666798 6.5292472784065 6.54149762268512 6.52652618748253 6.54485277574596 6.54023600129609 6.53410272135005 6.53900792812873 6.52970961579087 6.52643768275131 6.52184628476906 6.53063856696901 6.53008519938805 6.5518532115897 6.53111954166996 6.53005168689294 6.5335200829322 6.545101939202 6.53596795162288 6.53216882104153 6.53265830875281 6.53469998986087 6.53093017446109 6.53684958103324 6.53479655625775 6.52283250262441 6.51733746282262 6.54870742426622 6.54012259973043 6.54767424120358 6.56309040602133 6.56304622816443 6.55502176809715 6.52017968038296 6.52021199840901 6.50392911528106 6.55529194873599 6.55176892135728 6.55005608960268 6.52420675285773 6.5327323298058 6.51322218496293 6.5413288048352 6.54900561301513 6.54210481253977 6.52955754804294 6.52873675378624 6.53347133196698 6.55957128605002 6.5638238808909 6.5642217567711 6.51857884440732 6.51360392168898 6.50992404276039 6.53472270270732 6.54185154596795 6.53287789090831 6.5419263576628 6.53440777868755 6.53936808360679
"ATH-aux-cis-IR8-ARF8" 6.60087602418609 6.60015800170918 6.61346786871577 6.63839428657101 6.65266090990868 6.64310467566063 6.58778401841349 6.59644832908071 6.60496098436716 6.60313475476937 6.60943809640842 6.61061813039077 6.59329248970009 6.56479446373763 6.60201739621212 6.61938900534994 6.65301564303095 6.64483296741257 6.58935548985513 6.57035555597415 6.60399674919173 6.63290533835487 6.62733771976223 6.6353744699708 6.59012283952431 6.58424680665909 6.57982112051111 6.63152286740044 6.64660081980095 6.65168958181614 6.60963100847718 6.59253490216775 6.59455295713066 6.62599498013206 6.61031049635103 6.62995698189826 6.59604930753187 6.60058499831126 6.60054338330901 6.64255799976125 6.64262556545863 6.64432111706596 6.58068148109648 6.58404610541741 6.57805063705957 6.64883326847422 6.64617531074218 6.66953549259835 6.58333921908555 6.57189901030476 6.58579025495004 6.6776873003241 6.6413874128611 6.62332222230272 6.59143843031142 6.58292119120659 6.64748516888155 6.65053677922136 6.5723653864572 6.55637801711812 6.58946580614438 6.65907512846851 6.65847662327832 6.63306037342629 6.59057442574842 6.57476130510718 6.63706636387044 6.62525147127133 6.59549566238664 6.5974386852033 6.59293807187615 6.63278849052055 6.63692697904629 6.63898616572733 6.59941629491027 6.59114285740493 6.63725934425558 6.63345201102743 6.58755965699244 6.57142116791133 6.58184263967062 6.64307872930055 6.63440286108117 6.64139469953213 6.61142873582371 6.61604547127613 6.62230565417821 6.63400859210179 6.63790153614207 6.63410826758066 6.59690943141505 6.6103490266981 6.60921138790007 6.64968093060828 6.64537938989899 6.64362084903518 6.59599870831244 6.59769860349035 6.61758436718127 6.64942926854564 6.63808248698522 6.64789795263827 6.59427067557005 6.6144223147263 6.62059958648285 6.64687672994069 6.64138953218037 6.63822371024899 6.61326464517576 6.61271300668627 6.59511273601346 6.64752130076492 6.64942949310509 6.6339132664803
"ATH-aux-cis-IR8-TGTCNN" 6.78422921543125 6.78963287606846 6.81680634300853 6.79256425746056 6.7885174033365 6.80026001328005 6.78413970862125 6.77389923817138 6.77211615794308 6.80085492427503 6.81087798702826 6.82179566602739 6.78316530039191 6.76893365007174 6.79547142768979 6.78961422493219 6.82088068466771 6.82368948338999 6.79699528294372 6.79213983877564 6.79729946078893 6.79421549362267 6.78362292664065 6.81762722573833 6.78553390442732 6.7636724056646 6.7889533078728 6.81040067008969 6.81910813283519 6.82614315524902 6.80442284819896 6.7982645719258 6.80169513448261 6.80183523847266 6.76736955612991 6.81226820941737 6.79264864084586 6.81808154701759 6.81450646507899 6.78077621359842 6.78403856356902 6.7943122249571 6.78145448497451 6.78800472356329 6.77825830134465 6.82056047662306 6.80341438078871 6.81754845694031 6.78156167694565 6.78859448098531 6.79026918001474 6.83437993844287 6.7930046751035 6.80739004149812 6.77226911611366 6.78701984943119 6.82265425122784 6.80397256686403 6.77840549038823 6.77466816205421 6.82079097310828 6.81104882245648 6.82147991141322 6.77608755128643 6.78819687908608 6.80363964839017 6.79687320619345 6.79097898988098 6.8107199051534 6.83155383296877 6.81616592487648 6.77894853421869 6.78047507843602 6.76298164451339 6.80857349455189 6.82195795924495 6.77438994687567 6.77373014255501 6.80152959029759 6.77880385654677 6.80727825206059 6.79969653068479 6.77066342163647 6.82284794199353 6.77478209240089 6.80368749988357 6.81224499682858 6.79709466524378 6.79777647533356 6.80204354254179 6.77052937775507 6.79003286401402 6.81159022307212 6.80663146251784 6.79912518347045 6.80941962920001 6.79340660199468 6.81023249892118 6.79254602052649 6.79297875027923 6.81074719077451 6.7848111211965 6.77984656923477 6.8057498682721 6.82651771939712 6.78928319289919 6.78903746701422 6.791283567118 6.78460723866911 6.80215161364991 6.77929211879629 6.80623153754919 6.79803323021247 6.80849187335272
"ATH-aux-reg-DR5-ARF1-down" 7.38935651557772 7.49309087447732 7.48175632292005 7.63899270421512 7.54816138719238 7.56457674948817 7.40092722609668 7.48662385889245 7.46450034439129 7.48626948703316 7.56410522457225 7.56694303142602 7.52945349883477 7.55397569844352 7.52296634229813 7.50504864598084 7.5103950154142 7.36895628772598 7.57057532643147 7.55491488822896 7.69464979389745 7.35048840493107 7.3795314471829 7.41123480054271 7.34875668914957 7.57920216789384 7.49021133735816 7.48188929660415 7.44967240034156 7.63893537875504 7.53341613320887 7.5600928576185 7.49929078764759 7.51168055533145 7.35987882453058 7.52724064697058 7.66780719609013 7.77236406724978 7.75181202007917 7.35883740991086 7.29460375667777 7.22037718012391 7.72018153515558 7.75056243099593 7.70998506432558 7.31292000703559 7.36520288084741 7.22997323679582 7.46669480149327 7.60279643573503 7.53490811907981 7.29279837926168 7.39982875925548 7.65438926853614 7.67313103972515 7.65947153505313 7.26351960288557 7.46092203735369 7.55698041897424 7.50942216649438 7.72207744458179 7.34085142635613 7.4113129192363 7.3716376052919 7.73192355043405 7.60397842298821 7.32562876819247 7.35583411245264 7.73365441686486 7.82833776705704 7.72968610944426 7.27497783693063 7.28166828494502 7.18793510011308 7.78969224979807 7.78549262181482 7.1963113925887 7.26068638837536 7.45718406047326 7.46538715790587 7.77567681163563 7.36057428754586 7.38377914697068 7.49234215240365 7.56429215925079 7.49013807816007 7.65475693815222 7.46127838759878 7.42542245327375 7.46892349608838 7.57761135380301 7.48173223594409 7.68459603886597 7.43153720065952 7.45145176144343 7.43653919772084 7.55431051157206 7.58802955059756 7.58269245946715 7.47051267757501 7.46086669571359 7.4023624116965 7.51916223650924 7.43874451644253 7.62140941160871 7.50442265172518 7.39539448694599 7.61504110913036 7.2920837038855 7.46291015496164 7.47928236649347 7.53271131427182 7.66263756529735 7.60801575663716
"ATH-aux-reg-DR5-ARF1-up" 7.04091887594943 6.94624681742159 6.91778428664189 7.42139306070386 7.43633380000544 7.42260739833334 7.00631990697887 7.01681202385588 6.94389963764074 7.42585494302122 7.38568308033047 7.3811692264135 6.91246578370168 7.02764154002728 7.08561996635247 7.46120903794212 7.50170481393806 7.24519887037593 7.1984449730084 7.10292781023675 6.78683423820916 7.44877246645676 7.40367395621099 7.27638974702975 7.15995083987317 6.95412074776199 7.01344179489411 7.52465832211677 7.42104172133579 7.20512069185047 7.13913460905281 6.90842673125528 7.08828595382869 7.54136799963649 7.28487258909425 7.24802388323571 6.83336455770213 6.88558434307585 6.8536727245695 7.48245091292537 7.55771442762473 7.55907005053632 6.88175140265856 6.79951605266716 6.91299287901867 7.45803741321189 7.634058967329 7.51963331928646 6.92478550317783 6.90823984258687 7.00978220920634 7.54195290401309 7.58086153292922 7.29913947857821 6.81048731133903 6.79691829208729 7.60155668289162 7.57934445933793 6.99222791030726 6.9785939774572 6.8215432460912 7.47274057137238 7.52319825522939 7.44826886025656 6.87458567369615 6.84022951177442 7.48595263903534 7.55571324698324 6.98580799678396 6.9201403580118 7.01581636148305 7.43205315797907 7.43802540694529 7.42555052318616 6.9448127146994 6.91960037736122 7.45517829098359 7.46854039298775 7.04850842249223 6.94633548963397 6.94970995234149 7.45088356295902 7.4679068978448 7.35863214300621 6.98392958299793 6.96937152755435 6.94713821288434 7.46244794544422 7.47324607820516 7.36027389634823 6.90188444619424 6.89517963206478 6.85126572724945 7.48213415285734 7.50423825463056 7.56651724592804 6.91389515622823 6.81798751187029 6.93722973944369 7.5009929983962 7.49859918352903 7.51440443234648 6.89494530684105 6.85492139690044 6.87099488664505 7.51427407211987 7.51696764787206 7.54990105792456 7.08742992579424 6.95622535037632 7.02846020188193 7.38724565758298 7.39208262844428 7.33196458369629
"ATH-aux-reg-DR5-ARF2-down" 7.38812338064949 7.38282590660722 7.48445683216169 7.46320332329138 7.43224416754679 7.40971284341498 7.4273359076662 7.39646359796018 7.41822722564687 7.43991294015974 7.3816863876788 7.44448747011044 7.41190314976769 7.44304919371965 7.50229496299436 7.35628393536555 7.41226505010143 7.39942450459664 7.42356885598717 7.33518330725731 7.59884372432975 7.3543748913927 7.3777435736868 7.42805567271792 7.29829239001171 7.53681068166498 7.48971877981977 7.30088892922103 7.32434099916748 7.56869930331314 7.44183112863197 7.48288553171311 7.46660629461028 7.41400530338208 7.19581119865769 7.5090668710174 7.60071318893448 7.63505490814434 7.59872721906538 7.217237463926 7.25202820065328 7.22173180727313 7.64200670347085 7.65067576169642 7.65224093215109 7.23476330974401 7.21978030806976 7.1602822631498 7.49047119831899 7.57414833380574 7.61036533923087 7.14912123252222 7.13402278741296 7.52039569427603 7.60378827425178 7.57977332766936 7.24729020377061 7.27122818703981 7.52274258240767 7.48195587187077 7.71858367672196 7.26083621198501 7.27683621452293 7.21089792827586 7.55214937294789 7.49893723645065 7.33013164020755 7.3093597765027 7.64657062707562 7.68570347353334 7.66895491933853 7.15699587330931 7.19661213859931 7.15064986248905 7.65546473832397 7.63420638779411 7.19776850513494 7.19128604072348 7.41766163684065 7.42810341444997 7.61865248226675 7.3017013165376 7.30336258424823 7.43214452232991 7.50615643424774 7.4663530797267 7.51560616894375 7.37823658163566 7.35937303470477 7.32409278063546 7.57898224536156 7.55567122510489 7.57542188080002 7.32940207385971 7.25648808974158 7.25216087552954 7.54359217657722 7.53666785345983 7.51465004362891 7.35570139432877 7.34154326069564 7.27384872293501 7.55991111842624 7.53987076313197 7.55093733900858 7.29889182744655 7.28919514017586 7.3200613951524 7.35154930675699 7.50991999225325 7.52900700726377 7.38464564236224 7.46573828274044 7.30506303805114
"ATH-aux-reg-DR5-ARF2-up" 7.12348060753519 7.11339541356387 7.09887757430664 7.16105567001101 7.20595972140425 7.20319140981219 7.11646507434839 7.08732657744445 7.05559855898029 7.24467103344324 7.24508169600822 7.18064896097859 7.0334167445451 7.09653090421882 7.08744786169118 7.25437967341944 7.28357402800411 7.23342536875506 7.14285598115871 7.11969719453281 6.96342229168062 7.27574844835425 7.27363282357291 7.20293847697169 7.10598074016582 7.0464934184506 7.06712843958841 7.39912697469856 7.26265441525522 7.1452216497679 7.11113117552917 7.01365416722767 7.10234364921506 7.30270843226311 7.30718033635508 7.16194732137633 6.89049388132291 6.84001402602109 6.89957902476039 7.41980929490802 7.42460016911329 7.46005203960174 6.84781792166561 6.82384395713678 6.87436556028286 7.40928668080283 7.47518924291643 7.50591805565253 6.96503528580685 6.92478444737804 6.97426022624843 7.53717224296893 7.48393358873289 7.15814199049975 6.87812989109371 6.87856854249316 7.44107381321429 7.40143462252877 6.94491753999797 6.97201276501392 6.88624714966073 7.39944794533421 7.4403854638799 7.39435365445715 6.93858022479306 6.9348683801686 7.38816835646867 7.35080969364988 6.86169087173469 6.84454194711393 6.87221769976589 7.46620721978855 7.4502834049839 7.49546064162609 6.87357849397344 6.87069856830257 7.45322731447188 7.40979727622019 7.05701528238404 6.98031695695614 6.93615468307584 7.33676075736341 7.42011247660089 7.26848141939182 7.08065321890943 7.1230647816143 7.01924423818384 7.21126923319246 7.26641908853642 7.23446914285787 7.00817191026412 7.01988472967067 6.96730331789854 7.26731162807671 7.3440751130008 7.33375426568404 6.94692815965934 6.92062398040826 7.02443089670114 7.36627147012564 7.30240864511676 7.35599797232658 7.03987408635419 7.05690024616765 6.97041531474679 7.33642443360488 7.2597374010319 7.27299139899343 7.19084337268045 7.07400498805625 7.00964461478135 7.22757364101044 7.22361438536404 7.20679746912728
"ATH-aux-reg-DR5-ARF3-down" 7.77697136790486 7.82640459993439 7.95452539093951 7.65015167127109 7.58310670115901 7.63880654941619 7.67520875606121 7.65888397908374 7.77581965171809 7.78629026260199 7.68359709168018 7.79276809501355 7.79475144132256 7.84588125218167 7.85441205006516 7.61824019969295 7.66511096164138 7.65225002187119 7.73194240746323 7.70739996387844 8.01326176378876 7.62280516952584 7.61572509736332 7.73178722807569 7.5513838007517 7.91778052119818 7.83033965581531 7.5762867086799 7.75295616587342 7.80668618490431 7.72233645511142 7.97660325995971 7.81453328118995 7.72196268418443 7.40404665326811 7.8343486202498 7.94169847837905 8.00634094385337 8.05770086605132 7.44972959431921 7.51458996856828 7.455474255624 8.04801048600879 7.98481522909126 8.03633229927224 7.42443629191568 7.58917384264477 7.42171067225062 7.83784559200629 8.025370518064 7.94460448369748 7.37950026295626 7.47863155828613 7.7412564301008 7.93933529397536 7.98503814971548 7.49207257745125 7.56652603533261 7.7944420420546 7.95445859802919 8.07642706609474 7.47919647357162 7.58949963211914 7.47901296482013 7.95910827314136 7.83672705456766 7.67425503750603 7.493072751114 8.07930918035468 8.0933418302388 8.07721393620988 7.40737668067952 7.44977761613301 7.35220795776866 8.02040523595529 8.07118916597314 7.41332463587672 7.45529607103827 7.71667988006297 7.78166330980886 8.10881961356866 7.49381763150715 7.57324152408951 7.73790754202683 7.83767343888017 7.60077163130115 7.77035680493548 7.71787490595595 7.75099105537058 7.74838784108765 7.88171409989857 7.71898341813597 7.87876524073506 7.62768734556572 7.66979782641641 7.63708990768508 7.83998108213558 8.01779095457657 7.82746345023886 7.61771460385594 7.67247076011259 7.46983656291238 7.88682285045537 7.70980193076551 7.89544521846184 7.70109773428682 7.54404505092474 7.68281110471276 7.7506037587955 7.83757575688483 7.81387998929862 7.63276470723339 7.77714646979931 7.60596561939934
"ATH-aux-reg-DR5-ARF3-up" 7.29647220683929 7.23479341793111 7.27920701525826 7.83199514834156 7.88650064384702 7.9094770817859 7.3372853890734 7.20246833533546 7.24244471909892 7.79919926314657 7.89955420520382 7.9473057514449 7.27229858037878 7.26368836378515 7.36157045047366 7.94887324649861 7.81998896462485 7.83958541346067 7.20184610050682 7.3420870157781 7.23048172179691 7.95450297348738 7.98678974795607 7.87079117953353 7.39708566477004 7.28090533999477 7.28227509633221 8.05039222533063 7.89620160222778 7.66025443236128 7.36308260499752 7.25293924046266 7.34690464126087 7.87774423273041 7.91479244273223 7.81033145609958 7.10395606678269 7.07924509355614 7.10815532765766 8.07564286332884 8.01868335568174 8.09552182082938 7.14785852459497 7.2574705789724 7.19421450858967 8.0451797949834 7.99887521595784 7.88749529560208 7.23189982981874 7.28979266447756 7.08652780516146 8.08605716960609 8.12875198549736 7.76707187424189 7.2204030959984 7.16406448075719 8.0114492719867 7.95598947045971 7.10649297761601 7.20413723649281 7.20106210840903 8.03428099538172 8.03568434703145 8.02697995224207 7.18469396182606 7.17240480372862 7.97312469271835 7.98912876304306 7.14268873124866 7.19741819641828 7.17321607977096 8.0416846923532 8.0272487648101 8.00260996818903 7.22441623779005 7.18161718039242 8.00586385335059 7.96367842609345 7.19929645028672 7.18199845855557 7.13136405509452 8.02638411375733 8.0287369261356 8.01317228637072 7.30822393151129 7.33664589115568 7.25499542223798 7.83394755794158 7.86056307229557 7.86960336797841 7.18330062142591 7.20694299125192 7.12355278374667 7.9090497999245 8.00101194424319 8.04852873956335 7.22634934453375 7.22944193778122 7.0540897200279 8.01423779253865 8.03528057282761 7.93515362779505 7.21695784335171 7.26617629302575 7.16016587173528 8.02593327379553 7.92049869285346 7.87557674440959 7.29170144585104 7.32093513033147 7.33219726163322 7.88427367062514 7.92829115052198 7.696587712617
"ATH-aux-reg-DR5-ARF5-1-down" 7.56860301867763 7.57915028387212 7.64053191509898 7.5692579569539 7.53431652004556 7.53867252755471 7.55500169867191 7.51596872904085 7.58814193872433 7.5239565756828 7.556217432481 7.5915211409563 7.51941061935999 7.60323687361689 7.61475438043234 7.51410314858589 7.58593891717685 7.49610263140507 7.52276064080994 7.49262888372884 7.62664988267069 7.53610438096876 7.57496254340829 7.5711658130623 7.43315982888007 7.64794846514676 7.59034931428759 7.47534470307383 7.54163879845464 7.61811098631128 7.50592839489317 7.60360871226786 7.52626691876233 7.58301231800389 7.47033450472935 7.64572819016023 7.73321775596815 7.79184422205175 7.74251735914039 7.34653450262803 7.3836450852992 7.37077082115804 7.78108474504272 7.69704910931856 7.77270127577116 7.38957566070671 7.38685815171256 7.35724939583128 7.55465542126383 7.69051266530389 7.7217432319679 7.35139953135783 7.39042523647003 7.5923887186314 7.74414910434497 7.7247883974356 7.36538081047458 7.42272659889725 7.58911160730135 7.62334601541846 7.7460461859206 7.43673831650576 7.48938231716648 7.3955722816318 7.66968309482134 7.63875596155423 7.46568782842392 7.45112223582672 7.81741474752606 7.78902994392411 7.81605386101096 7.28345138957757 7.3346924286621 7.26420546084768 7.79860883625201 7.78050719309938 7.32753750074311 7.3253475452919 7.55478771175492 7.53669505362646 7.69154966197502 7.46046855271106 7.44611440051751 7.6148080005909 7.61401407661493 7.54651814521822 7.63862666465003 7.55096258151997 7.53806398126894 7.51244181769809 7.70083579775906 7.6636915769791 7.71786387707 7.45276358198294 7.41354269181975 7.45146509147315 7.71644716805858 7.72474246662814 7.63933554137632 7.4548551339411 7.45706296938765 7.41895700475383 7.70497428865814 7.66301372622211 7.72957238444798 7.40943492652695 7.40666714804069 7.49528334305722 7.50256497577762 7.64633272587393 7.65545361586447 7.52599765510149 7.63581989580659 7.44100530061399
"ATH-aux-reg-DR5-ARF5-1-up" 6.83586839268459 6.80347892445473 6.79753883462421 6.97815036415554 7.04798853893247 7.02582961631273 6.80742920979467 6.85223065749978 6.78831838149737 6.99730884207153 7.05436279741217 6.99906380587605 6.76232105972821 6.77956292658595 6.80470997253547 7.14813526866603 7.08250859832047 6.99473335934732 6.80974134476424 6.86630603547329 6.71277321169556 7.07645627033901 7.08210435983366 7.02842155374066 6.89016769631525 6.74427384545587 6.77737826758277 7.19108678344354 7.0842867097139 6.92679297925494 6.85701061135498 6.73545366376514 6.81670185435892 7.09020797252874 7.08117327765515 6.9867969565609 6.64362868032663 6.65380465578888 6.68846928145258 7.19158172526493 7.128887053797 7.21510801448957 6.62420215043104 6.60107042317689 6.6252175143345 7.21994819619199 7.25012406961719 7.22993520736333 6.72224000012572 6.67070426557242 6.72205618388868 7.28055881781007 7.28552848331038 6.93924640464965 6.63800078936979 6.59002827788482 7.24215504725496 7.20580122849082 6.72204464870557 6.7312831374894 6.64592148964093 7.15677431670168 7.19520340166044 7.14514840451532 6.69762653536943 6.69011137232287 7.16957006774564 7.11270267863866 6.67525954863921 6.66233252431674 6.66823404755288 7.18836918634408 7.18651256668933 7.19741379838888 6.66349632561909 6.6409604349696 7.19769666590482 7.17231898259525 6.77120336269987 6.73778265852591 6.6689627319216 7.12663992146396 7.176283302875 7.09621104835935 6.78947332268516 6.80153632896185 6.77264031391214 7.04838108907642 7.0484992198235 7.05099682373362 6.72166847615298 6.71278803739254 6.70209902540346 7.0835630283918 7.11443452914631 7.1790703901714 6.70884518560501 6.6570618642231 6.72534965919565 7.13210699575851 7.16961961509115 7.10933373967733 6.74158987870904 6.73678078029368 6.70684851298457 7.12875326704029 7.09540122504725 7.10378711584576 6.8946473569634 6.80469035574584 6.76912058493502 7.01906570745193 6.99972698851423 7.01524951587858
"ATH-aux-reg-DR5-ARF5-2-down" 7.18169835168237 7.2403974994615 7.41283355647581 7.34126256299221 7.32040953781023 7.28927299141167 7.2023174564773 7.17382084456266 7.19989423445136 7.34234126089979 7.33365621053668 7.42070780750811 7.22332374306495 7.30596942384147 7.41987266760756 7.23013026967883 7.35598724462813 7.14575282495859 7.31487814763696 7.27072270020437 7.56866050205722 7.15223725694899 7.17161232002748 7.17936894420063 7.06591826353996 7.42497336483566 7.24897822870611 7.18724961168768 7.31580996039448 7.42647256565753 7.26246014035887 7.41169640050375 7.29152360719109 7.28108629175453 7.05148089081389 7.40873178841395 7.45667252350516 7.58635689952334 7.62305297186203 7.01882531467401 7.07122408043355 6.99526322854556 7.52904950748543 7.62264428506329 7.49676586816496 7.09224548290497 7.14484894043931 6.91867270432417 7.26433133643195 7.43767256476676 7.4931710795787 6.93418800645357 7.08321738231522 7.42825199355408 7.46988483541566 7.4373399931745 7.09313285363249 7.19280995677166 7.2932654103438 7.26244095177136 7.62051822278575 7.10944523303578 7.23352603482727 7.0820330359696 7.47442582885777 7.397852910158 7.16832287967081 7.11441431071823 7.5461086567249 7.66535531672834 7.54811667116077 7.03925514837536 7.01199727800135 6.96992566037442 7.58956272534301 7.59263380610262 6.99130395603542 7.01430144528057 7.20765744153451 7.19899549966198 7.53274791647967 7.12652741267942 7.19396090984451 7.37773583614747 7.39248880310727 7.19169050533634 7.39170002050072 7.30222060250211 7.23622764491458 7.24927519187695 7.45131886379075 7.3077594115948 7.45401477861838 7.18310479104882 7.18489818033922 7.17287867233713 7.39907117488214 7.44675598035067 7.28566562919941 7.28953876508694 7.23477873125812 7.10218080175391 7.35436220750063 7.21201324943363 7.36899944172703 7.26678708291498 7.19710721953017 7.38536229978428 7.11993341181209 7.25024203614228 7.34068389455792 7.28275911292721 7.52279665960696 7.21531929189306
"ATH-aux-reg-DR5-ARF5-2-up" 6.90060980747415 6.81910792643319 6.87271887859814 7.06042390327712 7.09152630849831 7.11148632009127 6.87126342053909 6.86530908412848 6.84725139423827 7.04498231990011 7.15440984596196 7.09092103000865 6.68427278342178 6.76415822390635 6.86637215648777 7.25650492300243 7.26905545665747 7.07792940250092 6.79115221670144 6.84571670121592 6.73424732373645 7.25524943818157 7.22153203503588 7.08481730688174 6.70704008374591 6.73294682434116 6.78359928080975 7.38538819540143 7.1966600074912 7.14628758146276 6.88348393460888 6.74706116902814 6.83658229417031 7.22498470576316 7.15890179741342 7.06727309836273 6.60376512783989 6.59647747662548 6.55688291728599 7.34140874061505 7.3533439318337 7.42496580172582 6.63545247018402 6.55742772003375 6.64532029694616 7.36107455953386 7.37063711308525 7.3109079351261 6.68297199987663 6.67468462040069 6.69922167353299 7.46949745607212 7.43767135115991 7.01056452853792 6.65404927754404 6.52063146809154 7.43246594465454 7.31032800330699 6.62663597354234 6.69287692829983 6.62485629474377 7.33586325687279 7.34729176461743 7.34286357459391 6.68475023453727 6.6781877247048 7.28607251750543 7.26578180846279 6.65129232433785 6.58448974760477 6.63920774058792 7.36635740909505 7.35366672756016 7.30942468249982 6.6671279729154 6.59344752841451 7.37361673202453 7.29462351258015 6.71041475639275 6.71343531468301 6.68050888687299 7.29658588713017 7.27331715325901 7.2600121968589 6.80849826119368 6.8602032031754 6.75368727085605 7.1496086784154 7.15825395602847 7.14652327734303 6.73605562140322 6.75930844243302 6.693686186932 7.15762454868165 7.27835960440641 7.25913502741625 6.7459941530725 6.67496380682915 6.66453920150839 7.24607773630236 7.27162914790214 7.28968851962833 6.80213549583625 6.80983981340054 6.71745026174863 7.25760977203794 7.15776204939091 7.1357053929735 6.89526912859436 6.82117596800048 6.77870714021117 7.15316364708983 7.11353981304228 7.11576177975809
"ATH-aux-reg-DR5-ARF6-down" 7.26148343449871 7.27237080066635 7.2938075207596 7.14998515027885 7.13098723028461 7.12528432173274 7.29465109293056 7.27971257738263 7.24759953364691 7.10833695942872 7.13666892273201 7.13716601915969 7.25462537697001 7.25068837787393 7.21928245458335 7.08023759989844 7.1635898438269 7.22181900264988 7.22769424683253 7.09419129289052 7.40735342241519 7.12376270938299 7.12927795067694 7.21528191699405 7.07495552440383 7.30261286970922 7.26534744900295 7.05889221887863 7.12258082345116 7.3517915093889 7.2366631754927 7.22737636010671 7.20472975994063 7.21758521921373 7.04833484297 7.25860489634493 7.40467322810091 7.4038020688522 7.36786586245659 6.97585701936307 7.04095126453529 7.00020680870163 7.3864443772143 7.37846642902843 7.43598617547049 6.99524557001109 7.01418593682532 6.99447857392652 7.26223700678547 7.33971645510646 7.41491176132917 6.94132814905839 6.97519971602285 7.23663449262368 7.38617328299183 7.34786943447492 7.01493617337611 7.06057230320016 7.28869401876568 7.28409369430459 7.45575037193529 7.05018985406188 7.05080103031972 7.02608721634256 7.35401835466164 7.29097277353712 7.05302424097798 7.09819685800865 7.39794761902198 7.39912409647396 7.43474470449119 6.95573060940406 6.99186701796219 6.95994227850375 7.40591025935289 7.38790872446171 6.98316845132787 7.00401077483776 7.20768459551068 7.27416741805606 7.35868733273797 7.08778275474295 7.07161825889307 7.18503365290143 7.23423813762784 7.28970198318663 7.25832394720989 7.14994196993284 7.14021349896725 7.16310968162027 7.31725508564828 7.35648695688536 7.32350808841916 7.07442195310103 7.04955664411913 7.1164888625905 7.34081839185667 7.37594691833749 7.42288350155981 7.04909693765194 7.00548352459043 7.04754528319278 7.33020239212374 7.34932270852273 7.32503512231089 7.10546420841083 7.06540134202877 7.07956909611571 7.19299828186485 7.32519868308508 7.27907553094624 7.1455458941634 7.13607536913993 7.15342172775844
"ATH-aux-reg-DR5-ARF6-up" 7.32558421649828 7.3172754633794 7.27818391527454 7.51296635907907 7.53106899074226 7.54989557285353 7.34390342005089 7.31779911435954 7.29934924744891 7.53546913483639 7.56513710829891 7.48120346341521 7.27983390542041 7.29004939059855 7.30399741088448 7.64425136572223 7.62914883925733 7.42485576950665 7.31224524562613 7.30621928017833 7.1792430334199 7.62797680428242 7.62426329429589 7.54971418515426 7.35215361911318 7.23521026401004 7.21246537970156 7.70049839635014 7.66593443732022 7.44109188877837 7.27830778478905 7.25311799011335 7.259204994517 7.59911903865738 7.68850083004539 7.50238857220939 7.11812067711054 7.122168750533 7.10539672516751 7.73409904903218 7.71699702183589 7.74909655490672 7.12206139701454 7.11563736332748 7.15760475717293 7.6989967255329 7.68593977441902 7.76183953010276 7.20925058817823 7.15000370851757 7.1447901660248 7.81153380186473 7.79915975847962 7.5063942242305 7.16318142964609 7.10853224743401 7.72556145906076 7.68685952864838 7.18630519092557 7.19741043753821 7.12073363939673 7.68564466124901 7.72604770813038 7.70690593057093 7.13477594471277 7.16223051100123 7.69737825643267 7.69391234504406 7.14995429335798 7.13408869840888 7.15741022070269 7.72306395383183 7.71103274380105 7.69706504307131 7.16406479672705 7.12014049729836 7.7187853961853 7.68379311091695 7.24807596572542 7.24809245451404 7.11086189549075 7.67836014722112 7.69422273304978 7.62080393231195 7.28850370515317 7.29653959361297 7.23941909506025 7.53963524297654 7.58201447214593 7.60197365963298 7.22402952417678 7.25643926772762 7.19230655495971 7.58301103235376 7.64008295504643 7.65473464615549 7.17562751812739 7.14004796479426 7.21850622668503 7.67930100015696 7.65912619548122 7.66239035819024 7.2329083925944 7.21932318942606 7.17200284337245 7.65584004932842 7.64238558046372 7.62158469245966 7.31073130463849 7.23778894470513 7.26211089019006 7.57445167037178 7.57579974345943 7.56917290233871
"ATH-aux-reg-DR5-ARF8-down" 7.01317937384805 7.05505258936101 7.15816848999099 7.0828426652122 7.06509338973242 7.07260091335959 7.07243407900464 7.08008461103308 7.14676971259578 7.03122437754489 7.01141932301156 7.01589157398099 7.05090761406157 7.1211136698137 7.11446373403238 6.96804113403703 7.04486947906822 7.05953975461927 7.08849546638146 7.02215918647115 7.29346761276205 6.94338072553138 6.99300856630752 6.98534514127362 6.95956554818495 7.16794437748137 7.1007617382794 6.92788489956199 7.01086119494743 7.17400303115616 7.10660784604446 7.13854731289632 7.07889897572808 7.01783099051982 6.94381901317911 7.06973983160514 7.20069194553163 7.25596228261884 7.23751811722933 6.81561874860565 6.92409383275679 6.95075294071936 7.24834568872153 7.25978808934284 7.22702492734424 6.94978228622238 6.91816237276858 6.80944410120016 7.083209682871 7.18871888385734 7.23789545902873 6.81928750801311 6.84916297353008 7.1433466532808 7.20903343292944 7.22528596304964 6.85910759433265 6.98024967881609 7.11182734434764 7.12401706517807 7.3122050826666 6.88870515363457 6.96067487980297 6.90399541334766 7.24765514493358 7.17114416716774 6.91282640631294 6.92340545894282 7.25271390809099 7.29999454538682 7.23906395268781 6.85751687194738 6.86556422998445 6.83994240276397 7.27403174203252 7.27853796714671 6.82448043852023 6.87595974552888 7.06401081694101 7.05364180726507 7.27290515070167 6.92669452089599 6.97684724283805 7.01596885619008 7.15260213545818 6.93967267373426 7.11985014886752 7.10135332439338 7.05900015173436 7.05894427192974 7.22210083592368 7.07260950157055 7.19676175682933 7.00982271998649 6.93946604401538 6.98986881601528 7.13083025074705 7.26226818026513 7.14343630300785 7.01325258636104 6.99319135769782 6.90688010622759 7.19991739969814 7.04853866561922 7.17217547669672 6.98778247817085 6.9619308543246 7.07569079824103 7.00308385832032 7.1222913222925 7.14559034358916 7.0294567392288 7.15888039105155 6.99103451496793
"ATH-aux-reg-DR5-ARF8-up" 7.26889745865528 7.22090645295231 7.24192198546861 7.38881376263146 7.41503528759037 7.46105932337846 7.1860418382674 7.24683120002316 7.20608974620091 7.45512845673134 7.48060712190546 7.43374211417554 7.16609100918814 7.1823309094469 7.23799389103762 7.53582571531217 7.55317736422823 7.40399905602525 7.20873517695432 7.20720929356984 7.1406639467496 7.54236962083446 7.54665166943315 7.44270369431797 7.19399724414466 7.1813644340278 7.21984031871104 7.63354475225357 7.51904758482967 7.3689461031185 7.2250854518076 7.11024882129486 7.24256369935805 7.57743220263466 7.45768902008969 7.44822091187336 7.01040860059658 6.98126268708297 7.07037339593195 7.62928346070894 7.65464161032328 7.67751786823828 6.9997551335676 6.94853552020446 6.98244361519132 7.64978435206204 7.74822932066814 7.70985419389718 7.1200654230541 7.04691849724026 7.138812833631 7.74544733966993 7.70215458411896 7.36536546183422 7.02144465672093 6.98779152005268 7.69088569535018 7.64899862857231 7.10238855591045 7.10467625391877 7.03204626186332 7.61709979902633 7.62749210562853 7.63413971631822 7.0845727253112 7.05894247122403 7.63582564404145 7.55813804977958 7.06753402184669 7.01582847118865 7.02884918933204 7.64086855775403 7.63467774847931 7.66503485451593 7.07283319376317 7.04827666870647 7.63201569181663 7.6057682274847 7.13148609150653 7.10199617830153 7.0648503292794 7.62742006682107 7.63099315683132 7.53256544577324 7.19708369626086 7.19976649392928 7.1700858894044 7.48254993722155 7.48689172287424 7.49271088517479 7.10460805531812 7.09577673558379 7.10939966732933 7.54964936748929 7.59064070995379 7.58444571308916 7.10004529575333 7.10449829034848 7.07876030108725 7.58743311846989 7.60708106770107 7.53725701746371 7.15716484009818 7.17147607384436 7.14740024722721 7.58058482781252 7.51964722703292 7.4518293991842 7.31048130183779 7.16542720556501 7.14019949518535 7.45116877187388 7.44834440021758 7.49659159598694
"ATH-aux-reg-DR5-TGTCNN-down" 7.78901332226641 7.79589157692067 7.80787461819088 7.86026174286945 7.79533048357164 7.78332643551883 7.8837172825488 7.85271126545622 7.90063040023444 7.71339288307766 7.6750748889512 7.72166809241809 7.81915266165302 7.86231292803164 7.7748758007163 7.69166611295282 7.81329461572106 7.78220193954211 7.82999354322575 7.62775051409253 7.9320868850374 7.72986144588519 7.77496421567354 7.81902766830691 7.67425372013756 7.91863606455718 7.83126255417114 7.65202227915959 7.77149329014767 7.8679069620008 7.8382377460753 7.8503584448592 7.75627732706961 7.82294153554437 7.60404495309194 7.84673288927669 7.99054098633466 7.99418122714657 7.95440104154938 7.54091017031933 7.6678303174059 7.60087293262237 7.96091723632499 8.01824719963207 7.9973369927387 7.63238282161315 7.62413950601233 7.54690527856148 7.87489212871023 7.9623817413258 7.95939859990825 7.51370558382801 7.58331292019876 7.80285436257491 7.93471890328904 7.94680046257999 7.64885634650854 7.66770153281026 7.88323593523222 7.89687422038331 8.06592529882833 7.59723196538204 7.61314216867142 7.63288899784451 7.95560102768012 7.84779414887673 7.6798530152096 7.65825018061423 7.98649274871562 8.0403739103389 8.00846270834395 7.53195166184204 7.60125376598297 7.54408066469186 7.97735852759636 7.9981878163968 7.59644790703016 7.60462150628972 7.80196588563204 7.89790277341441 7.93673748796451 7.65914339294039 7.67025166849102 7.73316328281318 7.80358963323351 7.78994642301801 7.80306682378031 7.82622736906629 7.83506692573214 7.73306131062692 7.9178138026566 7.88275045905141 7.88862973439684 7.6814172414765 7.64679048144308 7.77336996554323 7.92783047484529 8.03862366667566 7.92406626788406 7.63835013657515 7.63366230956503 7.64681174044364 7.91075860426212 7.87479229620884 7.87431864421923 7.68876523366557 7.68403011606266 7.76263900791114 7.77510377858678 7.89615889397146 7.87011614953339 7.76746664343358 7.76382962811157 7.73820937231437
"ATH-aux-reg-DR5-TGTCNN-up" 6.68651961299098 6.65961909973239 6.69125856585978 6.99170612108925 7.01524421473522 7.04626826737115 6.67928753912766 6.71026346784221 6.61878801317318 7.02525771511614 7.07105462341248 6.9771922197636 6.5733427362114 6.62482045579574 6.66186330437048 7.20287229957285 7.15502276262843 6.92210949745593 6.69749904233686 6.63067318795442 6.47537270143381 7.15432291814645 7.13628901118909 7.03541622026835 6.677672641756 6.59664560847666 6.57377259961702 7.22754543793624 7.15758447633887 6.95990030275073 6.66356154901541 6.5805141776931 6.64010662020603 7.14845892804442 7.08673427919116 7.00300095506642 6.45321913883832 6.4998215829828 6.46605132663187 7.14680552327327 7.25584974365485 7.26851793187081 6.42454850567381 6.40002500903802 6.49443094313053 7.23017109395598 7.2822839497134 7.27562840489659 6.53344508505271 6.43874804389207 6.55558498378136 7.38065302907328 7.35953662434748 6.91780884816232 6.48038978598899 6.39765288107591 7.2951193408685 7.21495175398764 6.531551375215 6.49825996803772 6.46533920899335 7.20017089127417 7.21590309061033 7.2494078962204 6.52795100869856 6.52048365287814 7.16047333812364 7.1636094865194 6.51047677117963 6.49781978282128 6.53154034989242 7.18460179544109 7.20644120266059 7.18087762658138 6.55018511022827 6.48262684153514 7.1925037005216 7.1494321918136 6.59175906248506 6.558667324617 6.44651808168789 7.19444242282663 7.20398265038488 7.12985884893331 6.62358852058336 6.56867474072257 6.55455240935488 7.1159565731497 7.11938167703013 7.15024276841744 6.53395627535066 6.50868335188389 6.50186554904314 7.17278912364059 7.17137621260496 7.23898165015724 6.50777627095038 6.40545481519131 6.60587745917321 7.2082292459471 7.21713454277545 7.14900329189228 6.63951780120256 6.58821287804074 6.60337779201954 7.08271272835287 7.08326627809065 7.11285066283869 6.66497692461512 6.58832811083057 6.64250001934281 7.07388031387203 7.08983713319865 7.03561480959142
"ATH-aux-reg-IR8-ARF1-down" 7.67234458861993 7.69240991385926 7.6800954089112 8.14307704635671 7.95881275654839 8.05366912459166 7.93667464773395 7.88219177336929 7.96653333317377 7.81824595902051 7.77561907599585 7.75128162121365 7.87863563096753 7.93868096700701 7.84793865795637 7.77539152094455 7.80726730545304 7.90613551554189 7.89497962990818 7.87223293546833 7.84935822026324 7.78161049585019 7.86443402849623 7.91249179795917 7.81939716727645 7.99109469475459 7.94128311821802 7.74034214737991 7.95547805738573 7.72125249874233 7.93277001926998 7.90201519175427 7.90861189805227 7.72790095648475 7.92451188071461 7.80749961247421 8.10644044202291 8.11099023399735 7.89026467798035 7.74023956772741 7.65677184754147 7.63612495682128 8.03839449229423 8.00583896243673 8.14286986470001 7.7215905331748 7.55945282513499 7.72314708018827 7.93568597046465 8.12968774043982 7.79090949219405 7.69897141332622 7.69768775245509 7.91851595185756 8.04893254776811 7.96641227542268 7.6814962719804 7.73265089308789 8.0368575403099 8.0354436620291 7.87041164476649 7.7467094548975 7.70780575244292 7.76534445825272 8.0787518746767 7.89787628736625 7.81540526266895 7.64225246243918 8.14480590580967 8.16732753207025 8.20182872103129 7.47888586391732 7.52543688842569 7.54579591112415 8.11872384215042 8.11402880980749 7.53712108229444 7.60788246425746 7.90116323384073 8.08948263899324 7.91455340407456 7.74768388179962 7.6819585575016 7.83279002095364 7.8398444624107 7.8463476022963 7.88401041238986 7.88821190576173 7.90061783548972 7.81031873015236 7.9085394774615 7.86070196784306 7.91943690640911 7.80474418449741 7.7936591651234 7.87751851740936 7.92523288172089 8.06642793593757 7.91656195973395 7.74681375917721 7.74883037690498 7.75984947080253 7.93800525172614 7.89113895313247 7.98751856435411 7.78987866359863 7.74825615340152 7.81489415589177 8.019799460675 7.924167983987 7.88372868202125 7.84171250709458 7.86145484208328 7.59235595657529
"ATH-aux-reg-IR8-ARF1-up" 6.46138677013504 6.29379502154787 6.43635205243313 6.66748620420489 6.70993049957644 6.76688518957882 6.35268420653485 6.30348363943381 6.4322637852114 6.75157106033219 6.73444644941387 6.74194521835154 6.29977389400487 6.33576168534367 6.34022517148806 6.6902948398521 6.86659690241638 6.8783355787063 6.43909539675966 6.58013838192305 6.41456344666051 6.56902771704751 6.64786045684005 6.71001559044155 6.35203892565988 6.34346021582582 6.22823355585482 6.84652028179345 6.81327711218067 6.85910090790407 6.6892390848369 6.51799318921 6.41153901726666 6.57365522667355 6.51008835959371 6.61610834819698 6.17531862263911 6.37512363945657 6.24710005419408 6.83266682324723 6.82487534928219 6.95450617547055 6.39455513022689 6.35619345355295 6.33345483914233 6.69325008992602 6.93000842176253 6.74109414901797 6.21890750115571 6.45388858378334 6.31848549348984 7.14032913988063 6.61364987498072 6.67773183434866 6.42834664248055 6.29216535947174 6.93682567369021 6.63476186834788 6.2606538718599 6.28636611606425 6.32996171591298 6.97551198292628 6.90042213440538 6.72996078765252 6.24345083945239 6.46924610125926 6.59975202843805 6.94666959915484 6.51573081220348 6.47698260607291 6.45286728853669 6.67501145482864 6.72623801510899 6.62290099026445 6.52859795551389 6.39638929165896 6.66442022682542 6.67989374992386 6.29359853330985 6.4136401479053 6.37396677030283 6.70653805076038 6.9007780055138 6.76386651549489 6.44601053240111 6.33484085205351 6.30917516795759 6.80403761473904 6.80448708517553 6.7100225554746 6.36872034240948 6.24904276594049 6.20727798729024 6.82359631722762 6.87979914734772 6.87471831598468 6.23424736331137 6.07209027595904 6.44401356119188 6.89353092885409 6.87530481440333 6.86298038708875 6.64934043964012 6.49161721814873 6.50848261086518 6.65095372192649 6.51395415495938 6.57922977869223 6.47438977169247 6.44821479525474 6.36265436112868 6.60341996891569 6.77882526680262 6.73602890147685
"ATH-aux-reg-IR8-ARF2-down" 7.70355255142884 7.71270325499368 7.77661124713979 7.78734391420597 7.67760614793478 7.74413393418476 7.9220263840946 7.80717460971792 7.85231433176422 7.61549318134921 7.6077786409531 7.56953021489668 7.81455913752967 7.87435019562057 7.71428168531817 7.64835892640263 7.69337693066371 7.66020459051311 7.86397063591322 7.79218407782239 7.84612171063878 7.58425527842592 7.54977606281346 7.73924830899044 7.76874444397259 7.81299821019265 7.86834749241917 7.5956447000496 7.60142512128913 7.72589413114856 7.83304087145322 7.73728841755545 7.83366842439628 7.61642258394985 7.63381837078584 7.74294591102502 8.09804086402848 8.07651238078693 7.94578918918905 7.45719898605519 7.48337622655615 7.33081377047575 7.99517439974059 7.86376872439402 7.94686548401254 7.52249034312148 7.5310323278601 7.5564494218716 7.86127608498784 7.97912206829374 7.90314013564139 7.47962429113822 7.42491028052616 7.70000334855573 7.9382303204632 7.83934838984226 7.59224279091936 7.55415981608637 7.95242464585822 7.85481677923608 7.97859592102649 7.50280087855297 7.52020773685655 7.49332810446656 7.94869742325238 7.93604668399338 7.49331825434237 7.53945538073863 8.09309668936958 8.05000115159841 8.04287891699763 7.33418146441887 7.4063012500089 7.29907919348678 8.06332757025229 7.99603591279434 7.40105383109647 7.39141779971621 7.95384814841974 7.93263870655143 7.87825372294081 7.53077224787548 7.42709213003466 7.62790584607723 7.80799733863274 7.81108875474259 7.87505401173425 7.66893971108704 7.62273015490555 7.62902706382646 7.85657841697221 7.86526445153421 7.93348770383509 7.63461837865198 7.54116542395585 7.58185312561049 7.95722761462395 8.01191763212128 7.86568696896709 7.580012057627 7.54405460972044 7.45894709712188 7.88800040516796 7.89366224859492 7.92343835146795 7.51760221845842 7.60201661428758 7.59956795925961 7.85601919483601 7.83896996636088 7.83223869501314 7.56744051891657 7.50238746759808 7.80057892263069
"ATH-aux-reg-IR8-ARF2-up" 6.9721336660939 6.93261152168328 6.9435439734468 7.36771326189164 7.40057756902557 7.35189346442021 6.97352339640236 6.98553587485034 6.98938800219343 7.33239065737277 7.31641110125429 7.34086357259459 6.82356169019519 6.9001778718317 6.97786650255406 7.47858391401613 7.42284914491496 7.37863644300399 6.90524439050168 6.93484926416425 6.91175864947146 7.45831517527322 7.44215786569858 7.32242242197393 6.97569104026568 6.8869359912634 6.84920221404565 7.53915063138295 7.46779065593033 7.33239817248334 7.00393011886919 6.98121950303416 6.98392006344739 7.36200640578723 7.37390611342514 7.25295442113244 6.76455841166002 6.66994524244509 6.69093503215692 7.64391300420609 7.60841640204928 7.58446060593847 6.66722084444697 6.69306081399758 6.73818282512786 7.61803366117893 7.62864970437712 7.65317427375206 6.79327537617426 6.80806640746731 6.85882275462288 7.63297575142809 7.63755537871014 7.3069563902863 6.65523824270502 6.74786930297368 7.60909118792735 7.63075411332029 6.79423454576366 6.78401253747921 6.80646051985957 7.48301525996053 7.58948841494227 7.56694862514829 6.81371011048758 6.84775578448086 7.45870041229054 7.50225556821194 6.69974292712616 6.73001246815089 6.74994278943018 7.63787171834272 7.61778440889875 7.6087745504775 6.71325235608155 6.75198536951361 7.61923174532019 7.57549608415962 6.95131410887813 6.86280652301629 6.78583809854025 7.48865700364233 7.42967909421291 7.47385721658768 6.83927334713292 6.90393993506094 6.78393939237783 7.48670796826681 7.46544715830958 7.46461160074203 6.75944693810815 6.80149303345469 6.74587121211161 7.52761820367694 7.55746516367646 7.55555351170961 6.75138924151326 6.78252993201206 6.73641166194169 7.58294834855109 7.53390250517088 7.5686792138855 6.8521434843974 6.90204260066828 6.80792457270995 7.51921808202077 7.42438156064087 7.43256304087437 6.94697423663948 6.8715680259776 6.85777909349214 7.42223592409762 7.43026088284237 7.40658441369431
"ATH-aux-reg-IR8-ARF3-down" 7.98801999287586 7.97930659554036 8.16231759029032 7.93982671578407 7.87161486602324 7.83082707249328 8.14346941210749 7.98917813448221 8.15079935410199 7.86475811897154 7.86135277842483 7.75832368873475 8.07443159783939 8.04075889810167 7.80350864006747 7.9231060001125 7.9573645689666 7.93046570288171 7.89015205605552 7.90356264905229 7.98806243019027 7.96649365129165 7.91033647654728 8.07013873241405 7.86551146789695 8.14566521623282 7.92850791130576 7.76495877293738 8.0674327742199 7.97434083834361 7.98744220059021 7.94108850693409 7.9220593365843 7.95183713331795 7.94473782138963 7.99033547778212 8.16066934888051 8.11727848169479 8.19445377950774 7.75266915196702 7.87535528150095 7.68907827188004 8.1256886816876 7.88222652329883 8.03804766259862 7.85674138822591 7.87660928094358 8.00254084482851 7.9277657800495 8.15719319779377 8.05806137041195 7.7721034587835 7.91761571423307 7.89709829758989 7.92524498246655 7.80313381983034 8.0030560622166 8.10984230932511 7.92935202973725 8.06223482892534 8.03661649913317 7.78416085431704 7.79847970352727 8.09724139675476 8.06748113087111 8.19721094654588 7.76034516836251 7.83835665179927 8.06645785656075 7.93637422230941 8.01922397723601 7.90042614903876 7.88610172916632 7.95081003482398 7.98723158519661 7.9144720383474 8.02615774293167 7.90493987743802 7.93545444424523 7.99772564450941 7.86124617975237 7.9818967151956 7.94579724510848 7.99605180036591 7.75411197626483 7.97982148340401 7.97643969656603 8.10286375793399 7.99744490888342 8.01651123507478 7.89380789272721 8.03909989214186 8.06605979174237 7.88094007134763 7.96626790348127 7.96263764923702 7.96962628945384 8.31481377545188 8.12918259986935 7.85949370010191 7.84361108257718 7.67502320098066 7.96430991025141 8.09403639026623 8.07055763604962 7.88841504696041 7.84299281882066 7.9466884782333 8.14292101822182 8.0520340820229 8.03761645336191 7.82952896918582 7.84160083259152 7.89982343790359
"ATH-aux-reg-IR8-ARF3-up" 6.32526572810722 6.20335366978176 6.27637736346107 7.07395064324616 7.17311447059043 7.15137031757974 6.41947282728448 6.46004794126221 6.45704188298835 6.96369649219924 6.8822859003491 6.93674368137816 6.16010323069891 6.43174789914181 6.39400034331252 7.11798123624383 7.17812869575122 6.92940515910628 6.43167747010428 6.34480459252423 6.1472012695517 7.14684694493926 7.16042525418075 7.01011654429403 6.27166437286003 6.34978568702574 6.30274351432971 7.21768923284671 7.12208543525613 7.00376729608933 6.45553136254191 6.35901800169013 6.35110453807594 7.19120986245036 6.92322919666565 6.90694434731255 6.10972288828848 6.17601481713876 6.2465834821897 7.2218456275795 7.16845441490039 7.24024755672082 6.09616462220655 6.25057425545053 6.34191654600339 7.05911629275915 7.28288619570306 7.14979068278271 6.14360679006199 6.19289839899805 6.45291712315831 7.32680626945214 7.24014209738907 6.88440783686315 6.33492015863814 6.10671070829656 7.25325161104769 7.09566152319116 6.25288293484617 6.22053230751135 6.30058133078087 7.16332853233973 7.10647470240523 7.18414399124135 6.23888455306677 6.28521428505807 7.02033740658024 7.20528710708183 6.2491034613687 6.34508473086755 6.40268903368651 7.04938049818358 7.08574742252956 7.03184530830409 6.41179087176665 6.23834763261952 7.06545232296247 7.0687725596022 6.32021399968107 6.26485018598673 6.29212550322842 7.14552196561788 7.14029185267794 7.04792304443512 6.27125426336153 6.23851704561488 6.22016466951839 7.23777721799937 7.13627326244569 7.08091332695225 6.22227697727682 6.15601305228447 6.1240204787649 7.23166066602227 7.22488529132857 7.22085984498508 6.10902899688862 6.04835385319117 6.29155557003463 7.31985349748559 7.14663426158649 7.24037291404836 6.35704690109047 6.3478606561343 6.31114141127552 7.07701729827919 6.983958782604 7.08480266760368 6.36378956933488 6.32781211126591 6.26956072517559 6.99479537060535 7.10423605545218 7.09529635393727
"ATH-aux-reg-IR8-ARF5-1-down" 7.29040279742215 7.32507632665674 7.38530563222205 7.40124468606976 7.35170675924906 7.39640548360465 7.41687080560553 7.34957296301032 7.42105798970102 7.28931742863015 7.28944854024363 7.39201122065903 7.52857909455128 7.39653189064767 7.46041186859696 7.22440432085902 7.24222278542381 7.34716031229986 7.46255287232413 7.31747973484115 7.54214069460219 7.24942365884564 7.25686656707525 7.39582856184943 7.44560623908477 7.45156006226749 7.44947278945705 7.15701864562996 7.3143875978968 7.37866134690871 7.46273820868686 7.44249454067057 7.43626719770978 7.25064802084889 7.25858971418285 7.39375862886338 7.64890535834311 7.63980371712012 7.59539943481863 7.1562562500607 7.14449705472254 7.00420359369255 7.66388444647335 7.5907909524554 7.65671839456137 7.12481540788551 7.1008488895745 7.09848571997192 7.56877729755799 7.65021193093791 7.4708798589518 7.04076608423571 7.02589329940829 7.45177371015724 7.60623097424609 7.58513829870027 7.13397041881811 7.14338110307267 7.56619518098819 7.44086746293053 7.69108325697009 7.21159176094121 7.16908847140604 7.10669993935441 7.55916448554485 7.51003978521002 7.20051242595638 7.21832072095021 7.69157080538275 7.66852152153909 7.6832471559886 7.03652138545749 7.03338736420083 7.03720803374535 7.69149930472041 7.69375335839613 7.05960591930248 6.9849520907398 7.48428267750065 7.43993721961098 7.54161006140875 7.20971591100874 7.18554882004936 7.36272549101135 7.42261629830275 7.49791764840927 7.48233829958781 7.22099855512579 7.26216218335413 7.28930689841561 7.50040119224534 7.56706663843249 7.52400954045115 7.20919781666617 7.16510734943974 7.20837042226542 7.5883584923197 7.65888308038314 7.47901013023214 7.16510650149571 7.16670178109721 7.13186474778318 7.48771607555414 7.54462373871757 7.50803349888669 7.20282535191044 7.23177915699563 7.20640619087427 7.34653186405921 7.4704513250299 7.42428798752347 7.24773646022546 7.29371771389366 7.34513351487496
"ATH-aux-reg-IR8-ARF5-1-up" 6.84676042749374 6.8052722400686 6.75957321630019 7.14152390831707 7.16305343230208 7.14387062054047 6.75853263410032 6.735937449576 6.7861793248522 7.12595402559871 7.23451640714386 7.18190560522164 6.63605908581041 6.70643538237045 6.78811528506918 7.25198723036659 7.28677319083193 7.21148738733686 6.69401961044154 6.71495470886065 6.65676299943484 7.33844451071304 7.28612556708615 7.20807311525501 6.75798448286628 6.7043030349837 6.67031476614248 7.33053893385366 7.28402976724595 7.16787722076291 6.80269398508006 6.68527983241307 6.7529453887045 7.25735054589705 7.20627206046461 7.16005365079728 6.56005635647426 6.51316303019591 6.57213041515107 7.41242971626971 7.39082715738824 7.41364573106656 6.54841992418231 6.54611838829195 6.59130298352912 7.35417643316764 7.43770073160392 7.42262600871424 6.58021409275127 6.61529888152754 6.6880362206618 7.46876692921414 7.4323090701491 7.14203259906809 6.56191222929589 6.50928193272169 7.46563556926978 7.37129034340092 6.59236870354981 6.59567004747952 6.60442759164314 7.33931536985815 7.4068513131266 7.39355584774426 6.60572995347912 6.66117786219236 7.2842164754111 7.34034931609745 6.57201077360513 6.5722899385533 6.62477142732267 7.3993759163169 7.3970465727261 7.3844060836973 6.59037072850561 6.53996422499686 7.42139786090307 7.37065287677008 6.63597110888079 6.63473601030576 6.62706777461042 7.33479638588224 7.36432046417515 7.31244817114267 6.71665286188899 6.72316200957774 6.69364503420099 7.23500314668992 7.24081752998622 7.24204976830696 6.62281848760326 6.61489356787402 6.58567251054081 7.32710822711095 7.352168003842 7.35256883716152 6.57343613601531 6.62869932166812 6.60359522541536 7.36899786249407 7.31978366159826 7.35967132080574 6.64085532053129 6.67667565437248 6.6213957689796 7.36619038374586 7.2564800045242 7.27318461984774 6.83717358327988 6.73403406242362 6.69235428094298 7.20848998274266 7.20134025709151 7.16657854385206
"ATH-aux-reg-IR8-ARF5-2-down" 8.11527015681426 8.11763987831347 8.07330101349027 8.19284763967606 8.11533273419123 8.13655997196532 8.09946425479348 8.12334836767105 8.06608654344472 8.10419859005141 8.11496581866838 8.15452387789973 8.27077736985952 8.17587304462 8.16712169966639 8.0670967819304 7.94515107614 8.04459594452507 8.25892805520677 8.09992724172579 8.38926240820194 7.91877087511935 7.91635960821626 8.05972394972314 8.10760877849243 8.22927020546154 8.22115595425372 7.91128785225985 8.04849700275079 8.10955197676908 8.26656766198307 8.21175895117571 8.23507224282802 7.97820083681712 7.87682725415317 8.05246215191112 8.40699265949005 8.41918961989067 8.42585044853926 7.88346987547468 7.93091024435847 7.66287985009253 8.39919464728696 8.40282383477714 8.27863746527928 7.94481975520055 7.84073231199344 7.90759103873664 8.28097679598688 8.3466377992974 8.19387445105135 7.81856879849421 7.89562007905449 8.07523354075512 8.32574613973976 8.25640363653517 7.88658685081608 8.05556586430382 8.41106610361962 8.22247391986713 8.39419560167341 7.8813996782521 7.76334877333745 7.90373528411215 8.22223748480102 8.33129416139733 7.97071443185689 7.94797574157054 8.40654879130706 8.45918991820085 8.39382819025797 7.81935200074295 7.86922374440992 7.73273956397911 8.44172247221051 8.37853255575638 7.83227814571958 7.86672240690945 8.30781404253041 8.28174705987911 8.35199837118822 7.87892852600391 7.83933541802693 7.95685039249977 8.04043280416913 7.96200528136849 8.13696190353489 8.28827275466734 8.18065029496917 8.13206382220634 8.23568843366936 8.10851692367088 8.2919267409334 8.05119353081402 8.04017844953995 8.01662705290799 8.23946602658061 8.40875324433923 8.13952893434006 8.00391834437484 8.03309510242543 7.89591518411996 8.18423469139489 8.10068538414419 8.24263001080028 7.94183924945609 8.07095772910404 8.222239916779 7.94950358663962 8.21997814535533 8.15687402605607 8.13862098494719 8.03122010659598 8.20092302925035
"ATH-aux-reg-IR8-ARF5-2-up" 6.596957602694 6.56470607220114 6.63121074529186 7.09843350037671 7.14551563182367 7.07974088937421 6.47002644453954 6.54383115167789 6.57039402993572 7.14712473781798 7.22671638400231 7.14402962247303 6.34286099304212 6.40967759372098 6.42294451969567 7.28119865554982 7.37140837219688 7.36101195787046 6.4159425356927 6.39874563665113 6.46438271079905 7.34921584493868 7.32463986421716 7.18859123691742 6.42394573031142 6.34760504713213 6.27641038671137 7.50582436108362 7.49471047318708 7.24312004801655 6.56415372967709 6.61952739525477 6.48636152433863 7.17338443856782 7.28740643699258 6.97284304683915 6.17994573710235 6.21195803417984 6.11306347631096 7.56152921345738 7.47504635906534 7.60208290591148 6.10146795158427 6.20816865329509 6.17480813356276 7.50082582060745 7.6258165532676 7.55829050277612 6.18126149205131 6.15385881200566 6.39028918558362 7.80732385979432 7.65888948201942 7.07190391230571 6.16948740912226 6.19407316806896 7.61513396009257 7.44807752045615 6.19894575661328 6.10435320544687 6.25985477174899 7.51307551493493 7.60240065983327 7.59175623994039 6.3497686287869 6.32401352225598 7.27806321430125 7.43911791231835 6.1945811137859 6.26999564815341 6.25879489402152 7.49217927084702 7.55567177626844 7.4604768177896 6.24916658315345 6.26773741428615 7.47177581725649 7.46600904046789 6.32077136296824 6.28050953647649 6.26290442633576 7.41998760852916 7.49342147491137 7.40623622674749 6.41636492433823 6.50522944879882 6.35939239648698 7.32451762309566 7.25997309380492 7.25468461050502 6.28895953040438 6.3440341493429 6.2551141651335 7.39460211766325 7.32130150932988 7.51515521306576 6.20790060089774 6.13831974014417 6.22138535508092 7.56703544891128 7.51557352356064 7.47715012810784 6.36397889481289 6.43561248765805 6.32092785151209 7.33845396940357 7.27746670707019 7.35839183697862 6.43266808152204 6.39459825433549 6.37023234872445 7.17693493208978 7.26080044190453 7.46273117002146
"ATH-aux-reg-IR8-ARF6-down" 7.24074130050014 7.22541112504309 7.34587211548572 7.36863961190986 7.28328128238904 7.3098724809446 7.37227096520886 7.36477883220089 7.37185736352808 7.17342710694233 7.17281197770682 7.23885724507501 7.33856262049189 7.3148946391545 7.38987292389133 7.17034000698246 7.2413271024064 7.22973426773172 7.35957687291246 7.27302208816676 7.43928330421727 7.20348370644176 7.11389243029922 7.31530455742931 7.21840143515047 7.40339634644821 7.37322386878122 7.13747200413915 7.19036751321171 7.33640644172853 7.3245939863727 7.40166064646223 7.37357680653684 7.2020076579816 7.09578876582869 7.30659793641712 7.53866211569806 7.51918668314539 7.49226507329654 7.11393313679802 7.03927944947598 7.02443354386288 7.49845193586959 7.47066566000486 7.53543795783883 7.06689897233154 7.07470503995705 7.0655391416436 7.43700593070688 7.49120972384047 7.3923237668099 7.03131017316116 7.00654287750761 7.30714095395508 7.53193548989904 7.41828184003546 7.0893599026798 7.0839707019427 7.42340550199706 7.45569291208696 7.49311701690667 7.1299764471428 7.08678724160649 7.05847312298475 7.43746079383252 7.42397542467092 7.09009782920034 7.1666813240827 7.52629124045383 7.52717645147181 7.53487834594608 6.99322810865438 7.04314638656108 7.01657945460653 7.56424473594675 7.48536668695341 7.02580469554989 7.00631551104592 7.38173872286337 7.39634372671588 7.38973093716724 7.18931251054685 7.04531769762947 7.28487653675084 7.35411874323593 7.33734918869586 7.40287488740972 7.2634028299436 7.24396731949088 7.15352886985576 7.40704266828758 7.3687691804321 7.46504071239543 7.18800543963932 7.14642223950373 7.17936664412214 7.45651581318026 7.46314139304382 7.28205672474065 7.19660367417512 7.19100675083831 7.16179527656421 7.47601790057545 7.44725011477477 7.51014413487187 7.07240173372864 7.07027243746902 7.18497544740672 7.31823775745037 7.41556613896918 7.39851616424655 7.28557966860517 7.28204160921996 7.03146847487805
"ATH-aux-reg-IR8-ARF6-up" 7.23574629375948 7.17707939003584 7.1923613821113 7.45021189514649 7.52325173368756 7.53827496918224 7.22353814534677 7.23178568711953 7.21471728476862 7.49117796616909 7.51986695553542 7.45335410502118 7.14438124432031 7.22366373025579 7.22980512844143 7.57221411237462 7.55943853388976 7.45125688736318 7.22432660934721 7.25151059602795 7.1272854022601 7.57054751036452 7.48748007268311 7.47669308469969 7.29402742265417 7.13766419060895 7.19629326467449 7.59151608601977 7.51309024135166 7.47441693287265 7.25079443758869 7.18096919335635 7.25544847780206 7.41671417042577 7.61584577254335 7.41086992112336 7.0897843638096 7.02585147503601 7.03085034446617 7.65798153262089 7.67283639559875 7.68998747804607 7.0077269816866 6.98382971731925 7.0748030527599 7.66253951834602 7.67559274994942 7.76743899910724 7.09534881953704 7.09071026665235 7.1253059771378 7.75856387439371 7.65983252251783 7.4891151643163 7.0376418625713 6.94883944745245 7.70994078252498 7.71977460747944 7.11825747343164 7.08133719664092 7.02286233495197 7.62647650636493 7.71608621563234 7.65431708751487 7.05536355975769 7.1627004744355 7.55562598621552 7.65475986962679 7.04952353691315 7.03763339084128 7.11513177958523 7.67067455092268 7.67410554953279 7.6687344774597 7.06328711337872 7.00507218764499 7.68650608983425 7.66001547332953 7.15302170680472 7.13877181579021 7.05668978418314 7.59240064453398 7.59911250066857 7.62618202102417 7.28148999489383 7.35868145726335 7.25938585976132 7.39562960297582 7.45566758103381 7.39844315421818 7.16799098223919 7.21474543711582 7.12311464868561 7.55084857136536 7.55439853727106 7.54501381125471 7.13769261118631 7.08559012617315 7.15683537580525 7.60338005665592 7.55018426495619 7.59843403921592 7.19512735036559 7.26516398613951 7.19238991951668 7.53691725969435 7.50014649974036 7.44713500427702 7.27914414046347 7.23870402695065 7.19288910883067 7.48815269485605 7.44301224532243 7.5168002116858
"ATH-aux-reg-IR8-ARF8-down" 7.4806057580888 7.54556520908685 7.56276861565501 7.64709983215449 7.64895934117962 7.65436150175702 7.62455373634654 7.67487021354622 7.6818449228544 7.53800333650603 7.44547520370071 7.55888213670214 7.78576855244016 7.65453047737078 7.64744535982118 7.37685557770487 7.45518225946924 7.59277691750916 7.72319840932903 7.6374097727722 7.83806403907785 7.39357849463464 7.36943824459682 7.55007012225415 7.61071002014887 7.72019750531696 7.66961838547654 7.28451921688073 7.5411244431255 7.68306183735616 7.68629439585049 7.70921743463124 7.71866237356779 7.42211839511529 7.46105361958299 7.55282368107398 7.8705629632502 7.84605086939173 7.80308960234233 7.31928540172696 7.40061391738308 7.30892796420371 7.8626603060351 7.82741094644493 7.81772186769145 7.36488333544023 7.3485957626014 7.36471955149362 7.76336998909333 7.90362296107333 7.72836811859991 7.23183099115055 7.20314168342388 7.69745057298769 7.79986442440295 7.75982306853373 7.3952807208245 7.39999126814131 7.7970446758186 7.71306973040317 7.95797538928549 7.34421892471236 7.34004019754591 7.32521713922644 7.73002919561451 7.80214449711791 7.36890044005397 7.48476796001649 7.89293954233736 7.86904441938359 7.88657223985406 7.28774927383459 7.29802546938625 7.30493397928725 7.88855099633433 7.83091994969127 7.32897958587654 7.27855877898651 7.76362131693455 7.76032512621087 7.80963058325534 7.34937068517978 7.30779331974655 7.50098765129247 7.59481207454201 7.75956278552388 7.74563754499784 7.45913992729404 7.51631081873337 7.45961120224804 7.69841951019689 7.82679849443584 7.81250505705421 7.40499651900436 7.38925751868026 7.40320358463697 7.7833247881053 7.92099024259241 7.63849730139406 7.45320270223755 7.38435553877391 7.327960068975 7.68039964507133 7.8082210712779 7.80191387156835 7.4128432419189 7.43941043446625 7.3966262125255 7.6159981347616 7.74744992682512 7.69832747092257 7.51973738311848 7.4628187726058 7.4625201712304
"ATH-aux-reg-IR8-ARF8-up" 6.79162195512489 6.75186406021615 6.77243966762812 7.20681887945291 7.22296782601509 7.20199546572335 6.8130951557013 6.7788437286685 6.82529437800617 7.10812675100622 7.17936063678835 7.2075531235563 6.65413657478322 6.67271382470133 6.75112159537386 7.32123347202871 7.33670732530629 7.24630576061216 6.7282528748477 6.74718361445268 6.67904670579077 7.29742554781236 7.31040863844991 7.22194004306916 6.70390572309268 6.75258760933376 6.63676884509881 7.42096639941751 7.31384839699553 7.20414599073922 6.84541520092063 6.73483898761381 6.75962539229815 7.22713848116533 7.25051330836438 7.13450207414618 6.58320902711773 6.6276178805478 6.57801479693737 7.3309094148256 7.41472769679631 7.42090437568316 6.5799715201385 6.58544804625993 6.65997051469953 7.32667969996798 7.41349180866849 7.43419077851146 6.586419523309 6.59985918097832 6.70492348234237 7.51905421957898 7.52722096230496 7.10009712413393 6.60327831473499 6.55214060628554 7.45451184378317 7.37505442333628 6.59356273474637 6.61206718129716 6.61672387651302 7.35067197741822 7.45390276163636 7.40585630771584 6.64384176626645 6.67428035395321 7.29485280613214 7.34937948524055 6.62938330967758 6.60366090708896 6.68466897730952 7.37041947140091 7.40734033253767 7.34670761398172 6.6368697920063 6.59718991348453 7.40167107500139 7.37059329640851 6.67051179461145 6.6468167316147 6.65122210682066 7.30669817873121 7.40344574421802 7.31665190395179 6.73779725508746 6.76233667042354 6.68893623012716 7.25136382180852 7.28156761198198 7.23024962177126 6.64820492173338 6.65959459374387 6.61846738797806 7.3497650647424 7.31155444746901 7.3638617301603 6.57947612002021 6.58489389805055 6.640501534945 7.38952925790456 7.35417992005114 7.4004216625311 6.68932848552784 6.75061736324479 6.69719830731127 7.3035056641418 7.19585669769577 7.29470455467829 6.79870189728487 6.72428739890121 6.73051934572845 7.20662109584275 7.26263962819825 7.20367041653097
"ATH-aux-reg-IR8-TGTCNN-down" 6.82743103325088 6.8928685313587 6.98655815658695 6.93008171465885 6.86624409179703 6.82227663153905 6.96212196065661 6.89268349923897 6.9926061496069 6.81578693643083 6.74640591748559 6.85046818456613 6.96826270858672 6.81952069351294 6.94434716470771 6.7118139836338 6.80711134637659 6.97668762501479 6.99252656513289 6.97158468184192 7.10858884125504 6.66115564215769 6.63788595832217 6.84148081761562 6.89075413639145 6.96752535523192 6.92724886819813 6.59034851655752 6.88008200217578 6.98543746534192 6.96578786204899 7.09694391487672 7.07551838054984 6.67081065940103 6.65929975226849 6.7506048705181 7.059170315948 7.08610955818546 7.1796197307462 6.68501297722234 6.69304214072621 6.61829515128117 7.06855109547841 7.0609466395295 6.97372570709711 6.74416830967116 6.79112233027137 6.68125168716229 7.03511001359689 7.07911501044912 6.88918411128166 6.63878162585423 6.58782616262472 6.9940106702472 6.944490785993 6.91246165183963 6.78188135894071 6.88442783885761 7.02934377543702 6.91284077710582 7.20256075704751 6.61744883212238 6.66821251126911 6.77168177532078 6.9880850011886 7.0590742471425 6.71235791162633 6.79611242775779 7.09219295356731 7.06443750439425 7.0139914631431 6.68631190844784 6.72735423165433 6.73103912258619 7.02992243934822 7.020165500982 6.77118394854801 6.70381888942554 6.99836007160947 7.05468281794945 7.08414519758323 6.69628162001546 6.59069972636138 6.77480547413804 6.87191670237504 7.0299727794082 6.98145524541291 6.84727005930606 6.8232854659333 6.74733250802717 6.90810080496211 7.1028440245575 7.06715628798649 6.73276674063796 6.71784711617422 6.78654101198923 7.03135786781479 7.09775365800728 6.9543654292023 6.77075953944368 6.70583496963592 6.74367756842885 6.88345018769141 7.07430689615861 7.02992176560257 6.76887836607885 6.77105766872873 6.79499793489336 6.88343573154406 6.99708663739005 6.90909857077523 6.79656194096643 6.8178169732396 6.87853370106297
"ATH-aux-reg-IR8-TGTCNN-up" 6.92053093400526 6.8337387275583 6.9131753631484 7.21134851776851 7.2328857560412 7.29652160268087 6.95225762536146 6.85856499253105 6.85194351467896 7.25233136092619 7.30726135465753 7.2109700449426 6.76812353612128 6.79562441611778 6.8137148106154 7.39480493582324 7.38985589081307 7.32109097848109 6.84369816491525 6.80416937726716 6.81725147788584 7.42724793300321 7.3148061957138 7.27344354213424 6.81305328613289 6.79390193456705 6.69476946128106 7.44038444949947 7.41921762820446 7.35138736619834 6.89265901581724 6.83082412440786 6.91181772518803 7.33892455681393 7.19050146364127 7.28679062362882 6.69282874162444 6.6698019643709 6.72326412037038 7.38963365428901 7.44856898096484 7.52133832646992 6.66170864450829 6.60810085352374 6.75852609144053 7.42643042918474 7.48812169275927 7.50866696423551 6.69301588206494 6.64989416840834 6.78347421397452 7.61600913583461 7.54150712004956 7.24900408327555 6.63418206717883 6.69826952098564 7.52558283367231 7.4255191039782 6.7198567400747 6.69748841428229 6.75655213411629 7.44554162637194 7.52837892496923 7.35965506573623 6.65292387625896 6.84757980021611 7.33252443822115 7.46406420750879 6.70856690623384 6.70861478454426 6.81153639113611 7.42832210499834 7.41038484921817 7.40456710883368 6.72122733593325 6.72913885869897 7.42997391622535 7.40495665068184 6.73737646084392 6.79438008186298 6.79180072396122 7.36970204075713 7.39444574399799 7.39714019131566 6.76856426457747 6.80634030747772 6.80313448039707 7.37924955812413 7.43010961479817 7.32374388223111 6.68964459447013 6.69118501671311 6.69675746926805 7.50429559860815 7.50602177262442 7.42295174761277 6.65020564383428 6.69844040011527 6.69126082601885 7.52722723973883 7.42627409413071 7.47530415732373 6.78732468582201 6.84087004585247 6.84317540389869 7.37679126478121 7.30074618396159 7.30406900813497 6.79488082444879 6.81717766716902 6.74795887096549 7.38313784018702 7.35184022988219 7.34082459179331
"ATH-aux-trans-A-ARF" 7.24073500214581 7.27791106177573 7.38380078660789 7.34598241002513 7.43193101223111 7.47076263050193 7.28082749590074 7.27004967918092 7.23715050768786 7.56236043145371 7.52922910677507 7.31723293852264 7.18389981963289 7.09620800588893 7.36651818392914 7.55526114091683 7.59863726921066 7.41114647511985 7.15964857110739 7.24766566122448 7.18221339294909 7.53400966903229 7.55424316205401 7.50420489230496 7.14290799037831 7.35052197610725 7.11438214744352 7.63159756219568 7.51733773225837 7.47468603248327 7.16368363527511 7.11772472537163 7.1402928442307 7.61015053509138 7.69831856230693 7.45600086851698 7.28922440653343 7.16194444177624 7.24370104549971 7.52466063864545 7.38227405836807 7.58290763029147 7.2020577009764 7.24354338834725 7.37347752711971 7.43732830869918 7.38954822064878 7.60607890622385 7.12295421951275 7.11245073206665 7.28752545273928 7.53747288088925 7.77217292306935 7.37716789594379 7.20226121266941 7.17592993660508 7.48912137160082 7.61305616666986 7.17741518159806 7.24835008065435 7.03694091399773 7.54771815637247 7.48452051097881 7.70564572982606 7.12243854770648 7.13990568930299 7.56426021441181 7.63737002955303 7.26902550167127 7.31755047300708 7.37121818886564 7.41717014578477 7.3794676268008 7.49671116731053 7.19603114081827 7.20892085385124 7.52640817721211 7.5602608669255 7.20574141797165 7.17020575433197 7.18647763689951 7.64415865239006 7.62156822361408 7.36309202346785 7.27196791938053 7.25360165413212 7.25304872265575 7.28549996516171 7.52279500338767 7.60986322042135 7.25292950547223 7.23251068480434 7.28068198176786 7.58209066689737 7.45474956905095 7.38986920907761 7.26887186147829 7.23615619318883 7.13095530774404 7.5287687498199 7.4666138302026 7.53112933024459 7.23843075073644 7.1972047876664 7.21106234390254 7.55207450578418 7.58844180496197 7.41574648844269 7.04958586334863 7.30867774288832 7.17030185892304 7.57041698047713 7.55333329853231 7.4799607061745
"ATH-aux-trans-ARF" 6.21800298350735 6.24977833267683 6.26744795631432 6.34620957612435 6.3696211359513 6.36652559521154 6.15586890542995 6.23762024650651 6.22530688551362 6.40810125890231 6.3714674090774 6.33952166992881 6.13819944648403 6.16117696159236 6.29251446150147 6.38478008868589 6.46143633614856 6.29208269511238 6.13799136059279 6.08743694494125 6.26994373336284 6.44591292763619 6.36627496900199 6.43512186572055 6.13303335461656 6.28041638135527 6.09218899393598 6.39564431221506 6.47233842792197 6.34845702748116 6.13859136694174 6.14200942564763 6.13152559902554 6.49821419089481 6.52956281553432 6.30578217060233 6.16843501034753 6.08787415009449 6.16222153353957 6.49532806406243 6.42007756221183 6.46246209774734 6.15119746691652 6.11714496501021 6.23048553354785 6.41893894458648 6.39237042748037 6.54439730596627 6.06774052157109 6.13772279039998 6.24838453910384 6.41074836434632 6.56387357956944 6.29751498352743 6.14105171788361 6.14872819750786 6.4440461864432 6.48420494768496 6.04130374544383 6.14292664766523 6.11016492213083 6.47078844913486 6.42637422699733 6.54848881386177 6.11144225785772 6.21078395340658 6.44370885649218 6.41129428445826 6.16417342082745 6.1445279005051 6.21145060480525 6.44774230205943 6.40816709390386 6.51117041202262 6.15783963777674 6.1784500344934 6.46792522708461 6.44555956871212 6.08988185070396 6.11144142272058 6.21760234923659 6.49330608124431 6.45992875773025 6.37629132908497 6.2587352707549 6.25254982503947 6.35154008587641 6.23172653449261 6.32944642090852 6.36162675756946 6.18441154990521 6.17687110896501 6.27559610676613 6.40998082469665 6.42003876157211 6.3212577337309 6.24631953566026 6.30444792970716 6.03454762324863 6.402224736257 6.37527816068134 6.43181448661669 6.23445871856823 6.20730468922186 6.30060959296909 6.37142385740532 6.3527045428034 6.32695057739107 6.05113233731517 6.2829634152117 6.22098113197146 6.44987916676335 6.48676810326022 6.25978248576738
"ATH-aux-trans-ConjugationDeconjugation" 7.62725286289407 7.64615651852241 7.5969274286277 8.22822994001209 8.36194538191155 8.2746183829566 7.57673008121581 7.54341063707172 7.51848308953141 8.26783860778275 8.35444815843539 8.45589722780657 7.6386996262023 7.59602288499014 7.89018718230515 8.22839846573756 8.234540457412 8.26325304150035 7.68996099380556 7.92867585989485 7.59862090270034 8.16936027427268 8.2227985310702 8.22630738618393 8.0516189832325 7.76105200504136 7.72020860836396 8.19500090252248 8.27581236632407 7.89499093318861 7.72674728883453 7.77926893652098 7.74358888142873 8.13681523081579 8.40384551332948 8.08260795602697 7.66542323091361 7.69375917621979 7.73040591297565 8.23284555805619 8.21213006448856 8.23105399494318 7.69372326679243 7.49407682915593 7.65441673228805 8.25977475065522 8.39865463765183 8.33430238940841 7.70135138715034 7.76654880037326 7.76649263524357 8.1789609087238 8.26035329318923 8.20025640191531 7.58433903612924 7.654141404437 8.29851100060164 8.31346324663467 7.7516560434902 7.84640790130614 7.78085644097946 8.1574645594998 8.22721186907274 8.12145552793112 7.62720994374108 7.59222779949366 8.32244203087511 8.32727145888481 7.81602452846183 7.69209982403754 7.77675878624955 8.12190108632947 8.25201091709219 8.11930868039183 7.67599396654388 7.70981598379158 8.21227635284695 8.24963181617638 7.72570159000948 7.83458595807876 7.79051316414692 8.09912166997055 8.21612731436823 8.18329210986078 7.65315450357816 7.59716579321532 7.63034252221337 8.30880458101373 8.24694494358307 8.31159705064699 7.67449487366426 7.64254893126981 7.6312518353844 8.27339966036463 8.17744000413401 8.34953692814221 7.739369829119 7.74287605846442 7.60239562349579 8.27210828173644 8.26842076745266 8.11732774846214 7.65305047554441 7.63008657321874 7.64567767265894 8.33524516226428 8.25089732620128 8.2313181996381 7.8054079434345 7.65679140854117 7.82982989172323 8.24435121924607 8.27973911436273 7.93929546444405
"ATH-aux-trans-IAA" 7.16972153907321 7.09842085138058 7.25125466565746 7.96121798312858 7.8330992412693 7.87374763797645 7.17476941423999 7.09234422085872 7.11509169798296 7.8391310346692 8.01221596826248 7.91351996986504 6.90279240354366 6.89655306770115 7.09742332406331 8.03110269799996 8.24322578377179 8.05381338503864 6.98707520153558 6.95040668028679 7.05422803966957 8.0600873935314 8.11870892865258 8.03101609905612 7.10624982510725 6.96550561602631 6.78945855485107 8.10380402593635 8.23932141221166 8.09550664727599 7.18578051265413 7.10949083737351 7.17481618380262 8.04063910063621 7.91167968816075 7.73707026242369 6.83858600102034 6.85637791015324 6.92537877824016 8.13256315615987 8.2263115551746 8.22216316870871 6.84478457767849 6.8449747514554 6.9129174351876 8.19351101162529 8.24673638417846 8.21819121675469 6.87356449629406 6.8398616004703 7.03589985241588 8.38434876212055 8.29029989416377 7.86755072091997 6.98481941418422 6.82222393122099 8.18922055815252 8.137568707008 6.80457154481894 6.80261950166527 7.06807121593167 8.12318886439625 8.23932942757129 8.22969711023749 7.07716435850296 7.01971252696365 7.96465596787949 8.02411945169102 6.93169611101813 6.99150450653298 7.02204383602293 8.14120594615761 8.15792751008127 8.0698227545691 7.04299532239462 6.93175507994456 8.14476709753258 8.03978799582725 6.92497411148536 6.85623358953126 6.99096626899686 8.10005825974679 8.17298937920722 8.17371554210125 6.89482853188052 6.85925923238482 6.9546305140085 8.28685232436461 8.17667545730648 8.02603927578632 6.83611053965152 6.81403611927085 6.90225340400221 8.28659376867683 8.1425057957445 8.22921643728289 6.81076587824822 6.72332499034409 7.00093809435521 8.28057540668238 8.08939042163571 8.29301198978602 7.00414587805687 6.92569839853113 7.07155615378081 8.06188972355408 7.92407873081244 8.19440441451064 7.07888939546666 7.05506891862151 7.09197942086173 8.07381023168564 8.14020943729378 7.70213532700134
"ATH-aux-trans-PolarAuxinTransport" 7.36751528787788 7.1937342405827 7.51070372228459 7.37005850845787 7.33553940528565 7.2949400993343 7.26663460352867 7.35815698497264 7.2615737417727 7.50400776200986 7.3616084548519 7.34883095012604 7.09048918618864 7.1578923620048 7.18846584820345 7.37104560976564 7.59799351643118 7.68311472622131 7.15567900496727 7.02593801778494 7.31452423725325 7.52900797449961 7.62038872201321 7.49139958829515 7.09055531743173 7.18768576197377 7.11682982673334 7.61805773013279 7.72669699664913 7.37914727338092 7.32944887640361 7.12680692421029 7.22512059836032 7.64639338159816 7.33824864921425 7.46502211587262 6.97964452549823 6.98338288063983 6.88042439111138 7.73076199734601 7.76724303122932 7.74812813590844 6.93236599333469 6.9292510473198 6.99071387427539 7.85301254789107 7.64653824681678 7.80043931009974 7.0299457571583 7.08618642281641 7.13264489015009 7.69623636205048 7.66713547714034 7.52722678958912 6.93073348676447 6.98250012158795 7.66345920938464 7.87894996320157 7.1258753698518 7.09052979596513 7.10248520352672 7.54999666289614 7.57516533240379 7.68733693378731 7.10839302458615 7.01638931609114 7.65585705610078 7.64819443740815 7.10001712407278 7.10073006747411 7.12684124435151 7.62257926548973 7.59395372884932 7.60968959748565 7.01257973223968 7.07967475935442 7.6521254038429 7.73397616559962 7.21222217483285 7.17456942133716 7.17981596973623 7.56855462078292 7.58261566810175 7.40769870621833 7.12310953086999 7.04427777181596 7.09273858251652 7.67622362633279 7.66893287073505 7.56085369159234 7.10864286700831 7.00967121402337 7.03357178884612 7.66280634550719 7.6131647034163 7.74529343245501 7.06966210709777 6.90749504668272 7.03515074313607 7.70135866817236 7.64927047253698 7.81473378407547 7.16358488108515 7.07800917528868 7.12212907679351 7.65489652467159 7.6585118444261 7.4792808963356 7.22575466872618 7.24470422069942 7.23068913877382 7.63717486351656 7.55032826875779 7.25502213941162
"ATH-aux-trans-Receptors" 7.84955612844159 7.86567703274176 7.92956984911402 7.49171818942008 7.43003765943052 7.42860319906839 7.6714422851437 7.80017996065492 7.78309274657567 7.61855419031962 7.49806168670073 7.54922341728748 7.56062225027789 7.64675490753024 7.59773883594208 7.85059883287157 7.62258744785993 7.53765075850449 7.5625321083435 7.51047564032816 7.75920351734197 7.71302911741353 7.68509436539019 7.61558612315262 7.56496507757936 7.77123135022603 7.69629098978336 7.56772389667704 7.56121383418881 7.6354666902464 7.61849917374158 7.64649339855656 7.60138846799412 7.70993507412402 7.62176153808196 7.6375071218766 7.64774472343169 7.77496540287258 7.73594043461674 7.53362917441753 7.64591645196087 7.57289722124115 7.68443990436726 7.72373479724098 7.67470800567382 7.65655493672858 7.51154201167299 7.61840428449645 7.6172812863255 7.76015610076617 7.67262926660818 7.51134117785344 7.60794689968325 7.6243624998705 7.77734283570686 7.74650406937346 7.52252881551024 7.5578761177169 7.68770013447101 7.67633153356529 7.78045647668298 7.57410137379043 7.5075332429061 7.58915184645369 7.8587362411575 7.59594967218409 7.5474085766773 7.59598267734057 7.667524739918 7.70215671263742 7.66147163204857 7.58833714375497 7.59005978415328 7.61312233810411 7.74768063840302 7.70715067546836 7.55970798731554 7.58436958473106 7.57748990602029 7.79910338396734 7.67913867732465 7.6385815541577 7.62235920633395 7.54416447532255 7.59725791753838 7.63257736409282 7.73220363447449 7.68058536069755 7.67098463540399 7.68601660168486 7.71383352501338 7.67606918540184 7.79733855598461 7.63578584497243 7.54174642238766 7.63042960415779 7.79892005945415 7.74244945390998 7.82323577911448 7.54123172745467 7.53702767003234 7.55676869926067 7.76956049857358 7.76673691050487 7.83893362656593 7.60314832685612 7.5676226064176 7.47430426380861 7.55258755861514 7.70883538765771 7.69321057930809 7.72666589795415 7.69247857576053 7.6111292282688
"ATH-aux-trans-Synthesis" 5.11971698790083 5.08055004841408 5.26159317276078 5.11672172128626 5.01351083789808 5.10552409106477 5.22108107288486 5.24090344391006 5.20987002445809 5.04951212385082 4.91954102756204 5.08836045257324 5.08359772286364 5.2215042263575 5.1781407862888 5.21263601125198 5.20022983133028 4.92755250881964 5.17286924024204 5.13159813172003 5.18699465897794 5.05180251870132 5.16112939686049 5.13102732342911 5.05395874652921 5.30975569912138 5.11938048880343 5.11800339025909 5.14777795222579 5.06173756816835 5.19852761709066 5.15583411321137 5.10746622257526 5.22794140817635 5.00468749729239 5.16778093876176 5.28222505563784 5.10203997627606 5.089407605909 5.07844724836522 4.9857433341714 5.16132038024524 5.24014384242811 5.15658074603188 5.26502610908513 4.96765446172569 5.02310217741619 5.02438066774938 5.12177169362003 5.23073654202929 5.31727969590291 4.9960428901193 5.09824236402081 5.07850693866279 5.22108884198178 5.18225788329349 5.03138318103854 5.01403007612972 5.116673104211 5.17131367794332 5.18846471875689 5.09130539023345 5.0997180836716 5.14074491829269 5.18115090197576 5.22383123772224 5.01855702058001 5.05086081310332 5.23168793437337 5.17841993180289 5.25958447862552 4.99650058835699 5.00172663324464 4.97695940035281 5.21496204981852 5.16294748600923 5.02952770413955 5.02582627410611 5.2111423533222 5.24385817946445 5.14964703550919 5.12811678298646 5.07182296755995 5.00559034365528 5.17149902934442 5.17922061445649 5.0801517282051 5.10872960409595 5.10885712858972 5.0782656428283 5.1390393670739 5.18849510644426 5.0792102394369 5.04882086420333 5.12240891242991 5.14720337988058 5.22335007715519 5.21213534313217 5.13943864274798 5.03483302581801 4.97940375668364 5.08623205729321 5.16417919973386 5.23105664602374 5.15696530755186 5.11912057181275 5.11899390674244 4.93158573302236 5.25309050543725 5.1534251493817 5.17590279960514 4.98525767929437 4.98344658669531 5.130853502026
"ATH-aux-trans-Transport" 7.45134995509155 7.36743488703615 7.53334773243011 7.53966094554268 7.53249692236185 7.49281392585032 7.34502214744189 7.45986214047812 7.39312617213583 7.60577655873401 7.55519033340707 7.58090664944141 7.36519559444744 7.37576524243571 7.44594497551436 7.51601521351602 7.58375286937594 7.67707246784276 7.43009316818641 7.39040591092272 7.50513275550826 7.5603382035979 7.5657794384921 7.51989727446669 7.340054993041 7.42640405977925 7.4228073955182 7.652976458122 7.68968013153738 7.44205932190542 7.46891311635049 7.37829700285697 7.45988153067829 7.57938457505638 7.58799129193278 7.51621502673993 7.27201111468514 7.26549742307601 7.29507050860792 7.68022412052997 7.72977377150495 7.70596389532268 7.18980932346252 7.1985258265579 7.23690789621886 7.85801926148771 7.7543019463374 7.79506758151033 7.26982003224403 7.34637623011565 7.39328993188612 7.70484053961986 7.65055601674492 7.63435246112211 7.18154300340984 7.24419146692665 7.74349342981604 7.85024300943594 7.40215637711907 7.33709169955974 7.35710531300794 7.60721602633866 7.62045487199472 7.65029878706579 7.35355412315638 7.33103988227605 7.70170361583868 7.61524677015917 7.35777737331512 7.35142893038752 7.37720127521186 7.67782623121452 7.66964531280337 7.6240064045824 7.26470313055858 7.3278815811942 7.67259461157923 7.76568572266701 7.45694441600913 7.43614042005748 7.41205832848356 7.56387870768966 7.58320051814886 7.53344621310589 7.35543357701121 7.33628727606316 7.37706151673324 7.60635564444376 7.69810106655606 7.60101217333967 7.34387122010444 7.29553336945716 7.35458106688098 7.70819023470757 7.58260178282438 7.69318233465496 7.35062300146068 7.21837763891015 7.3713631168163 7.65313877286318 7.6715808430998 7.72200905788531 7.35364823338446 7.29605226141202 7.3596541088825 7.66487063387514 7.68791188224843 7.60653414861567 7.47937977271896 7.36615221307681 7.37151488752979 7.63782813104612 7.63332890876965 7.47026722348914
"random1" 6.52951006148787 6.53079803591518 6.58383531413664 6.57588368797628 6.55069160190713 6.55021441461585 6.55602786678673 6.51052193450897 6.55244177365094 6.56303023917853 6.54205186229135 6.5799787980417 6.53954890886303 6.53266852842993 6.56455837876288 6.54693967318746 6.56165274343031 6.55787990437756 6.52478173676381 6.52467902546727 6.55792381444492 6.56203661067382 6.58318399847623 6.56565483874053 6.5461848941607 6.55666210814502 6.53195184946656 6.58737195671011 6.56434306952937 6.53667557393393 6.51137094421045 6.55159103499575 6.52037781962993 6.56271299978127 6.61491301278469 6.56255790458035 6.56438181364726 6.57022807733002 6.55217951062098 6.51303736317087 6.5524822994089 6.56590554225912 6.57973860330528 6.60427567521502 6.56800730560192 6.54052455329154 6.50796068458353 6.52781713543872 6.52539249374971 6.55648103562387 6.52449862013839 6.57292652249488 6.57542318544495 6.57036269702569 6.58774185217332 6.57449511142929 6.52511040523533 6.5311877218778 6.5560815411202 6.52516991467256 6.56382634399591 6.54852823117386 6.56633366791399 6.54984382894 6.56133894391445 6.54562739971007 6.57778416799166 6.53537306861423 6.58703872174386 6.60766302624359 6.57345940759014 6.53019803302768 6.52426499696221 6.50599141593341 6.59228082662794 6.58845681368667 6.52096882052854 6.51595872909578 6.52110538808467 6.50442805179523 6.51835024151018 6.55780255707447 6.59670803060274 6.61564902793376 6.55626880904819 6.54876837704537 6.5414519402312 6.57704564692929 6.56287646189837 6.53455778999422 6.57665185830261 6.541769608589 6.55249664600277 6.540236971565 6.5500319938892 6.55701312957557 6.56180050104189 6.61028589913055 6.5248020741731 6.54559342301051 6.58047993355456 6.49487465802495 6.56044074485701 6.54720840480551 6.55311769382462 6.53345605358195 6.56390802907527 6.55723706099943 6.55853322861503 6.53963589480129 6.55458714107463 6.54580243721827 6.58185224656025 6.5424525081172
"random2" 6.4022441019312 6.40429425415658 6.43272790782529 6.42466037624901 6.39335652450451 6.40920589257919 6.41460120494442 6.41208391106764 6.42501106581476 6.39811881197449 6.40271251206076 6.39739181808707 6.4251881279154 6.43095116222411 6.41725788230793 6.38579611859593 6.38327368783658 6.40261156084997 6.42825162506218 6.40439514877086 6.40898960240509 6.41548266116194 6.40156224439365 6.39443914608317 6.40985754143828 6.40151236598184 6.4381199054866 6.40551555502445 6.3958516186725 6.40166874513841 6.42175951151113 6.40675456458611 6.41720660900734 6.41007255691192 6.38776871208724 6.40474822929602 6.40915757089199 6.420779828327 6.42902402187575 6.39745100217612 6.39236489838549 6.40222725122373 6.41617268784 6.42678754443938 6.42273470538056 6.40174259629457 6.3903157353542 6.40049608351936 6.43425927206976 6.40796688431067 6.39676123923903 6.39959167057648 6.40811868335622 6.39905096197661 6.40258335868537 6.43256945501148 6.4072160994929 6.38950952054779 6.43349224246456 6.39835988959198 6.41114610868521 6.39918544305243 6.40731395581312 6.40122171689799 6.41053922528699 6.40415454551291 6.40926460041965 6.4003131692331 6.41501453607314 6.42796209295921 6.42395533752784 6.3971072676782 6.39710510631209 6.4030401324122 6.40863832445465 6.42956666752197 6.39860694535185 6.39307303604697 6.40601030774989 6.40451286837534 6.40679690065434 6.41085393945093 6.39765142640286 6.42457671314994 6.4258926368403 6.42333057488404 6.42539312900577 6.40146968689523 6.39032473607878 6.39520817206706 6.42323218637374 6.42821444906575 6.41980074614641 6.39737349522075 6.3990957058523 6.39423641550609 6.42705476832832 6.40794461638303 6.4392442972203 6.40418582451864 6.38528716934042 6.39688107097849 6.42112890153595 6.42856094889604 6.41737265668482 6.40698691669404 6.4022498713198 6.38936356994187 6.39228578710608 6.41198073354404 6.40489185587377 6.42414583709978 6.41889598958892 6.40355995812237
"random3" 6.50786115342552 6.52052334168128 6.52005085895851 6.52285663937449 6.52464341657145 6.52988570988845 6.52373501290485 6.49969546883423 6.4987863688756 6.5343111363633 6.5322239357526 6.51101664252747 6.50891956505865 6.5197809128957 6.51462698236868 6.5112237033287 6.5268590086284 6.52225670801599 6.51485027245611 6.51974282002702 6.51045967208403 6.51631470948681 6.52823388818205 6.51337978108659 6.49495667930105 6.51586721241579 6.52299789761699 6.51448350807429 6.52991728432542 6.52496390908798 6.5192503612293 6.51841131247498 6.51291079685939 6.52413603628246 6.50687602274582 6.52658625196468 6.51338534896569 6.51082135445761 6.5247814427633 6.50262731560797 6.53145908823713 6.52779648559766 6.50103803711064 6.53944680719339 6.50955282445379 6.52930032955262 6.53119138693433 6.49982137884194 6.50500067654734 6.53233956559832 6.50624160708272 6.52558022338338 6.52344819840769 6.51330436698928 6.5197782529157 6.51772843137104 6.54173527599274 6.49385372510564 6.49941629471037 6.53363646347028 6.52719120269181 6.51409935929754 6.51440460768175 6.51513511837051 6.51125056293484 6.54310958422315 6.50997508157587 6.50084310031162 6.51961603684351 6.54490447102333 6.51883044723685 6.50956550235931 6.50734065458708 6.50652560793911 6.53563801712652 6.53265866756208 6.50286967409382 6.49501267302907 6.50629991065395 6.49867520223083 6.50894000994546 6.51733169591513 6.53757844486656 6.53689059765083 6.51636104921787 6.50622117056395 6.5203724631398 6.52938851702681 6.51535114830221 6.52978000889849 6.51165322072527 6.49354224780076 6.50832481608287 6.53526430115152 6.53294027425697 6.53812912929418 6.52916589707365 6.54394809025433 6.50523920505891 6.50139894472697 6.53857255075175 6.49446741531333 6.51637081108665 6.51901579172822 6.52355466159939 6.52342738003628 6.5081715306664 6.53632579980231 6.50197499612662 6.53313615046275 6.53255193931864 6.53909301682392 6.53971531275155 6.47089223084287
"majortrend" 6.41146206042137 6.41080724253031 6.40972773774605 6.41455572248091 6.41290858804422 6.41415189457003 6.41544100917619 6.41549518763543 6.41462273695369 6.40662084040338 6.40612304621529 6.40115528449513 6.41850314331719 6.41143231329253 6.41588611688439 6.40973684934679 6.41049300851281 6.40818726292029 6.41598527088095 6.40757773952936 6.41420453268388 6.41428811038656 6.41241175265323 6.41131898424469 6.41279940344028 6.41286821065897 6.41286711783466 6.41441388570687 6.41424439731203 6.41153629220676 6.4157808358099 6.41030256647054 6.41528730672771 6.41513028032406 6.41002826336198 6.41324492978685 6.41414152202903 6.41463002635997 6.41413179570712 6.40895572856012 6.40984854018263 6.4092054397703 6.41396645865523 6.41138826010066 6.41397128275266 6.40930744445099 6.40984638685418 6.41554524899392 6.41457104043799 6.41193694176942 6.40631166867503 6.41614431234528 6.41702183773837 6.41362054440662 6.41730585485065 6.41533749811948 6.40577774564196 6.4064458396878 6.41206956389221 6.41108204579025 6.41046462753284 6.41376364441421 6.41408341671224 6.41269808175823 6.40750028626451 6.41436540957989 6.411081994957 6.40974881048029 6.41906404681149 6.42202032663424 6.41647856560322 6.4055108143381 6.40329375399784 6.40414337711905 6.41992724620555 6.42017497581415 6.3977345243758 6.40233815127661 6.41046920011014 6.4109567694574 6.4074412310402 6.41656364792029 6.41506199785942 6.41295954604125 6.4213167484438 6.42388375934746 6.42041821594926 6.40150390856264 6.40284710897007 6.40391868295237 6.42074403986115 6.42309504815124 6.41879839288998 6.40249975421375 6.40335742545653 6.40590478065859 6.41214760756287 6.41225123249522 6.41998310847875 6.40780805363526 6.40928779923905 6.40932291340782 6.41578968477718 6.41890548127755 6.41391447188033 6.41138494072311 6.40959443645477 6.40663139742552 6.41594283454895 6.41110878061994 6.41080458267218 6.41370310999995 6.41340544770071 6.40907639133953
