"iSensor","p_val","avg_log2FC","pct.1","pct.2","p_val_adj","tissue","neglog10_padj"
"ATH-aux-reg-DR5-TGTCNN-down",3.96717623397803e-292,-1.18443565445158,0.999,1,2.4199775027266e-290,"Young_LRC_Columella_1",289.616188671393
"ATH-aux-reg-DR5-ARF2-down",2.69506226070757e-286,-0.989208291225419,0.999,1,8.2199398951581e-285,"Young_LRC_Columella_1",284.085131358043
"ATH-aux-reg-DR5-ARF5-1-down",2.6483295597013e-241,-0.721499462862431,1,1,5.38493677139265e-240,"Young_LRC_Columella_1",239.268819391715
"ATH-aux-cis-DR5-TGTCNN",3.13046767251255e-225,-0.420165477900506,1,1,4.77396320058164e-224,"Young_LRC_Columella_1",223.321120933014
"ATH-aux-cis-IR8-ARF5-2",7.82713401648038e-203,-0.407236056233263,1,1,9.54910350010606e-202,"Young_LRC_Columella_1",201.020037399435
"ATH-aux-cis-IR8-ARF1",7.35760142252571e-202,-0.444706419399474,1,1,7.48022811290113e-201,"Young_LRC_Columella_1",200.126085157929
"ATH-aux-cis-DR5-ARF2",1.68890178776062e-200,-0.339009366248187,1,1,1.4717572721914e-199,"Young_LRC_Columella_1",198.832163809591
"ATH-aux-reg-DR5-ARF3-up",1.16276302111184e-171,0.954906668170943,1,1,8.86606803597782e-171,"Young_LRC_Columella_1",170.052268940357
"ATH-aux-cis-DR5-ARF6",2.87848463066479e-164,-0.252687784214423,1,1,1.95097291633947e-163,"Young_LRC_Columella_1",162.709748759496
"ATH-aux-trans-Synthesis",2.72025884115176e-162,-1.34216967274526,0.511,0.906,1.65935789310258e-161,"Young_LRC_Columella_1",160.780059934508
"ATH-aux-cis-DR5-ARF5-1",1.3986555110645e-157,-0.224142269924813,1,1,7.75618056135766e-157,"Young_LRC_Columella_1",156.110352089242
"ATH-aux-reg-IR8-ARF8-down",4.88201667703178e-157,-0.846992049554297,0.982,1,2.48169181082449e-156,"Young_LRC_Columella_1",155.605252152398
"ATH-aux-reg-DR5-ARF6-down",4.83650676010686e-156,-0.580247535950187,1,1,2.26943778743476e-155,"Young_LRC_Columella_1",154.644081718162
"ATH-aux-cis-IR8-ARF5-1",8.90726103453683e-151,-0.245999322163397,1,1,3.8810208793339e-150,"Young_LRC_Columella_1",149.411054020812
"ATH-aux-reg-IR8-ARF5-1-down",3.53027497527751e-134,-0.639848235279685,0.998,1,1.43564515661285e-133,"Young_LRC_Columella_1",132.842952889877
"ATH-aux-reg-DR5-ARF3-down",1.05476150414891e-125,-0.694016586369882,0.992,1,4.02127823456771e-125,"Young_LRC_Columella_1",124.395635876771
"ATH-aux-cis-DR5-ARF5-2",9.16639658149628e-123,-0.239097801023582,1,1,3.28911877336043e-122,"Young_LRC_Columella_1",121.482920443427
"ATH-aux-reg-DR5-ARF8-down",6.50203230935909e-122,-0.610592908782886,0.988,1,2.20346650483836e-121,"Young_LRC_Columella_1",120.656893546867
"ATH-aux-cis-DR5-ARF8",5.42937076073733e-120,-0.217363706677312,1,1,1.74311377055251e-119,"Young_LRC_Columella_1",118.758674266183
"ATH-aux-trans-ARF",1.42686338199034e-109,1.35616808579777,0.925,0.856,4.35193331507055e-109,"Young_LRC_Columella_1",108.361317767979
"ATH-aux-reg-DR5-ARF6-up",1.21718107983882e-108,-0.480445409470438,1,1,3.4397155841324e-108,"Young_LRC_Columella_1",107.46347746596
"ATH-aux-cis-DR5-ARF3",1.24055316149037e-108,-0.208876310802636,1,1,3.4397155841324e-108,"Young_LRC_Columella_1",107.46347746596
"ATH-aux-cis-IR8-ARF8",5.0215983627511e-107,-0.212300560658351,1,1,1.33181521794703e-106,"Young_LRC_Columella_1",105.875556026962
"majortrend",7.31119193306059e-101,-0.166034813703491,1,1,1.85826128298623e-100,"Young_LRC_Columella_1",99.7308932215688
"ATH-aux-cis-DR5-TGTCGG",3.2728023562949e-94,-0.478660339061059,0.995,1,7.98563774935955e-94,"Young_LRC_Columella_1",93.0976903944951
"ATH-aux-cis-IR8-ARF2",2.42483448225342e-92,-0.259619088220681,1,1,5.68903474682533e-92,"Young_LRC_Columella_1",91.2449614136908
"ATH-aux-cis-IR8-ARF3",1.80676423613147e-90,-0.284202689578878,1,1,4.08194882977851e-90,"Young_LRC_Columella_1",89.3891324437856
"ATH-aux-trans-IAA",2.79105941978358e-89,-0.618883572008702,0.999,0.999,6.08052230738565e-89,"Young_LRC_Columella_1",88.2160591139061
"ATH-aux-reg-IR8-ARF1-up",4.72768224172678e-86,-1.28129733310516,0.218,0.541,9.94443506018392e-86,"Young_LRC_Columella_1",85.0024198839537
"ATH-aux-trans-Transport",1.12893610831373e-77,0.741406413370533,0.998,0.999,2.29550342023792e-77,"Young_LRC_Columella_1",76.6391220558105
"random3",3.38612562389922e-63,-0.231603600393766,1,1,6.66302138896298e-63,"Young_LRC_Columella_1",62.176328792601
"ATH-aux-cis-IR8-ARF6",4.72755986275139e-59,-0.196651448306826,1,1,9.01191098836983e-59,"Young_LRC_Columella_1",58.0451831065011
"ATH-aux-cis-IR8-TGTCNN",3.88240838776468e-51,-0.177933223451402,1,1,7.17657308041351e-51,"Young_LRC_Columella_1",50.1440828882856
"ATH-aux-reg-IR8-TGTCNN-up",1.22844593957296e-48,-0.444212469510221,0.978,0.997,2.2039765386456e-48,"Young_LRC_Columella_1",47.6567930328652
"ATH-aux-trans-Receptors",6.49845471405849e-48,-0.599697513840628,0.701,0.911,1.13258782159305e-47,"Young_LRC_Columella_1",46.9459281125341
"ATH-aux-reg-IR8-ARF8-up",1.87012930237072e-39,0.315026891187974,1,1,3.16883020679482e-39,"Young_LRC_Columella_1",38.4991010306827
"ATH-aux-reg-IR8-ARF3-up",1.16463133063296e-38,-0.502200865601542,0.989,0.997,1.9200678694219e-38,"Young_LRC_Columella_1",37.716683419841
"ATH-aux-cis-DR5-ARF1",5.53668981921218e-38,-0.132143300323731,1,1,8.88784418347219e-38,"Young_LRC_Columella_1",37.0512035677993
"random2",8.79530939867308e-38,-0.175401094602115,1,1,1.37567659825399e-37,"Young_LRC_Columella_1",36.8614836504766
"ATH-aux-trans-A-ARF",7.51930804366182e-34,1.33958912681884,0.686,0.588,1.14669447665843e-33,"Young_LRC_Columella_1",32.9405522793753
"ATH-aux-reg-DR5-ARF5-1-up",1.96733132931812e-19,0.131117610498291,1,1,2.89879185772287e-19,"Young_LRC_Columella_1",18.5377829672209
"ATH-aux-reg-IR8-ARF1-down",1.99588947580919e-19,-0.231177738036617,0.983,0.997,2.89879185772287e-19,"Young_LRC_Columella_1",18.5377829672209
"ATH-aux-reg-IR8-ARF5-2-down",2.07558530520583e-18,-0.494711951964489,0.838,0.941,2.94443496785013e-18,"Young_LRC_Columella_1",17.5309980332668
"ATH-aux-reg-DR5-TGTCNN-up",1.16360800245884e-17,-0.242459563335205,1,1,1.61318382159066e-17,"Young_LRC_Columella_1",16.7923161421251
"ATH-aux-reg-IR8-ARF2-up",2.66680417211048e-17,-0.179349631460759,0.999,1,3.6150012110831e-17,"Young_LRC_Columella_1",16.4418915528738
"ATH-aux-reg-IR8-ARF6-down",1.21472907856147e-16,-0.245092418016187,0.921,0.977,1.61083638678804e-16,"Young_LRC_Columella_1",15.7929485687823
"ATH-aux-reg-IR8-ARF5-1-up",3.34943570325654e-15,0.181605612971451,1,1,4.34713995529041e-15,"Young_LRC_Columella_1",14.3617963775612
"ATH-aux-reg-DR5-ARF5-2-down",1.98665350827083e-14,-0.245385118464904,0.906,0.965,2.52470550009419e-14,"Young_LRC_Columella_1",13.5977892738397
"ATH-aux-reg-DR5-ARF2-up",2.63424861038718e-11,-0.176953749580152,1,1,3.27937071905342e-11,"Young_LRC_Columella_1",10.4842094853927
"ATH-aux-trans-PolarAuxinTransport",1.52242804087152e-08,0.322735265733825,0.965,0.987,1.85736220986326e-08,"Young_LRC_Columella_1",7.73110339491096
"ATH-aux-reg-IR8-ARF6-up",1.79145966566292e-06,0.166055146860302,0.999,1,2.1427262667733e-06,"Young_LRC_Columella_1",5.66903330652376
"ATH-aux-reg-DR5-ARF8-up",1.86459766661948e-06,0.0664045821858106,1,1,2.18731649353439e-06,"Young_LRC_Columella_1",5.66008837222034
"ATH-aux-reg-DR5-ARF1-down",8.08524490832871e-06,-0.162058773292033,0.936,0.968,9.30565923411418e-06,"Young_LRC_Columella_1",5.03125285503223
"ATH-aux-reg-DR5-ARF5-2-up",1.14984184851521e-05,0.288552916290271,0.973,0.984,1.29889542147089e-05,"Young_LRC_Columella_1",4.88642581405895
"ATH-aux-reg-DR5-ARF1-up",0.0112376454022213,0.0454556857043302,1,0.999,0.0124635703551908,"Young_LRC_Columella_1",1.90435753043418
"random1",0.0123742870082689,0.0483870709177981,1,1,0.0134791340625786,"Young_LRC_Columella_1",1.87033800720155
"ATH-aux-reg-IR8-ARF3-down",0.0141598177651053,0.114784993758515,0.774,0.847,0.0151534891872179,"Young_LRC_Columella_1",1.81948735658188
"ATH-aux-trans-ConjugationDeconjugation",0.0201313799871255,0.0651755074070313,0.999,1,0.0211726582623217,"Young_LRC_Columella_1",1.67422461216566
"ATH-aux-reg-IR8-TGTCNN-down",0.281613893047994,0.190444479339226,0.762,0.834,0.291160126710638,"Young_LRC_Columella_1",0.535868100290399
"ATH-aux-reg-IR8-ARF2-down",0.578857470851552,0.195210595043895,0.959,0.984,0.588505095365744,"Young_LRC_Columella_1",0.230249772617239
"ATH-aux-reg-IR8-ARF5-2-up",0.852276993701196,0.052675261569993,1,1,0.852276993701196,"Young_LRC_Columella_1",0.0694192347106027
"ATH-aux-reg-DR5-ARF3-up",1.77552273540185e-220,1.43764290540875,1,1,1.08306886859513e-218,"Young_Atrichoblast_1",217.965343927216
"ATH-aux-reg-DR5-ARF2-down",8.34291336052429e-219,-1.05965876069635,1,1,2.54458857495991e-217,"Young_Atrichoblast_1",216.594382427107
"ATH-aux-reg-DR5-TGTCNN-down",5.65348042435525e-211,-1.21738194430808,1,1,1.1495410196189e-209,"Young_Atrichoblast_1",208.939475526982
"ATH-aux-reg-DR5-ARF5-1-down",6.38762395558368e-210,-0.860353022909656,1,1,9.74112653226511e-209,"Young_Atrichoblast_1",208.011390815354
"ATH-aux-reg-DR5-ARF6-down",1.86483096187052e-199,-0.857982160041957,1,1,2.27509377348204e-198,"Young_Atrichoblast_1",197.643000698142
"ATH-aux-reg-DR5-ARF1-up",2.92024541857225e-168,1.12171298819833,1,1,2.96891617554846e-167,"Young_Atrichoblast_1",166.527402064112
"ATH-aux-cis-DR5-TGTCNN",6.1583546149067e-165,-0.349980289636934,1,1,5.3665661644187e-164,"Young_Atrichoblast_1",163.270303511852
"ATH-aux-reg-DR5-ARF5-1-up",2.56836148713765e-160,0.578110151404351,1,1,1.95837563394246e-159,"Young_Atrichoblast_1",158.708104002981
"ATH-aux-trans-PolarAuxinTransport",2.16731438411069e-144,-1.32024079259197,0.874,0.993,1.46895752700835e-143,"Young_Atrichoblast_1",142.832990761087
"ATH-aux-reg-DR5-ARF5-2-up",1.80906926848454e-139,0.944280452486024,1,1,1.10353225377557e-138,"Young_Atrichoblast_1",137.957214968862
"ATH-aux-reg-DR5-ARF3-down",1.70511702370179e-135,-0.942724892319706,0.998,1,9.45564894961902e-135,"Young_Atrichoblast_1",134.024308659779
"ATH-aux-reg-IR8-ARF5-1-up",1.95523657551798e-113,0.546166411931883,1,1,9.93911925888306e-113,"Young_Atrichoblast_1",112.002652098294
"ATH-aux-trans-ARF",9.05036788548869e-109,1.31643562720039,0.953,0.939,4.24671108472931e-108,"Young_Atrichoblast_1",107.371947284236
"ATH-aux-reg-DR5-ARF8-down",1.31029925016158e-100,-0.57104478598136,0.998,1,5.70916101856119e-100,"Young_Atrichoblast_1",99.243427708178
"ATH-aux-reg-DR5-ARF1-down",1.42569881025834e-96,-0.810465323306574,0.985,1,5.7978418283839e-96,"Young_Atrichoblast_1",95.2367336368591
"ATH-aux-trans-Synthesis",3.43255829788066e-94,-1.5289159401335,0.118,0.498,1.308662851067e-93,"Young_Atrichoblast_1",92.8831722257035
"ATH-aux-reg-DR5-ARF8-up",5.1407826121033e-91,0.460907677597154,1,1,1.84463376081354e-90,"Young_Atrichoblast_1",89.734089847091
"ATH-aux-cis-IR8-ARF3",1.1675936185851e-86,-0.280917625860347,1,1,3.95684504076062e-86,"Young_Atrichoblast_1",85.4026509573813
"ATH-aux-cis-IR8-ARF5-1",2.05434301590821e-85,-0.191798746706963,1,1,6.59552231423163e-85,"Young_Atrichoblast_1",84.1807508059999
"ATH-aux-cis-DR5-ARF2",5.02679402417327e-80,-0.149039931511036,1,1,1.53317217737285e-79,"Young_Atrichoblast_1",78.8144090705311
"ATH-aux-cis-IR8-ARF5-2",1.87942692823082e-78,-0.22113536794673,1,1,5.45928774390857e-78,"Young_Atrichoblast_1",77.2628640146337
"ATH-aux-cis-DR5-TGTCGG",2.4364383238898e-74,-0.538951154874362,0.993,0.995,6.75557898896717e-74,"Young_Atrichoblast_1",73.1703374237052
"ATH-aux-cis-IR8-ARF8",4.91615507795995e-73,-0.186110484399146,1,1,1.30384982502416e-72,"Young_Atrichoblast_1",71.884772426947
"ATH-aux-reg-IR8-ARF8-up",3.55568830854883e-69,0.414567634749535,1,1,9.03737445089494e-69,"Young_Atrichoblast_1",68.0439577229657
"ATH-aux-reg-DR5-ARF2-up",4.51923441777016e-69,0.36646925252598,1,1,1.10269319793592e-68,"Young_Atrichoblast_1",67.9575453044027
"random3",1.62468258051367e-65,-0.178329718810059,1,1,3.8117552850513e-65,"Young_Atrichoblast_1",64.418874988874
"ATH-aux-reg-IR8-ARF5-1-down",1.34199684882416e-63,-0.505429897538264,0.999,1,3.03191880660274e-63,"Young_Atrichoblast_1",62.5182824330916
"ATH-aux-reg-IR8-ARF8-down",3.44780984984906e-62,-0.626505148862718,0.995,1,7.5113000300283e-62,"Young_Atrichoblast_1",61.124284890292
"ATH-aux-reg-IR8-ARF3-down",5.04087237928681e-62,-0.765211502372597,0.925,0.975,1.06032143150516e-61,"Young_Atrichoblast_1",60.9745624604259
"ATH-aux-reg-DR5-TGTCNN-up",2.66235772259045e-59,0.355601855839862,1,1,5.41346070260057e-59,"Young_Atrichoblast_1",58.2665250115043
"ATH-aux-reg-IR8-ARF1-up",7.56166655635134e-57,-0.752026681162217,0.714,0.914,1.48794083850784e-56,"Young_Atrichoblast_1",55.827414336277
"ATH-aux-cis-IR8-TGTCNN",9.40158638151281e-56,-0.191987255991802,1,1,1.79217740397588e-55,"Young_Atrichoblast_1",54.7466190026235
"ATH-aux-cis-DR5-ARF5-1",1.87680437644671e-54,-0.136530205499891,1,1,3.4692444534318e-54,"Young_Atrichoblast_1",53.4597650973802
"ATH-aux-reg-IR8-ARF5-2-up",6.04681472849316e-53,0.580491028235377,1,1,1.08486970128848e-52,"Young_Atrichoblast_1",51.9646224197966
"ATH-aux-reg-IR8-ARF6-up",1.52191467770367e-52,0.396485381206282,1,1,2.65247986685496e-52,"Young_Atrichoblast_1",51.576347903844
"ATH-aux-reg-IR8-ARF6-down",5.78764371909729e-50,-0.423776539617428,0.993,0.998,9.80684074624818e-50,"Young_Atrichoblast_1",49.0084708771714
"ATH-aux-cis-IR8-ARF1",1.18042110916564e-48,-0.207674184340191,1,1,1.94609966646227e-48,"Young_Atrichoblast_1",47.7108349217829
"ATH-aux-cis-IR8-ARF6",1.65243620774063e-46,-0.12721614405924,1,1,2.65259496505732e-46,"Young_Atrichoblast_1",45.5763290590526
"ATH-aux-reg-IR8-ARF2-up",9.09213592852082e-46,0.423201617363494,1,1,1.42210331189685e-45,"Young_Atrichoblast_1",44.8470688521598
"ATH-aux-trans-A-ARF",9.42815618224924e-45,1.0367637562932,0.85,0.843,1.43779381779301e-44,"Young_Atrichoblast_1",43.8423033880942
"ATH-aux-reg-DR5-ARF6-up",3.26557245104277e-44,0.222507410915605,1,1,4.85853462228315e-44,"Young_Atrichoblast_1",43.313494698108
"ATH-aux-cis-DR5-ARF6",7.20663866282609e-42,-0.106234725687775,1,1,1.04667847245807e-41,"Young_Atrichoblast_1",40.9801867080848
"random2",4.48501118193457e-41,-0.172611127106881,1,1,6.36245772320951e-41,"Young_Atrichoblast_1",40.1963750904136
"ATH-aux-reg-IR8-ARF5-2-down",1.88264371380902e-40,-0.498956125460281,0.963,0.991,2.61002878505341e-40,"Young_Atrichoblast_1",39.5833547029602
"majortrend",3.13291080128719e-30,-0.0802762654189291,1,1,4.24683464174485e-30,"Young_Atrichoblast_1",29.3719346487281
"ATH-aux-reg-IR8-ARF2-down",1.40080292061646e-27,-0.283797358105279,0.971,0.988,1.85758648168704e-27,"Young_Atrichoblast_1",26.7310509581083
"ATH-aux-trans-ConjugationDeconjugation",1.10486668389549e-25,0.408803949856583,1,1,1.43397590888563e-25,"Young_Atrichoblast_1",24.8434581448509
"ATH-aux-cis-DR5-ARF8",1.14330175151654e-24,-0.0797744154286466,1,1,1.4529459758856e-24,"Young_Atrichoblast_1",23.8377505335416
"ATH-aux-cis-IR8-ARF2",1.92122968359452e-18,-0.0817329957104158,1,1,2.39173491222992e-18,"Young_Atrichoblast_1",17.6212869570145
"ATH-aux-cis-DR5-ARF5-2",1.47695524539134e-17,-0.0931600852087704,1,1,1.80188539937743e-17,"Young_Atrichoblast_1",16.7442728337791
"ATH-aux-trans-Transport",4.44133198264939e-17,-0.355682288255466,0.985,0.998,5.31218139101201e-17,"Young_Atrichoblast_1",16.2747271038639
"ATH-aux-reg-IR8-ARF1-down",1.51581030224011e-16,-0.391774648195983,0.994,0.996,1.77816208532013e-16,"Young_Atrichoblast_1",15.7500286541916
"ATH-aux-reg-DR5-ARF5-2-down",7.09131590540812e-12,-0.210752405065855,0.982,0.991,8.16170321188481e-12,"Young_Atrichoblast_1",11.0882192017441
"ATH-aux-reg-IR8-ARF3-up",1.58548050482435e-07,-0.150593287533441,0.995,0.993,1.79100575544973e-07,"Young_Atrichoblast_1",6.74690301853062
"ATH-aux-trans-Receptors",2.22145657435514e-05,-0.256357835467888,0.959,0.991,2.46379729155752e-05,"Young_Atrichoblast_1",4.60839502653174
"ATH-aux-reg-IR8-TGTCNN-down",0.000108352482151856,-0.0764684034433041,0.943,0.955,0.000118026810915414,"Young_Atrichoblast_1",3.92801932735476
"ATH-aux-reg-IR8-TGTCNN-up",0.000168690498450248,-0.0826663088348907,0.997,1,0.000180528428166055,"Young_Atrichoblast_1",3.74345439916825
"ATH-aux-trans-IAA",0.00133006215582658,-0.118877255034964,0.994,0.996,0.0013988584742314,"Young_Atrichoblast_1",2.85422622186948
"ATH-aux-cis-DR5-ARF3",0.564101283556999,-0.00933298738062294,1,1,0.58322336096571,"Young_Atrichoblast_1",0.234165088710473
"ATH-aux-cis-DR5-ARF1",0.644731088677462,-0.0132069671274013,1,1,0.655476606822086,"Young_Atrichoblast_1",0.183442803149138
"random1",0.961150197634865,0.00309978488426207,1,1,0.961150197634865,"Young_Atrichoblast_1",0.0172087404198531
"ATH-aux-reg-DR5-ARF2-down",4.76491077693987e-276,-1.08456903157674,1,1,2.90659557393332e-274,"Young_LRC_Columella_2",273.536615392113
"ATH-aux-reg-DR5-ARF5-1-down",6.29178964041218e-244,-0.830579746682344,1,1,1.91899584032571e-242,"Young_LRC_Columella_2",241.716925966654
"ATH-aux-cis-DR5-ARF2",1.31166749364657e-216,-0.336139503203975,1,1,2.66705723708136e-215,"Young_LRC_Columella_2",214.573967663919
"ATH-aux-reg-DR5-TGTCNN-down",2.62774422655971e-213,-1.05519762472369,0.999,1,4.00730994550356e-212,"Young_LRC_Columella_2",211.397147065749
"ATH-aux-cis-DR5-TGTCNN",1.28245482481063e-199,-0.43397831168974,1,1,1.56459488626897e-198,"Young_LRC_Columella_2",197.805598093538
"ATH-aux-reg-DR5-ARF6-down",1.76346929474981e-166,-0.644615930726813,1,1,1.79286044966231e-165,"Young_LRC_Columella_2",164.746453513171
"ATH-aux-cis-DR5-ARF6",1.48828104798685e-159,-0.257876762413481,1,1,1.2969306275314e-158,"Young_LRC_Columella_2",157.887083253589
"ATH-aux-reg-DR5-ARF8-down",8.90803775817228e-159,-0.806420892771606,0.995,1,6.79237879060636e-158,"Young_LRC_Columella_2",157.167978102787
"ATH-aux-cis-DR5-ARF8",1.9316836378558e-154,-0.251803502278303,1,1,1.3092522434356e-153,"Young_LRC_Columella_2",152.882976673252
"ATH-aux-reg-DR5-ARF3-up",2.3402798382518e-152,0.771119923703083,1,1,1.4275707013336e-151,"Young_LRC_Columella_2",150.845402373843
"ATH-aux-cis-DR5-ARF5-1",2.12987023884978e-150,-0.207932829314718,1,1,1.18110985972579e-149,"Young_LRC_Columella_2",148.927709705051
"ATH-aux-reg-DR5-ARF3-down",8.14613309335723e-133,-0.832168027202759,0.996,1,4.14095098912326e-132,"Young_LRC_Columella_2",131.382899909628
"majortrend",9.75102746731104e-133,-0.182379022007372,1,1,4.57548211927672e-132,"Young_LRC_Columella_2",131.339563137508
"ATH-aux-cis-IR8-ARF1",1.6178681186636e-128,-0.347749710448883,1,1,7.04928251703427e-128,"Young_LRC_Columella_2",127.151855083682
"ATH-aux-cis-IR8-ARF5-2",5.46198740054118e-121,-0.306120372822607,1,1,2.22120820955341e-120,"Young_LRC_Columella_2",119.65341073005
"random3",4.41955480159503e-118,-0.326255830174556,1,1,1.68495526810811e-117,"Young_LRC_Columella_2",116.773411624212
"ATH-aux-cis-IR8-ARF5-1",3.20715540360809e-113,-0.229500190005214,1,1,1.15080282129467e-112,"Young_LRC_Columella_2",111.938999082069
"ATH-aux-trans-IAA",1.72241768367302e-101,-0.602978296376572,0.999,1,5.83708215022524e-101,"Young_LRC_Columella_2",100.233804194451
"ATH-aux-cis-IR8-ARF2",1.50098998373253e-100,-0.264791249714829,1,1,4.8189678425097e-100,"Young_LRC_Columella_2",99.3170459717829
"ATH-aux-cis-DR5-ARF5-2",6.08937971906463e-97,-0.207933914165178,1,1,1.85726081431471e-96,"Young_LRC_Columella_2",95.7311271041956
"ATH-aux-trans-Synthesis",1.56365450367744e-86,-1.65500232273414,0.451,0.769,4.54204403449162e-86,"Young_LRC_Columella_2",85.3427486596707
"ATH-aux-trans-ARF",3.31315270734546e-83,0.974410556151611,0.971,0.953,9.18646887036697e-83,"Young_LRC_Columella_2",82.0368513922932
"random2",8.03191646634586e-83,-0.263695155434249,1,1,2.13020393237868e-82,"Young_LRC_Columella_2",81.6715788179382
"ATH-aux-cis-IR8-ARF6",4.89335205059288e-82,-0.220946833597594,1,1,1.24372697952569e-81,"Young_LRC_Columella_2",80.9052749446442
"ATH-aux-reg-IR8-ARF5-1-up",1.10258768644967e-77,0.397738854077424,1,1,2.69031395493719e-77,"Young_LRC_Columella_2",76.570197035633
"ATH-aux-cis-IR8-TGTCNN",1.31624379920422e-71,-0.215252143917384,1,1,3.08811045197914e-71,"Young_LRC_Columella_2",70.5103071747135
"ATH-aux-cis-DR5-ARF3",3.3343396416414e-67,-0.172030802789697,1,1,7.53313770889354e-67,"Young_LRC_Columella_2",66.1230240934109
"ATH-aux-cis-IR8-ARF8",8.81844257540373e-67,-0.168123252512573,1,1,1.92116070392724e-66,"Young_LRC_Columella_2",65.7164363051489
"ATH-aux-reg-DR5-ARF6-up",2.88422132305332e-62,-0.371402126942313,1,1,6.06681036918112e-62,"Young_LRC_Columella_2",61.2170395796242
"ATH-aux-reg-DR5-ARF1-down",1.00743740063164e-55,-0.586223937637019,0.956,0.986,2.048456047951e-55,"Young_LRC_Columella_2",54.688573349913
"ATH-aux-reg-IR8-ARF1-up",4.92643308486838e-41,-0.750499520222778,0.268,0.516,9.69394897345068e-41,"Young_LRC_Columella_2",40.013499270626
"ATH-aux-cis-IR8-ARF3",6.28890326709567e-38,-0.201500240304826,1,1,1.19882218529011e-37,"Young_LRC_Columella_2",36.9212452286394
"ATH-aux-reg-IR8-ARF8-up",5.18480529463046e-37,0.314214645328782,1,1,9.58403402946843e-37,"Young_LRC_Columella_2",36.018451652928
"ATH-aux-cis-DR5-ARF1",5.05211277300024e-35,-0.126556370310455,1,1,9.06408468097102e-35,"Young_LRC_Columella_2",34.042676045741
"ATH-aux-cis-DR5-TGTCGG",1.56523854235478e-32,-0.363938832276272,0.98,0.995,2.72798717381833e-32,"Young_LRC_Columella_2",31.5641576759338
"ATH-aux-reg-DR5-ARF5-2-down",2.69156813664111e-30,-0.426450291075324,0.938,0.978,4.56071267597521e-30,"Young_LRC_Columella_2",29.3409672873664
"ATH-aux-trans-ConjugationDeconjugation",3.04494960696327e-29,0.349016549586445,0.998,1,5.02005205472322e-29,"Young_LRC_Columella_2",28.2992917794761
"ATH-aux-reg-DR5-ARF5-1-up",1.28416091517976e-27,0.167780955584776,1,1,2.06141620594646e-27,"Young_LRC_Columella_2",26.6858343140446
"ATH-aux-reg-DR5-TGTCNN-up",2.0139966484265e-25,-0.268844921720761,1,1,3.15009732189786e-25,"Young_LRC_Columella_2",24.5016760285246
"ATH-aux-reg-IR8-ARF8-down",2.60840087503667e-25,-0.323018330039189,0.99,0.996,3.97781133443092e-25,"Young_LRC_Columella_2",24.4003558190896
"ATH-aux-reg-DR5-ARF5-2-up",7.71766334240053e-24,0.354410039279747,0.996,0.999,1.14823771679618e-23,"Young_LRC_Columella_2",22.9399681917243
"ATH-aux-reg-DR5-ARF2-up",2.03978057457403e-20,-0.232268087471073,1,1,2.962538453548e-20,"Young_LRC_Columella_2",19.5283360038324
"ATH-aux-reg-IR8-ARF5-1-down",2.1472384399062e-20,-0.220104701742454,0.997,1,3.04608243800647e-20,"Young_LRC_Columella_2",19.5162583472617
"ATH-aux-reg-IR8-ARF5-2-down",3.67382412652448e-18,-0.294100831285379,0.856,0.941,5.09325617540894e-18,"Young_LRC_Columella_2",17.2930044795732
"ATH-aux-trans-A-ARF",1.61631671767009e-16,0.522245831615854,0.84,0.827,2.19100710617501e-16,"Young_LRC_Columella_2",15.6593562138735
"ATH-aux-trans-Transport",3.34538125989501e-16,0.31885195816245,0.996,0.996,4.43626645333904e-16,"Young_LRC_Columella_2",15.3529823769188
"ATH-aux-reg-IR8-TGTCNN-up",2.36282269965872e-15,-0.314513427314905,0.989,0.993,3.06664222721663e-15,"Young_LRC_Columella_2",14.5133368884482
"ATH-aux-trans-Receptors",7.10405758785594e-13,-0.277315576888928,0.777,0.897,9.02807318456692e-13,"Young_LRC_Columella_2",12.0444049290443
"ATH-aux-reg-IR8-ARF5-2-up",3.74137595592774e-11,0.269139036225395,1,1,4.65763129207331e-11,"Young_LRC_Columella_2",10.3318348941087
"ATH-aux-reg-IR8-ARF3-up",1.65803403846892e-07,0.200554427577274,0.988,0.98,2.02280152693208e-07,"Young_LRC_Columella_2",6.69404672720781
"random1",5.07604333372665e-07,-0.0687169184924441,1,1,6.07134594818285e-07,"Young_LRC_Columella_2",6.21671502011564
"ATH-aux-reg-IR8-ARF2-up",5.45691872274428e-07,-0.0736456769512031,1,1,6.40138542475771e-07,"Young_LRC_Columella_2",6.1937260233266
"ATH-aux-reg-IR8-ARF6-down",0.00013830963487988,-0.0810187269227835,0.954,0.98,0.000159186560899485,"Young_LRC_Columella_2",3.79809359974885
"ATH-aux-reg-IR8-TGTCNN-down",0.00143418110481668,0.37299042285587,0.772,0.811,0.00162009347025587,"Young_LRC_Columella_2",2.79045992839236
"ATH-aux-reg-IR8-ARF3-down",0.0110859237014276,0.00046626599226185,0.761,0.831,0.0122952971961288,"Young_LRC_Columella_2",1.91026096923687
"ATH-aux-reg-DR5-ARF1-up",0.0202058569599665,0.171270054180137,1,1,0.0220099513313921,"Young_LRC_Columella_2",1.65738091776156
"ATH-aux-reg-IR8-ARF2-down",0.0894402845218291,0.147937116504378,0.939,0.972,0.0957167957163435,"Young_LRC_Columella_2",1.01901184856678
"ATH-aux-trans-PolarAuxinTransport",0.410379695885557,-0.0273696691423091,0.927,0.934,0.431606231879638,"Young_LRC_Columella_2",0.364912293249092
"ATH-aux-reg-IR8-ARF6-up",0.447764422067478,-0.0329681965096369,1,1,0.462942877052816,"Young_LRC_Columella_2",0.334472593671553
"ATH-aux-reg-DR5-ARF8-up",0.696227658970041,-0.0253508285627886,1,1,0.707831453286208,"Young_LRC_Columella_2",0.150070142906282
"ATH-aux-reg-IR8-ARF1-down",0.93517884623754,0.105281039797605,0.981,0.99,0.93517884623754,"Young_LRC_Columella_2",0.0291053254841674
"ATH-aux-reg-DR5-ARF2-down",1.13870161554449e-76,-0.793895590600759,0.997,1,6.94607985482138e-75,"Young_LRC",74.1582602281792
"ATH-aux-cis-IR8-ARF5-2",3.06378168691877e-56,-0.27184674892938,1,1,9.34453414510226e-55,"Young_LRC",54.0294423447137
"ATH-aux-reg-DR5-ARF3-down",1.01193299049818e-51,-0.81967653599942,0.977,1,2.05759708067962e-50,"Young_LRC",49.6866396649328
"ATH-aux-trans-IAA",2.22999073269821e-50,-0.677512579849889,1,1,3.40073586736476e-49,"Young_LRC",48.468427098088
"ATH-aux-trans-Transport",1.65159238104541e-44,0.868393697957668,0.999,0.993,2.0149427048754e-43,"Young_LRC",42.6957372985602
"ATH-aux-cis-IR8-ARF1",2.3057450930373e-44,-0.308355933872896,1,1,2.34417417792125e-43,"Young_LRC",42.6300101223042
"ATH-aux-trans-Synthesis",4.72218677163238e-44,-1.05823846706883,0.553,0.86,4.1150484724225e-43,"Young_LRC",42.3856250447332
"ATH-aux-reg-DR5-TGTCNN-down",4.62606146936438e-42,-0.543372374465952,0.999,1,3.52737187039034e-41,"Young_LRC",40.4525487527666
"ATH-aux-reg-IR8-ARF8-down",6.64659695879724e-40,-0.668999405362194,0.986,0.998,4.50491571651813e-39,"Young_LRC",38.3463133299221
"ATH-aux-reg-IR8-ARF8-up",1.90277158759788e-32,0.420547615796457,1,1,1.16069066843471e-31,"Young_LRC",30.9352835071276
"ATH-aux-reg-DR5-ARF5-1-up",6.01048263943743e-32,0.275597146114009,1,1,3.33308582732439e-31,"Young_LRC",30.4771535030651
"ATH-aux-trans-ARF",3.86304609577208e-30,0.948324806644842,0.955,0.896,1.96371509868414e-29,"Young_LRC",28.7069215206451
"ATH-aux-reg-DR5-ARF6-down",1.86322991404428e-29,-0.392907438328821,0.997,1,8.74284805820777e-29,"Young_LRC",28.0583470691417
"ATH-aux-reg-DR5-ARF3-up",2.52767052546599e-24,0.440417591417582,1,1,1.10134215752447e-23,"Young_LRC",22.9580777363962
"ATH-aux-reg-IR8-ARF2-down",1.99448184087473e-23,1.05064762934576,0.957,0.94,8.11089281955725e-23,"Young_LRC",22.0909313374947
"ATH-aux-reg-DR5-ARF5-1-down",1.42454933410763e-18,-0.254409598125613,1,1,5.43109433628535e-18,"Young_LRC",17.2651126535925
"ATH-aux-trans-PolarAuxinTransport",2.12590832949439e-18,0.639559218418107,0.943,0.904,7.62825929995045e-18,"Young_LRC",17.117574552828
"random1",1.02189859896752e-17,0.254537798043404,1,1,3.46310080761215e-17,"Young_LRC",16.460534866362
"ATH-aux-reg-DR5-ARF1-down",2.86686989579462e-14,0.663116887991472,0.89,0.875,9.20416124439324e-14,"Young_LRC",13.0360157816878
"ATH-aux-reg-IR8-ARF2-up",1.7644171406276e-13,0.409240700510398,0.996,0.998,5.38147227891418e-13,"Young_LRC",12.269098892524
"ATH-aux-reg-DR5-ARF8-down",4.76641037628159e-13,-0.268792860906826,0.981,0.998,1.38452872834846e-12,"Young_LRC",11.8586980284097
"ATH-aux-reg-IR8-ARF1-up",5.44323670014323e-12,-0.679349036144266,0.115,0.248,1.50926108503971e-11,"Young_LRC",10.8212356257088
"ATH-aux-reg-DR5-ARF8-up",5.32225272515185e-11,0.189263174796692,1,1,1.41155398362723e-10,"Young_LRC",9.85030250799308
"ATH-aux-reg-IR8-ARF5-1-up",6.59163651761398e-11,0.212011778753871,1,1,1.67537428156022e-10,"Young_LRC",9.77588815563721
"ATH-aux-reg-IR8-ARF1-down",6.92127548080564e-11,-0.196618228851364,0.962,0.998,1.68879121731658e-10,"Young_LRC",9.77242403827505
"ATH-aux-cis-DR5-TGTCNN",1.92056167320209e-09,-0.0974421642938975,1,1,4.50593315635875e-09,"Young_LRC",8.34621525514212
"ATH-aux-reg-IR8-ARF5-2-down",2.7689688586071e-09,-0.225273118236018,0.799,0.92,6.25581853240862e-09,"Young_LRC",8.20371585769703
"ATH-aux-cis-DR5-ARF2",3.32641333880793e-09,-0.0898329913715399,1,1,7.24682905954584e-09,"Young_LRC",8.139851982834
"ATH-aux-reg-DR5-ARF2-up",4.3438685775781e-09,0.210661934181522,1,1,9.13710287007808e-09,"Young_LRC",8.03919148555602
"ATH-aux-cis-DR5-ARF5-1",6.04573557775972e-08,-0.0677983166728607,1,1,1.22929956747781e-07,"Young_LRC",6.91034227118253
"ATH-aux-cis-DR5-ARF3",2.13975316056103e-07,-0.0793697016836683,1,1,4.21048202562009e-07,"Young_LRC",6.37566818229175
"ATH-aux-cis-IR8-ARF2",8.36477417743909e-07,0.0826495164794227,1,1,1.59453507757433e-06,"Young_LRC",5.79736592243582
"random3",3.99816757607668e-06,0.0855379432214236,1,1,7.39055218608114e-06,"Young_LRC",5.13132311202344
"ATH-aux-cis-DR5-ARF6",7.87194802168231e-06,-0.0583448962390616,1,1,1.412320086243e-05,"Young_LRC",4.85006686423664
"ATH-aux-trans-A-ARF",1.66432847112379e-05,0.965781804751215,0.813,0.798,2.90068676395861e-05,"Young_LRC",4.53749916676064
"ATH-aux-cis-DR5-ARF5-2",2.52533281642058e-05,-0.0676971057309986,1,1,4.2790361611571e-05,"Young_LRC",4.3686540433771
"ATH-aux-reg-DR5-ARF5-2-up",0.00109879678624032,0.226663553645472,0.941,0.969,0.00181152983677457,"Young_LRC",2.74195450852989
"ATH-aux-reg-DR5-TGTCNN-up",0.0021956286379852,-0.131300472750008,0.999,1,0.00352456176097624,"Young_LRC",2.4528948748773
"ATH-aux-reg-IR8-ARF5-1-down",0.00255183046594631,-0.11969924282719,0.997,1,0.00399132457494166,"Young_LRC",2.39888295390616
"ATH-aux-reg-IR8-ARF6-up",0.00708216399793588,0.168203542336272,1,0.995,0.0106461681585416,"Young_LRC",1.97280667833329
"ATH-aux-reg-IR8-ARF6-down",0.00715562122131482,-0.0799524849610443,0.916,0.969,0.0106461681585416,"Young_LRC",1.97280667833329
"ATH-aux-reg-IR8-ARF3-up",0.0129290271678715,0.321744673959114,0.964,0.957,0.0186870694898061,"Young_LRC",1.72845879943412
"ATH-aux-cis-IR8-ARF3",0.013172852263306,0.0490353989901591,1,1,0.0186870694898061,"Young_LRC",1.72845879943412
"ATH-aux-cis-IR8-ARF8",0.0172951674469503,-0.0304811899719578,1,1,0.0235890167326326,"Young_LRC",1.62729016155153
"ATH-aux-reg-DR5-ARF6-up",0.0174017336552208,-0.0338960959713717,1,1,0.0235890167326326,"Young_LRC",1.62729016155153
"ATH-aux-cis-IR8-ARF6",0.0219900832700872,-0.0422203885628455,1,1,0.0291607625972895,"Young_LRC",1.53520112275927
"ATH-aux-cis-DR5-ARF8",0.0323837771736972,-0.0296777545905319,1,1,0.0418794883103619,"Young_LRC",1.3779986332335
"ATH-aux-cis-IR8-ARF5-1",0.0332939715758323,-0.0302647281170733,1,1,0.0418794883103619,"Young_LRC",1.3779986332335
"ATH-aux-reg-IR8-ARF5-2-up",0.0341695388624125,0.0707087878997528,1,1,0.0418794883103619,"Young_LRC",1.3779986332335
"ATH-aux-cis-DR5-TGTCGG",0.0343274494347229,0.101539019594247,0.983,0.998,0.0418794883103619,"Young_LRC",1.3779986332335
"ATH-aux-reg-DR5-ARF1-up",0.035812210170944,-0.0641568889210251,0.999,0.998,0.0428342121652468,"Young_LRC",1.3682092165169
"ATH-aux-trans-Receptors",0.0373153597001729,-0.0592173099993663,0.565,0.692,0.0437737873405874,"Young_LRC",1.35878587628018
"ATH-aux-cis-DR5-ARF1",0.0387226366953669,-0.0316748948227641,1,1,0.0445675629890072,"Young_LRC",1.35098111303886
"ATH-aux-reg-DR5-ARF5-2-down",0.146693145057902,0.161879374320931,0.88,0.913,0.165708923120963,"Young_LRC",0.78065410499131
"random2",0.196084403470914,-0.0272313209843655,1,1,0.217475429304105,"Young_LRC",0.662589803171087
"ATH-aux-reg-IR8-TGTCNN-up",0.310464211290349,0.0104323703659939,0.967,0.978,0.338184230155558,"Young_LRC",0.470846647820775
"ATH-aux-cis-IR8-TGTCNN",0.394132353420886,0.00892350713278828,1,1,0.421790764187264,"Young_LRC",0.374902934094923
"ATH-aux-reg-IR8-TGTCNN-down",0.428991455678812,0.0580890842732055,0.75,0.814,0.451180668903578,"Young_LRC",0.345649516224083
"majortrend",0.777189395081996,-0.00186228868829114,1,1,0.803534798305115,"Young_LRC",0.0949953107056812
"ATH-aux-reg-IR8-ARF3-down",0.813911896833469,0.170544549096437,0.763,0.805,0.827477095114027,"Young_LRC",0.0822440188250658
"ATH-aux-trans-ConjugationDeconjugation",0.990462871520487,0.0133430308043361,1,1,0.990462871520487,"Young_LRC",0.00416179977812988
"ATH-aux-reg-DR5-ARF3-up",5.7187265100947e-226,1.8525452072642,1,1,3.48842317115777e-224,"Atrichoblast_In_Differenciation",223.457370837458
"ATH-aux-reg-DR5-ARF6-down",2.74979003453423e-215,-1.21612828792943,1,1,8.3868596053294e-214,"Atrichoblast_In_Differenciation",213.076400626941
"ATH-aux-reg-DR5-ARF5-1-down",2.3971315967642e-214,-0.983884477320182,1,1,4.8741675800872e-213,"Atrichoblast_In_Differenciation",212.312099543297
"ATH-aux-reg-DR5-ARF5-1-up",4.88605836735691e-195,0.975906847481481,1,1,7.45123901021929e-194,"Atrichoblast_In_Differenciation",193.1277715057
"ATH-aux-reg-DR5-ARF2-down",1.95682409162096e-172,-0.985371362072073,1,1,2.38732539177758e-171,"Atrichoblast_In_Differenciation",170.622088382743
"ATH-aux-reg-DR5-TGTCNN-down",1.37884685563382e-160,-1.14854097175185,1,1,1.40182763656105e-159,"Atrichoblast_In_Differenciation",158.853305382298
"ATH-aux-reg-DR5-ARF2-up",1.92157883400709e-160,0.936402289074474,1,1,1.67451869820618e-159,"Atrichoblast_In_Differenciation",158.776109998627
"ATH-aux-reg-DR5-ARF8-up",3.05969753143024e-160,0.864522273008028,1,1,2.33301936771556e-159,"Atrichoblast_In_Differenciation",158.632081655867
"ATH-aux-reg-IR8-ARF5-1-up",8.07967849229833e-156,0.838390810455233,1,1,5.47622653366887e-155,"Atrichoblast_In_Differenciation",154.261518594817
"ATH-aux-reg-IR8-ARF8-down",3.28287418294299e-153,-1.2008544286916,0.995,0.998,2.00255325159523e-152,"Atrichoblast_In_Differenciation",151.698415926397
"ATH-aux-reg-DR5-ARF5-2-up",8.3976501113419e-152,1.39904636606189,0.998,0.95,4.65687869810778e-151,"Atrichoblast_In_Differenciation",150.331905074377
"ATH-aux-reg-DR5-ARF1-up",4.71954593949165e-133,1.27369633235625,1,1,2.39910251924159e-132,"Atrichoblast_In_Differenciation",131.61995119322
"ATH-aux-reg-IR8-ARF8-up",1.70565136767047e-131,0.823222252296856,1,1,8.0034410329153e-131,"Atrichoblast_In_Differenciation",130.09672325047
"ATH-aux-reg-IR8-ARF5-1-down",2.5118881723138e-129,-0.896383579091313,0.997,1,1.09446556079387e-128,"Atrichoblast_In_Differenciation",127.96079789969
"ATH-aux-reg-DR5-ARF8-down",1.8442539518956e-114,-0.752339882756901,0.997,1,7.49996607104209e-114,"Atrichoblast_In_Differenciation",113.124940701301
"ATH-aux-reg-IR8-ARF5-2-down",1.36324764533482e-105,-1.37539905269614,0.96,0.993,5.19738164783899e-105,"Atrichoblast_In_Differenciation",104.284215391419
"ATH-aux-cis-IR8-TGTCNN",7.61850428021947e-105,-0.332209558917324,1,1,2.73369859466699e-104,"Atrichoblast_In_Differenciation",103.563249370488
"ATH-aux-reg-IR8-ARF6-up",2.23841161410965e-100,0.836989401519403,1,1,7.58572824781605e-100,"Atrichoblast_In_Differenciation",99.1200027195805
"ATH-aux-reg-DR5-ARF3-down",4.06690596402087e-98,-0.851092242505023,0.998,1,1.30569086213302e-97,"Atrichoblast_In_Differenciation",96.884159635283
"ATH-aux-reg-DR5-TGTCNN-up",4.93381103126122e-98,0.720373372898173,1,0.998,1.50481236453467e-97,"Atrichoblast_In_Differenciation",96.822517648992
"ATH-aux-trans-Synthesis",4.09593411010434e-94,-1.61372156455433,0.345,0.795,1.18977133674459e-93,"Atrichoblast_In_Differenciation",92.9245364980465
"ATH-aux-cis-DR5-TGTCNN",3.95760131145811e-93,-0.304800535837252,1,1,1.09733490908611e-92,"Atrichoblast_In_Differenciation",91.9596608045401
"ATH-aux-reg-IR8-ARF6-down",3.60757448051656e-90,-0.931939890983654,0.987,0.998,9.5679149265874e-90,"Atrichoblast_In_Differenciation",89.0191826948814
"ATH-aux-cis-IR8-ARF5-2",2.06572923573934e-88,-0.359290161938521,1,1,5.2503951408375e-88,"Atrichoblast_In_Differenciation",87.279808010684
"ATH-aux-trans-ARF",7.96965135389685e-80,1.5193292588121,0.892,0.8,1.94459493035083e-79,"Atrichoblast_In_Differenciation",78.7111708508085
"ATH-aux-trans-Receptors",5.85840549541113e-73,-1.37457237338855,0.934,0.966,1.37447205853877e-72,"Atrichoblast_In_Differenciation",71.861864084446
"random1",3.62943600108102e-69,0.388117099380415,1,1,8.19983689133119e-69,"Atrichoblast_In_Differenciation",68.0861947863845
"ATH-aux-cis-IR8-ARF8",8.66778811804177e-65,-0.228815508807723,1,1,1.88833955428767e-64,"Atrichoblast_In_Differenciation",63.7239199097762
"random2",2.21263444332153e-64,-0.293107538256972,1,1,4.65416210491769e-64,"Atrichoblast_In_Differenciation",63.3321584942669
"ATH-aux-trans-Transport",5.1555460302158e-60,-0.804567024900505,0.992,1,1.04829435947721e-59,"Atrichoblast_In_Differenciation",58.9795167509911
"ATH-aux-trans-PolarAuxinTransport",5.56946810028981e-59,-0.934220319426707,0.926,0.959,1.095927593928e-58,"Atrichoblast_In_Differenciation",57.9602181380015
"ATH-aux-cis-IR8-ARF1",2.1007183653565e-58,-0.314677679183922,1,1,4.00449438396084e-58,"Atrichoblast_In_Differenciation",57.3974523110699
"ATH-aux-reg-IR8-ARF2-up",5.6080519339762e-56,0.61170238494646,0.999,1,1.03663990294712e-55,"Atrichoblast_In_Differenciation",54.9843720780585
"ATH-aux-cis-IR8-ARF3",3.30278030969928e-52,-0.286814756987964,1,1,5.92557643798988e-52,"Atrichoblast_In_Differenciation",51.2272693952485
"ATH-aux-reg-IR8-ARF1-up",7.92300674003513e-48,-1.01513483037449,0.639,0.807,1.38086688897755e-47,"Atrichoblast_In_Differenciation",46.8598481839621
"ATH-aux-cis-IR8-ARF5-1",2.44678861598867e-47,-0.181378737144158,1,1,4.14594737709191e-47,"Atrichoblast_In_Differenciation",46.3823762145392
"ATH-aux-reg-DR5-ARF6-up",2.35454397724681e-40,0.332049389622469,1,1,3.88181574627176e-40,"Atrichoblast_In_Differenciation",39.4109650826201
"ATH-aux-reg-IR8-ARF5-2-up",5.57971106958094e-37,0.46306760164953,1,1,8.95690461169573e-37,"Atrichoblast_In_Differenciation",36.0478420508648
"ATH-aux-trans-ConjugationDeconjugation",1.27038193212721e-34,0.486937070819776,0.999,1,1.98700763742973e-34,"Atrichoblast_In_Differenciation",33.7018004635962
"ATH-aux-reg-DR5-ARF1-down",2.04047849535279e-33,-0.628676719807548,0.983,0.988,3.11172970541301e-33,"Atrichoblast_In_Differenciation",32.5069981342228
"ATH-aux-reg-IR8-ARF1-down",9.72728046319569e-28,-0.533533328802386,0.994,0.998,1.44722953232912e-27,"Atrichoblast_In_Differenciation",26.8394625837956
"ATH-aux-cis-DR5-ARF6",5.1800974627427e-26,-0.123024998822432,1,1,7.52347488636439e-26,"Atrichoblast_In_Differenciation",25.1235815243807
"ATH-aux-cis-DR5-ARF5-2",5.30663915140174e-25,-0.133673338252724,1,1,7.52802298222107e-25,"Atrichoblast_In_Differenciation",24.1233190637258
"ATH-aux-cis-DR5-ARF5-1",3.93598227699225e-21,-0.100435911038556,1,1,5.4567027021938e-21,"Atrichoblast_In_Differenciation",20.2630697072603
"ATH-aux-trans-IAA",6.173501999977e-15,0.0589951628144338,0.993,0.998,8.36852493330216e-15,"Atrichoblast_In_Differenciation",14.0773510855889
"ATH-aux-cis-DR5-ARF3",7.24261419980216e-14,0.0959697707017154,1,1,9.60433622147677e-14,"Atrichoblast_In_Differenciation",13.0175326448899
"ATH-aux-trans-A-ARF",1.87840738084514e-13,0.467896987271444,0.756,0.696,2.43793298365007e-13,"Atrichoblast_In_Differenciation",12.6129782368764
"ATH-aux-cis-DR5-ARF2",1.21138387770719e-12,-0.0753758513660867,1,1,1.53946701125288e-12,"Atrichoblast_In_Differenciation",11.8126296130189
"ATH-aux-reg-IR8-TGTCNN-up",3.02408384184162e-11,-0.213624564874011,0.993,0.998,3.76467580310895e-11,"Atrichoblast_In_Differenciation",10.4242724173339
"ATH-aux-reg-IR8-ARF3-down",1.67376372999075e-10,-0.327913434257267,0.907,0.909,2.04199175058872e-10,"Atrichoblast_In_Differenciation",9.68994601674521
"ATH-aux-cis-DR5-ARF8",4.97082330452648e-10,-0.0588284526796039,1,1,5.94549454070815e-10,"Atrichoblast_In_Differenciation",9.22581201533159
"ATH-aux-cis-IR8-ARF6",3.11069398815786e-09,-0.088463818969486,1,1,3.6490833322621e-09,"Atrichoblast_In_Differenciation",8.43781621875967
"ATH-aux-reg-DR5-ARF5-2-down",3.5982327156727e-08,-0.235714778694609,0.97,0.977,4.14136218218933e-08,"Atrichoblast_In_Differenciation",7.38285678667994
"majortrend",5.10121716319782e-08,-0.049008194556333,1,1,5.76248605472346e-08,"Atrichoblast_In_Differenciation",7.23939011259821
"ATH-aux-reg-IR8-ARF2-down",3.31209753341321e-05,-0.0949745032461292,0.981,0.979,3.67341726433101e-05,"Atrichoblast_In_Differenciation",4.43492973724036
"ATH-aux-reg-IR8-TGTCNN-down",0.000834812035062692,-0.124086237375612,0.922,0.923,0.000909348823907575,"Atrichoblast_In_Differenciation",3.04126949055309
"ATH-aux-cis-IR8-ARF2",0.00236440810345095,0.0597101207742713,1,1,0.00253033147913172,"Atrichoblast_In_Differenciation",2.59682258154045
"random3",0.00329056613757383,-0.0456485065884615,1,1,0.00346076783434489,"Atrichoblast_In_Differenciation",2.46082753437963
"ATH-aux-cis-DR5-TGTCGG",0.128307295009676,0.0728649040014308,0.998,0.979,0.132656694840513,"Atrichoblast_In_Differenciation",0.877270827408582
"ATH-aux-cis-DR5-ARF1",0.279284203962097,0.0269471520014402,1,1,0.283938940694798,"Atrichoblast_In_Differenciation",0.546775042242924
"ATH-aux-reg-IR8-ARF3-up",0.712974970895627,-0.0052799451817962,0.994,0.993,0.712974970895627,"Atrichoblast_In_Differenciation",0.146925715860211
"ATH-aux-reg-DR5-ARF3-up",5.33815673863467e-138,1.1201278780326,1,1,3.25627561056715e-136,"Young_Trichoblast_1",135.487278843622
"ATH-aux-reg-DR5-ARF1-up",1.7658795967298e-135,1.14766087583777,0.999,1,5.3859327700259e-134,"Young_Trichoblast_1",133.268739071977
"ATH-aux-reg-DR5-ARF5-1-up",1.67596488485197e-105,0.47144756465338,1,1,3.40779526586567e-104,"Young_Trichoblast_1",103.467526504743
"ATH-aux-reg-DR5-ARF6-down",3.52050969712597e-103,-0.600413232236246,1,1,5.3687772881171e-102,"Young_Trichoblast_1",101.270124611412
"ATH-aux-reg-DR5-ARF8-up",6.85741190341244e-90,0.421735171191592,1,1,8.36604252216318e-89,"Young_Trichoblast_1",88.0774799323571
"ATH-aux-reg-DR5-ARF2-down",2.88390272656495e-85,-0.682421825322991,1,1,2.9319677720077e-84,"Young_Trichoblast_1",83.5328408077404
"ATH-aux-reg-IR8-ARF5-1-up",4.6126998520966e-75,0.431899232554461,1,1,4.00784050593469e-74,"Young_Trichoblast_1",73.3970895697682
"ATH-aux-trans-IAA",5.25618427007828e-75,0.850337202477928,0.996,0.993,4.00784050593469e-74,"Young_Trichoblast_1",73.3970895697682
"ATH-aux-reg-DR5-ARF1-down",1.92724927051332e-72,-0.807977835151706,0.975,0.998,1.30624672779236e-71,"Young_Trichoblast_1",70.883974784471
"ATH-aux-reg-DR5-ARF5-1-down",7.14534374820544e-65,-0.510666859330507,1,1,4.35865968640532e-64,"Young_Trichoblast_1",63.3606470383202
"ATH-aux-reg-IR8-ARF8-up",8.35637913019596e-56,0.37620172156456,1,1,4.63399206310867e-55,"Young_Trichoblast_1",54.3340447143853
"ATH-aux-reg-DR5-ARF8-down",2.32085439504127e-49,-0.555642851275731,1,1,1.17976765081264e-48,"Young_Trichoblast_1",47.928203516343
"ATH-aux-trans-PolarAuxinTransport",2.62665501524877e-48,-1.0234890235879,0.884,0.967,1.23250735330904e-47,"Young_Trichoblast_1",46.9092104809822
"ATH-aux-reg-DR5-TGTCNN-down",4.73312966073558e-48,-0.595021741622958,1,1,2.0622922093205e-47,"Young_Trichoblast_1",46.6856497988467
"ATH-aux-reg-DR5-TGTCNN-up",1.04164005989682e-46,0.338764088621813,1,1,4.23600291024707e-46,"Young_Trichoblast_1",45.3730437501926
"ATH-aux-trans-ARF",1.86238050869255e-43,0.847322860397378,0.957,0.911,7.10032568939033e-43,"Young_Trichoblast_1",42.1487217298921
"ATH-aux-reg-IR8-ARF5-2-up",2.3267578741507e-43,0.518457672540464,1,1,8.34895472489368e-43,"Young_Trichoblast_1",42.0783678940526
"ATH-aux-reg-DR5-ARF3-down",2.99805862656963e-42,-0.613680246695539,0.995,1,1.01600875678193e-41,"Young_Trichoblast_1",40.9931025489363
"ATH-aux-trans-ConjugationDeconjugation",1.23419209343539e-41,0.487136437883262,1,0.998,3.96240619471363e-41,"Young_Trichoblast_1",40.4020410060614
"ATH-aux-reg-IR8-ARF1-up",3.6322629064876e-35,-1.00983931980129,0.682,0.811,1.10784018647872e-34,"Young_Trichoblast_1",33.9555228850375
"ATH-aux-reg-DR5-ARF5-2-up",6.02470795343507e-35,0.354740916398016,1,1,1.75003421504542e-34,"Young_Trichoblast_1",33.7569534603079
"ATH-aux-reg-IR8-ARF3-down",2.07881834934979e-34,-0.876518624356996,0.943,0.949,5.76399633228806e-34,"Young_Trichoblast_1",33.2392763042056
"ATH-aux-cis-DR5-ARF1",1.97605164987854e-29,0.146536291469011,1,1,5.24083263663438e-29,"Young_Trichoblast_1",28.2805997090527
"ATH-aux-reg-IR8-ARF3-up",4.74172903739055e-26,0.610565467339976,0.998,0.995,1.2051894636701e-25,"Young_Trichoblast_1",24.9189446737875
"ATH-aux-cis-DR5-ARF5-2",1.18161188475129e-23,0.11959512745124,1,1,2.88313299879316e-23,"Young_Trichoblast_1",22.5401353231651
"ATH-aux-reg-IR8-TGTCNN-up",1.45977463356396e-18,0.287839454338834,1,1,3.42485587105392e-18,"Young_Trichoblast_1",17.4653577002951
"ATH-aux-reg-IR8-ARF8-down",2.54567815863932e-17,0.302297980708211,0.997,0.991,5.75134695099995e-17,"Young_Trichoblast_1",16.2402304327223
"random1",9.12711676513344e-16,-0.140505603019889,1,1,1.9884075809755e-15,"Young_Trichoblast_1",14.7014945897447
"ATH-aux-cis-DR5-ARF3",1.60225302330758e-15,0.103113664069048,1,1,3.37025635937112e-15,"Young_Trichoblast_1",14.4723370631566
"ATH-aux-trans-Synthesis",8.74096736790262e-14,-1.34011659265335,0.089,0.22,1.77733003147353e-13,"Young_Trichoblast_1",12.7502319207938
"random2",7.14857943390552e-10,-0.101840142651618,1,1,1.40665595312335e-09,"Young_Trichoblast_1",8.85181211147159
"random3",1.61110706517805e-09,-0.0736936762457991,1,1,3.07117284299565e-09,"Young_Trichoblast_1",8.51269574114504
"ATH-aux-reg-IR8-ARF2-up",9.18894291304333e-09,0.160994480339345,1,1,1.69856217483528e-08,"Young_Trichoblast_1",7.76991855141764
"ATH-aux-cis-DR5-ARF5-1",1.79925843424202e-08,0.0488574635461053,1,1,3.22808130849303e-08,"Young_Trichoblast_1",7.49105553485916
"ATH-aux-cis-IR8-ARF5-1",2.99560797880624e-08,-0.0720084900349871,1,1,5.22091676306231e-08,"Young_Trichoblast_1",7.28225323067951
"ATH-aux-cis-IR8-ARF3",4.70218861177694e-08,-0.089771968390119,1,1,7.96759736995537e-08,"Young_Trichoblast_1",7.09867262042079
"ATH-aux-reg-DR5-ARF2-up",8.22356112205386e-08,0.097128447489887,1,1,1.35577629309537e-07,"Young_Trichoblast_1",6.86781196436955
"ATH-aux-reg-IR8-ARF2-down",9.30777009031896e-08,-0.230697611152385,0.974,0.967,1.49414204081436e-07,"Young_Trichoblast_1",6.82560811429463
"majortrend",3.35569948022153e-07,0.037186196838529,1,1,5.24865816137214e-07,"Young_Trichoblast_1",6.27995171137439
"ATH-aux-cis-DR5-ARF8",1.32166521253227e-06,0.0406101481855123,1,1,2.01553944911171e-06,"Young_Trichoblast_1",5.69560869720636
"ATH-aux-cis-IR8-ARF5-2",1.45497207229192e-06,-0.0659738043873324,1,1,2.16471454658065e-06,"Young_Trichoblast_1",5.66459936444609
"ATH-aux-reg-DR5-ARF6-up",2.27051508131043e-06,0.0769118915626024,1,1,3.29765285618896e-06,"Young_Trichoblast_1",5.48179506445156
"ATH-aux-reg-DR5-ARF5-2-down",6.17539757786023e-06,-0.18110196124092,0.98,0.979,8.76044772673195e-06,"Young_Trichoblast_1",5.0574736974529
"ATH-aux-cis-DR5-TGTCNN",1.04802880957016e-05,-0.0640842144824275,1,1,1.45294903144954e-05,"Young_Trichoblast_1",4.83774962021571
"ATH-aux-cis-IR8-ARF6",1.86553128794658e-05,-0.0465879942855847,1,1,2.52883130143869e-05,"Young_Trichoblast_1",4.59708014151284
"ATH-aux-reg-IR8-ARF6-up",5.18773935555142e-05,0.0746984134687865,1,1,6.87939349323123e-05,"Young_Trichoblast_1",4.16244984870544
"ATH-aux-cis-IR8-ARF1",0.00012650098526905,-0.0585454870774372,1,1,0.000164182129817278,"Young_Trichoblast_1",3.784674114842
"ATH-aux-reg-IR8-ARF6-down",0.000295255405547944,-0.131695830419335,0.993,0.993,0.000375220411217179,"Young_Trichoblast_1",3.42571354492549
"ATH-aux-reg-IR8-ARF5-2-down",0.00369674000194124,-0.248626340376003,0.967,0.96,0.0046020640840493,"Young_Trichoblast_1",2.33704733804564
"ATH-aux-trans-A-ARF",0.00787695877975394,-0.371639474297214,0.862,0.864,0.00960988971129981,"Young_Trichoblast_1",2.01728159651967
"ATH-aux-cis-IR8-ARF8",0.015637122948536,-0.0334712060552511,1,1,0.0187032254874646,"Young_Trichoblast_1",1.72808349022227
"ATH-aux-cis-IR8-TGTCNN",0.0262548773079995,-0.0416589427509851,1,1,0.0306101823766463,"Young_Trichoblast_1",1.5141340828517
"ATH-aux-cis-IR8-ARF2",0.0265957322288894,0.0113821514539771,1,1,0.0306101823766463,"Young_Trichoblast_1",1.5141340828517
"ATH-aux-reg-IR8-ARF1-down",0.0707604161284583,0.00706849428899758,0.997,0.995,0.0799330626636288,"Young_Trichoblast_1",1.09727354656432
"ATH-aux-reg-IR8-ARF5-1-down",0.0732772343424025,0.0118427717561392,0.999,1,0.0812711144524828,"Young_Trichoblast_1",1.09006378482395
"ATH-aux-trans-Transport",0.177071547861923,-0.101398858168031,0.982,0.991,0.192881507492452,"Young_Trichoblast_1",0.714709408327954
"ATH-aux-cis-DR5-ARF2",0.29447726363554,0.00776032660997084,1,1,0.315142334767859,"Young_Trichoblast_1",0.501493251789219
"ATH-aux-reg-IR8-TGTCNN-down",0.438069592468651,0.0219954197810796,0.947,0.923,0.460728364492891,"Young_Trichoblast_1",0.336555049819071
"ATH-aux-trans-Receptors",0.73919628716665,-0.0444845168523663,0.973,0.97,0.764253788426536,"Young_Trichoblast_1",0.116762399787138
"ATH-aux-cis-DR5-TGTCGG",0.760815998310201,-0.00882977762727877,0.99,0.981,0.773496264948704,"Young_Trichoblast_1",0.111541779076551
"ATH-aux-cis-DR5-ARF6",0.998676108037248,-0.00286312281436096,1,1,0.998676108037248,"Young_Trichoblast_1",0.000575339902083677
"ATH-aux-reg-DR5-ARF2-down",2.05680977383843e-168,-1.02686234745602,1,1,1.25465396204144e-166,"Young_epidermis_Histone",165.901476037608
"ATH-aux-reg-DR5-ARF5-1-down",2.25797519402922e-143,-0.800475972461823,1,1,6.88682434178912e-142,"Young_epidermis_Histone",141.161980994169
"ATH-aux-reg-DR5-ARF3-up",7.81018426257281e-134,1.04740568207025,1,1,1.58807080005647e-132,"Young_epidermis_Histone",131.799130139574
"ATH-aux-reg-DR5-ARF6-down",3.23151326734053e-130,-0.808032946459404,1,1,4.92805773269431e-129,"Young_epidermis_Histone",128.30732421301
"ATH-aux-reg-DR5-TGTCNN-down",8.19626619689813e-130,-1.08063982281207,0.999,1,9.99944476021571e-129,"Young_epidermis_Histone",128.000024114427
"ATH-aux-cis-DR5-TGTCNN",1.83736637839185e-120,-0.341012594485979,1,1,1.86798915136505e-119,"Young_epidermis_Histone",118.728625650331
"ATH-aux-reg-DR5-ARF8-down",7.66003614157256e-105,-0.68815855857938,0.997,1,6.6751743519418e-104,"Young_epidermis_Histone",103.175537386278
"ATH-aux-reg-IR8-ARF5-1-up",1.5924607611666e-85,0.487333516987002,1,1,1.21425133038953e-84,"Young_epidermis_Histone",83.9156914120217
"ATH-aux-cis-IR8-ARF5-2",1.87349796630258e-75,-0.269296055166166,1,1,1.26981528827175e-74,"Young_epidermis_Histone",73.8962594484287
"ATH-aux-trans-ARF",7.90838198307177e-73,1.21376987933805,0.966,0.928,4.82411300967378e-72,"Young_epidermis_Histone",71.316582526966
"ATH-aux-cis-IR8-ARF5-1",2.58396239378284e-72,-0.205642255427653,1,1,1.43292460018867e-71,"Young_epidermis_Histone",70.8437766613706
"ATH-aux-reg-DR5-ARF5-1-up",3.45399336973878e-71,0.360274916259223,1,1,1.75577996295055e-70,"Young_epidermis_Histone",69.7555299114732
"ATH-aux-reg-DR5-ARF3-down",2.63690146561752e-68,-0.769227427081151,0.999,1,1.23731530309745e-67,"Young_epidermis_Histone",66.907519615693
"ATH-aux-reg-DR5-ARF1-down",3.01868094925474e-66,-0.780144462459505,0.982,1,1.31528241360385e-65,"Young_epidermis_Histone",64.880980986717
"ATH-aux-cis-DR5-ARF2",3.3840945679754e-65,-0.195853903009311,1,1,1.37619845764333e-64,"Young_epidermis_Histone",63.8613189332193
"ATH-aux-cis-IR8-ARF3",4.15581798399946e-63,-0.258003301992567,1,1,1.58440560639979e-62,"Young_epidermis_Histone",61.8001336295193
"ATH-aux-cis-IR8-TGTCNN",1.08548423219653e-61,-0.230460871818653,1,1,3.89497283317579e-61,"Young_epidermis_Histone",60.4094955671167
"ATH-aux-reg-IR8-ARF8-up",2.30744810565395e-55,0.412202808504009,1,1,7.81968524693838e-55,"Young_epidermis_Histone",54.1068107275372
"ATH-aux-cis-IR8-ARF8",4.29247869906673e-55,-0.182813398105213,1,1,1.37811158233195e-54,"Young_epidermis_Histone",53.8607156172403
"ATH-aux-reg-DR5-ARF1-up",5.36227681380407e-54,0.610006802721872,1,1,1.63549442821024e-53,"Young_epidermis_Histone",52.7863509310876
"ATH-aux-cis-DR5-ARF5-1",3.16523617878091e-53,-0.154780700629757,1,1,9.19425747169692e-53,"Young_epidermis_Histone",52.0364833386354
"ATH-aux-cis-DR5-ARF6",5.35262869234929e-51,-0.154609461278998,1,1,1.48413795560594e-50,"Young_epidermis_Histone",49.8285257280504
"ATH-aux-cis-DR5-ARF8",1.1082774738162e-48,-0.157828748084892,1,1,2.93934460446906e-48,"Young_epidermis_Histone",47.5317494948916
"random3",1.59087983153279e-48,-0.202959995878943,1,1,4.04348623847918e-48,"Young_epidermis_Histone",47.3932440306201
"ATH-aux-cis-IR8-ARF1",3.81936711750087e-48,-0.250434233158913,1,1,9.31925576670213e-48,"Young_epidermis_Histone",47.0306187689035
"ATH-aux-trans-Synthesis",9.17137163408064e-47,-1.267739251987,0.277,0.63,2.15174488338046e-46,"Young_epidermis_Histone",45.667209221067
"ATH-aux-reg-IR8-ARF1-up",3.16678857193416e-45,-0.828349942671746,0.582,0.83,7.15459640325866e-45,"Young_epidermis_Histone",44.1454148601266
"ATH-aux-trans-PolarAuxinTransport",5.18798638456932e-45,-0.478635478701368,0.917,0.993,1.13023989092403e-44,"Young_epidermis_Histone",43.946829368687
"random2",1.44201860181187e-44,-0.211996156190079,1,1,3.03321154174221e-44,"Young_epidermis_Histone",43.5180973001385
"ATH-aux-reg-IR8-ARF5-1-down",5.67819685857902e-44,-0.474378548544709,1,1,1.15456669457773e-43,"Young_epidermis_Histone",42.937580974613
"ATH-aux-reg-IR8-ARF8-down",1.40147937675667e-39,-0.574148224210832,0.992,0.998,2.75774974135989e-39,"Young_epidermis_Histone",38.5594451474705
"ATH-aux-reg-IR8-ARF3-down",4.69443258532394e-39,-0.777221203541894,0.865,0.925,8.94876211577377e-39,"Young_epidermis_Histone",38.0482370365802
"ATH-aux-reg-DR5-ARF5-2-up",3.82057421280714e-36,0.566705089580593,0.999,0.998,7.06227354488593e-36,"Young_epidermis_Histone",35.1510554648055
"ATH-aux-reg-IR8-ARF5-2-up",7.71665894052899e-33,0.465216165124791,1,1,1.38445939815373e-32,"Young_epidermis_Histone",31.8587197762249
"ATH-aux-reg-IR8-ARF6-down",2.48319469519219e-31,-0.463088064030394,0.973,0.998,4.32785361162068e-31,"Young_epidermis_Histone",30.3637274375366
"majortrend",5.94176045647671e-31,-0.108154201969936,1,1,1.00679829956966e-30,"Young_epidermis_Histone",29.997057526624
"ATH-aux-reg-IR8-ARF5-2-down",9.31385911021588e-30,-0.655064989235677,0.931,0.963,1.53552812357613e-29,"Young_epidermis_Histone",28.8137422249376
"ATH-aux-cis-DR5-ARF5-2",1.16005646104795e-28,-0.138754868040187,1,1,1.86219589799802e-28,"Young_epidermis_Histone",27.7299746343405
"ATH-aux-cis-IR8-ARF6",2.14414635796389e-26,-0.144423521511008,1,1,3.35366481630249e-26,"Young_epidermis_Histone",25.4744803453389
"ATH-aux-trans-A-ARF",4.6353122323027e-21,0.491064516262035,0.86,0.839,7.06885115426161e-21,"Young_epidermis_Histone",20.1506511629933
"ATH-aux-cis-DR5-TGTCGG",7.90633508140045e-20,-0.317057027942372,0.991,0.998,1.17630839015958e-19,"Young_epidermis_Histone",18.929478805312
"ATH-aux-trans-Receptors",2.79928828702254e-19,-0.480254648160737,0.905,0.967,4.06563298829465e-19,"Young_epidermis_Histone",18.3908718284408
"ATH-aux-reg-DR5-ARF8-up",4.62638211087136e-19,0.216096405838443,1,1,6.56300718053845e-19,"Young_epidermis_Histone",18.1828971205844
"ATH-aux-reg-DR5-ARF5-2-down",3.41392599972283e-17,-0.296422008097878,0.959,0.986,4.7329428632521e-17,"Young_epidermis_Histone",16.3248687383641
"ATH-aux-cis-DR5-ARF3",8.39191802607713e-16,-0.0925859699882458,1,1,1.13757111020157e-15,"Young_epidermis_Histone",14.9440214458332
"ATH-aux-reg-DR5-TGTCNN-up",1.83668966312199e-15,0.174470816726888,1,1,2.43561020544438e-15,"Young_epidermis_Histone",14.6133922148775
"ATH-aux-cis-IR8-ARF2",6.60482242609931e-14,-0.113855673551845,1,1,8.57221634025654e-14,"Young_epidermis_Histone",13.0669068770383
"ATH-aux-reg-IR8-ARF2-down",7.57246562072629e-14,-0.199225633532096,0.967,0.979,9.62334172633965e-14,"Young_epidermis_Histone",13.0166740920684
"ATH-aux-reg-IR8-ARF6-up",8.01905401591193e-11,0.21058630257822,1,1,9.9829039789924e-11,"Young_epidermis_Histone",10.0007431061477
"ATH-aux-reg-IR8-ARF1-down",1.31372913270703e-10,-0.288688696123907,0.987,0.991,1.60274954190257e-10,"Young_epidermis_Histone",9.79513433857414
"ATH-aux-reg-IR8-TGTCNN-down",1.1778374910599e-07,-0.250787204902879,0.876,0.914,1.4087860187187e-07,"Young_epidermis_Histone",6.85115496710853
"ATH-aux-trans-ConjugationDeconjugation",3.39846923550913e-07,0.210969851927895,0.999,1,3.98666583396263e-07,"Young_epidermis_Histone",6.39939016577935
"ATH-aux-reg-DR5-ARF2-up",3.44345952830371e-06,0.086424384066655,1,1,3.96322700427408e-06,"Young_epidermis_Histone",5.40195105159209
"ATH-aux-reg-IR8-ARF2-up",5.21696111133778e-06,0.24844320064021,1,1,5.89323384799268e-06,"Young_epidermis_Histone",5.22964632542821
"ATH-aux-reg-IR8-TGTCNN-up",0.0018705579588777,-0.099628418739633,0.997,1,0.0020746188271189,"Young_epidermis_Histone",2.68306168520999
"ATH-aux-cis-DR5-ARF1",0.00191345959447067,-0.0433324985349612,1,1,0.00208430420111983,"Young_epidermis_Histone",2.68103889610839
"ATH-aux-trans-Transport",0.0032312295974409,-0.0915360755789265,0.99,1,0.00345798255164728,"Young_epidermis_Histone",2.46117720242775
"ATH-aux-trans-IAA",0.00446609000979741,-0.27107394118619,0.999,0.998,0.00469709466547658,"Young_epidermis_Histone",2.32817068693623
"random1",0.289928794754023,-0.0275551137442898,1,1,0.299756889491448,"Young_epidermis_Histone",0.523230826465195
"ATH-aux-reg-IR8-ARF3-up",0.326208796928236,-0.106800883916073,0.992,0.991,0.331645610210374,"Young_epidermis_Histone",0.479325746817372
"ATH-aux-reg-DR5-ARF6-up",0.812555189441705,-0.00273742923403031,1,1,0.812555189441705,"Young_epidermis_Histone",0.0901471316955572
"ATH-aux-reg-DR5-ARF3-up",7.4097296837538e-146,1.66015779776682,1,1,4.51993510708982e-144,"Young_Trichoblast_2",143.344867800329
"ATH-aux-reg-DR5-ARF5-1-up",1.67521461119442e-131,0.718046515301164,1,1,5.10940456414299e-130,"Young_Trichoblast_2",129.291629708393
"ATH-aux-reg-DR5-ARF1-up",2.21828809195407e-117,1.1583635232699,0.999,1,4.51051912030662e-116,"Young_Trichoblast_2",115.345773471845
"ATH-aux-reg-DR5-ARF8-up",9.31346401423426e-117,0.675010918024303,1,1,1.42030326217072e-115,"Young_Trichoblast_2",114.847618915458
"ATH-aux-reg-DR5-ARF2-up",1.44740624260626e-114,0.676516544603669,1,1,1.76583561597963e-113,"Young_Trichoblast_2",112.753049727936
"ATH-aux-reg-DR5-ARF6-down",8.64208125132707e-108,-0.793446731335063,1,1,8.78611593884919e-107,"Young_Trichoblast_2",106.056203070218
"ATH-aux-reg-DR5-TGTCNN-down",9.96899824803153e-103,-0.912159988099233,1,1,8.68726990185605e-102,"Young_Trichoblast_2",101.061116685329
"ATH-aux-reg-DR5-ARF5-2-up",1.96728255948628e-102,0.907925065559752,1,1,1.50005295160829e-101,"Young_Trichoblast_2",100.823893410154
"ATH-aux-reg-DR5-ARF5-1-down",3.9158650406802e-98,-0.710870315804562,1,1,2.65408630534991e-97,"Young_Trichoblast_2",96.5760849588914
"ATH-aux-reg-DR5-ARF2-down",1.87525951153744e-95,-0.782930394234421,1,1,1.14390830203784e-94,"Young_Trichoblast_2",93.9416087880562
"ATH-aux-trans-Synthesis",1.10583600050563e-75,-2.61700378090281,0.164,0.625,6.13236327553121e-75,"Young_Trichoblast_2",74.212372125852
"ATH-aux-reg-IR8-ARF8-up",7.21537434563321e-74,0.544698792290332,1,1,3.66781529236355e-73,"Young_Trichoblast_2",72.4355925431021
"ATH-aux-reg-DR5-ARF6-up",2.47834461385129e-73,0.395793616744493,1,1,1.16291554957637e-72,"Young_Trichoblast_2",71.9344518224037
"ATH-aux-reg-IR8-ARF5-1-up",3.91933937332922e-70,0.486139611845564,1,1,1.70771215552202e-69,"Young_Trichoblast_2",68.7675853302532
"ATH-aux-reg-DR5-TGTCNN-up",3.64745764020267e-69,0.485914190920223,1,1,1.48329944034909e-68,"Young_Trichoblast_2",67.8287711671348
"ATH-aux-reg-DR5-ARF3-down",4.44212210207455e-69,-0.814833036908107,0.998,1,1.69355905141592e-68,"Young_Trichoblast_2",67.771199655673
"ATH-aux-trans-ARF",1.50081362548269e-62,1.45296321121491,0.947,0.796,5.38527242084967e-62,"Young_Trichoblast_2",61.268792322472
"ATH-aux-reg-IR8-ARF5-2-up",1.26037006326087e-60,0.741503528971725,1,1,4.27125410327294e-60,"Young_Trichoblast_2",59.3694445909786
"ATH-aux-reg-IR8-ARF2-up",8.38186214101396e-56,0.567972991611536,1,1,2.69101889790448e-55,"Young_Trichoblast_2",54.5700832523563
"ATH-aux-reg-IR8-ARF6-up",4.39785853721709e-53,0.44865254619063,1,1,1.34134685385121e-52,"Young_Trichoblast_2",51.872458905045
"ATH-aux-reg-IR8-ARF1-up",1.15137900882605e-41,-1.09425751333259,0.773,0.823,3.34448188278043e-41,"Young_Trichoblast_2",40.4756711522991
"ATH-aux-trans-PolarAuxinTransport",1.47273299561102e-39,-0.94740695528664,0.915,0.939,4.08348694237602e-39,"Young_Trichoblast_2",38.3889688288016
"ATH-aux-reg-IR8-ARF6-down",7.88648533776266e-39,-0.527862975689211,0.996,0.994,2.0916330678414e-38,"Young_Trichoblast_2",37.6795145007745
"ATH-aux-trans-ConjugationDeconjugation",9.1133447583798e-38,0.707174207472644,0.999,0.997,2.31630845942153e-37,"Young_Trichoblast_2",36.6352036067302
"ATH-aux-reg-DR5-ARF8-down",1.11238046522884e-36,-0.418212995716001,1,1,2.71420833515837e-36,"Young_Trichoblast_2",35.5663568201482
"ATH-aux-reg-DR5-ARF1-down",8.06329359503516e-34,-0.611591805369737,0.988,1,1.89177272806594e-33,"Young_Trichoblast_2",32.7231310396444
"ATH-aux-reg-IR8-ARF3-up",5.15657711508626e-29,0.583996597781582,1,0.994,1.1650044593343e-28,"Young_Trichoblast_2",27.9336724122684
"ATH-aux-cis-DR5-TGTCNN",2.38776499053498e-25,-0.155135459152403,1,1,5.20191658652263e-25,"Young_Trichoblast_2",24.2838366160585
"ATH-aux-cis-IR8-ARF2",1.78234579473253e-21,0.122288172244418,1,1,3.74907218892016e-21,"Young_Trichoblast_2",20.4260761970957
"ATH-aux-reg-IR8-ARF5-2-down",5.65099436479665e-18,-0.59794481005079,0.986,0.97,1.14903552084199e-17,"Young_Trichoblast_2",16.9396665454917
"ATH-aux-trans-A-ARF",1.63282759903395e-17,0.777626436642951,0.845,0.686,3.21298334003455e-17,"Young_Trichoblast_2",16.493091526347
"ATH-aux-reg-IR8-ARF3-down",2.70215915418488e-17,-0.590699319356081,0.965,0.936,5.15099088766492e-17,"Young_Trichoblast_2",16.2881092184053
"ATH-aux-cis-IR8-TGTCNN",4.08137633101443e-14,-0.139707523593096,1,1,7.54436230884485e-14,"Young_Trichoblast_2",13.1223774633044
"ATH-aux-cis-DR5-ARF3",6.0632969281197e-14,0.103398099182832,1,1,1.08782680180971e-13,"Young_Trichoblast_2",12.9634402452683
"ATH-aux-cis-DR5-TGTCGG",7.92428801229082e-13,0.277354522805609,0.995,0.991,1.38109019642783e-12,"Young_Trichoblast_2",11.8597779575316
"ATH-aux-cis-IR8-ARF5-1",2.07501321141437e-12,-0.100417052693399,1,1,3.5159946082299e-12,"Young_Trichoblast_2",11.4539517995874
"ATH-aux-cis-IR8-ARF1",1.00661187516314e-10,-0.119209409564067,1,1,1.65954930770139e-10,"Young_Trichoblast_2",9.78000983952262
"ATH-aux-cis-IR8-ARF8",2.20249439405233e-09,-0.087393011604326,1,1,3.53558310624189e-09,"Young_Trichoblast_2",8.45153894991821
"ATH-aux-cis-IR8-ARF5-2",3.64989549026492e-07,-0.0696319379811963,1,1,5.70881089502975e-07,"Young_Trichoblast_2",6.24345434280612
"majortrend",3.44530479044424e-06,0.0533388454432659,1,1,5.25408980542747e-06,"Young_Trichoblast_2",5.27950250831655
"random2",8.20017546575639e-06,-0.0695124533622726,1,1,1.22002610588083e-05,"Young_Trichoblast_2",4.91363087627715
"ATH-aux-reg-IR8-ARF2-down",9.8688598089502e-06,-0.22901119343001,0.98,0.954,1.43333440082372e-05,"Young_Trichoblast_2",4.84365247569472
"ATH-aux-cis-IR8-ARF6",7.67264374914365e-05,-0.0361108102953906,1,1,0.000108844481092503,"Young_Trichoblast_2",3.96319358675919
"ATH-aux-trans-IAA",0.000155216314373571,0.0207718467565832,0.992,0.994,0.000215186254017905,"Young_Trichoblast_2",3.66718547461737
"ATH-aux-reg-IR8-ARF8-down",0.000170331044562666,-0.166142811062832,0.996,0.991,0.000230893193740503,"Young_Trichoblast_2",3.63658886900794
"ATH-aux-cis-DR5-ARF8",0.000212167552939264,0.0478793519161802,1,1,0.000281352624549893,"Young_Trichoblast_2",3.55074902924921
"ATH-aux-reg-IR8-ARF1-down",0.0012735024752136,-0.288756894424017,0.996,0.997,0.00165284363804319,"Young_Trichoblast_2",2.78176822951808
"ATH-aux-reg-DR5-ARF5-2-down",0.00162624955574003,-0.167378736424735,0.986,0.979,0.00206669214375295,"Young_Trichoblast_2",2.68472421143603
"random1",0.0060772593972918,0.0619722704353511,1,1,0.00756556782111837,"Young_Trichoblast_2",2.12115847116703
"ATH-aux-reg-IR8-TGTCNN-down",0.00679717930013284,-0.116228776069908,0.963,0.927,0.00829255874616207,"Young_Trichoblast_2",2.0813114431677
"ATH-aux-cis-IR8-ARF3",0.0108349018727897,-0.0275286477666842,1,1,0.0129593924360818,"Young_Trichoblast_2",1.88741535863843
"ATH-aux-cis-DR5-ARF1",0.0137913694817589,0.0405696126515191,1,1,0.0161783372766787,"Young_Trichoblast_2",1.79106611490357
"ATH-aux-cis-DR5-ARF5-2",0.0338137320007635,0.0348616668511524,1,1,0.0389176915480485,"Young_Trichoblast_2",1.40985292836456
"ATH-aux-reg-IR8-TGTCNN-up",0.0462420105802965,0.061850949417273,0.999,1,0.0522363452851497,"Young_Trichoblast_2",1.28202721607479
"ATH-aux-cis-DR5-ARF5-1",0.0491367776699597,0.0195616973277288,1,1,0.0544971534157735,"Young_Trichoblast_2",1.26362618190883
"ATH-aux-trans-Receptors",0.083036933697856,-0.408442669298607,0.977,0.954,0.0904509456351645,"Young_Trichoblast_2",1.04358688837313
"random3",0.0956445032552668,-0.0165833662887249,1,1,0.102356398220549,"Young_Trichoblast_2",0.989885004735438
"ATH-aux-cis-DR5-ARF2",0.128971168334185,0.027830413239754,1,1,0.135642090834229,"Young_Trichoblast_2",0.867605524476599
"ATH-aux-reg-IR8-ARF5-1-down",0.142318732103394,-0.00475390123223077,0.999,0.994,0.14714309590351,"Young_Trichoblast_2",0.832260110603795
"ATH-aux-cis-DR5-ARF6",0.758843143462585,-0.000445285128877204,1,1,0.771490529186961,"Young_Trichoblast_2",0.112669400964525
"ATH-aux-trans-Transport",0.877794953724594,0.0180771850966527,0.986,0.994,0.877794953724594,"Young_Trichoblast_2",0.0566069201598341
"ATH-aux-reg-DR5-ARF5-1-down",4.82245936546997e-53,-1.13938876687318,1,1,2.94170021293668e-51,"Stele_Pericycle",50.5314015880671
"ATH-aux-reg-DR5-ARF6-down",1.19430261609408e-49,-1.26889318305592,0.998,1,3.64262297908693e-48,"Stele_Pericycle",47.4385857770357
"ATH-aux-reg-DR5-ARF3-up",1.01771769192014e-47,1.25391185782938,1,1,2.06935930690429e-46,"Stele_Pericycle",45.6841640953865
"ATH-aux-trans-PolarAuxinTransport",5.88504943182141e-42,-5.86505247915698,0.465,0.855,8.97470038352766e-41,"Stele_Pericycle",40.0469800412402
"ATH-aux-reg-DR5-TGTCNN-down",5.49185865181768e-38,-1.29044597089281,0.999,1,6.70006755521756e-37,"Stele_Pericycle",36.1739208183872
"ATH-aux-trans-Receptors",7.31039680804424e-37,-2.00884385074907,0.657,0.938,7.43223675484498e-36,"Stele_Pericycle",35.1288804642882
"ATH-aux-reg-DR5-ARF2-down",3.13605623836897e-36,-1.02757365075097,1,1,2.73284900772153e-35,"Stele_Pericycle",34.5633843627914
"ATH-aux-reg-IR8-ARF5-1-up",4.58495628863068e-35,0.757368301024491,1,1,3.49602917008089e-34,"Stele_Pericycle",33.4564249523671
"ATH-aux-cis-DR5-TGTCNN",3.75508043383011e-33,-0.432972604151301,1,1,2.54511007181819e-32,"Stele_Pericycle",31.5942934304001
"ATH-aux-reg-IR8-ARF1-down",1.26399257859468e-31,-1.31181687485786,0.973,1,7.71035472942752e-31,"Stele_Pericycle",30.1129256409518
"ATH-aux-cis-DR5-ARF5-1",8.31349885743694e-26,-0.314609063097595,1,1,4.61021300276049e-25,"Stele_Pericycle",24.3362790087131
"random1",3.26518581030693e-25,-0.584241306563418,0.999,1,1.65980278690602e-24,"Stele_Pericycle",23.7799435105422
"ATH-aux-cis-IR8-ARF1",4.89315804287079e-25,-0.446096512990276,1,1,2.29602031242399e-24,"Stele_Pericycle",23.6390242741423
"ATH-aux-cis-DR5-ARF6",9.43120205936845e-25,-0.342057742565886,1,1,4.10930946872482e-24,"Stele_Pericycle",23.3862311511454
"ATH-aux-trans-Transport",1.29586382312585e-24,-2.0535965355173,0.948,0.966,5.26984621404511e-24,"Stele_Pericycle",23.2782020582915
"ATH-aux-cis-IR8-ARF5-1",7.76589815547362e-24,-0.304477373749742,1,1,2.96074867177432e-23,"Stele_Pericycle",22.5285984568775
"ATH-aux-reg-IR8-ARF6-down",2.13624104279415e-22,-0.891596904649077,0.981,0.993,7.66533550649666e-22,"Stele_Pericycle",21.1154688316209
"ATH-aux-reg-IR8-ARF5-1-down",2.97551026075534e-21,-0.652810668987417,1,1,1.00836736614486e-20,"Stele_Pericycle",19.9963812178672
"random3",1.9263176452214e-20,-0.408687744695499,1,1,6.18449349255293e-20,"Stele_Pericycle",19.208695863116
"ATH-aux-cis-DR5-ARF2",2.08252468462679e-20,-0.286416566987426,1,1,6.35170028811172e-20,"Stele_Pericycle",19.1971100027551
"ATH-aux-reg-DR5-ARF3-down",2.90313030677564e-19,-0.839575957782004,0.987,1,8.43290231968161e-19,"Stele_Pericycle",18.0740229301803
"ATH-aux-reg-DR5-ARF8-up",5.13934503321882e-19,0.566105085909283,1,1,1.42500021375613e-18,"Stele_Pericycle",17.8461850705094
"ATH-aux-reg-IR8-ARF5-2-up",1.52707531441982e-18,0.655656634862034,0.999,1,4.05006931215692e-18,"Stele_Pericycle",17.3925375442842
"ATH-aux-cis-IR8-TGTCNN",6.86537600725604e-18,-0.308134005931598,1,1,1.74494973517758e-17,"Stele_Pericycle",16.7582170787618
"ATH-aux-reg-IR8-ARF8-down",4.6851792080784e-17,-0.752505252362593,0.989,1,1.14318372677113e-16,"Stele_Pericycle",15.9418839663583
"ATH-aux-cis-IR8-ARF6",1.564387495863e-16,-0.346001646391009,1,1,3.67029374029395e-16,"Stele_Pericycle",15.4352991769785
"ATH-aux-reg-DR5-ARF5-1-up",3.20509381900232e-16,0.388706678211754,1,1,7.24113788737561e-16,"Stele_Pericycle",15.1401931825075
"ATH-aux-reg-DR5-ARF1-up",4.25457230480297e-16,0.602140476967465,1,1,9.26888966403504e-16,"Stele_Pericycle",15.03297228761
"ATH-aux-cis-IR8-ARF8",5.59647374772728e-16,-0.229000408355375,1,1,1.17718930555643e-15,"Stele_Pericycle",14.9291536920013
"ATH-aux-cis-IR8-ARF3",4.77845324025862e-15,-0.384760710163559,1,1,9.71618825519253e-15,"Stele_Pericycle",14.012504079149
"ATH-aux-reg-DR5-ARF1-down",9.15515710058484e-15,-0.787952929418113,0.955,0.972,1.80149865527637e-14,"Stele_Pericycle",13.7443660577192
"majortrend",1.29804004570419e-14,-0.208828535173602,1,1,2.47438883712362e-14,"Stele_Pericycle",13.6065320522623
"ATH-aux-cis-IR8-ARF5-2",9.24342371055686e-14,-0.251483719095078,1,1,1.708632867709e-13,"Stele_Pericycle",12.7673512436904
"ATH-aux-reg-IR8-ARF8-up",1.62045493000629e-12,0.394779494479142,1,1,2.90728678618776e-12,"Stele_Pericycle",11.5365121256029
"ATH-aux-trans-Synthesis",1.98422927881019e-12,-1.00940573001859,0.499,0.738,3.45822817164061e-12,"Stele_Pericycle",11.4611463556499
"ATH-aux-reg-DR5-ARF6-up",1.32862693958741e-11,-0.319280593180984,1,1,2.25128453652312e-11,"Stele_Pericycle",10.6475696116932
"ATH-aux-reg-IR8-ARF3-down",9.428889681589e-10,-1.09818322512656,0.814,0.883,1.55449262318089e-09,"Stele_Pericycle",8.8084113345532
"ATH-aux-trans-IAA",9.96450747734553e-10,-2.17043419443859,0.999,0.993,1.59956567399494e-09,"Stele_Pericycle",8.79599792421502
"ATH-aux-cis-DR5-ARF5-2",9.96848802888013e-08,-0.159934668311194,1,1,1.55917376861971e-07,"Stele_Pericycle",6.80710548035499
"ATH-aux-trans-ConjugationDeconjugation",1.81497827485682e-07,-0.321003889649728,0.992,1,2.76784186915665e-07,"Stele_Pericycle",6.55785872538378
"ATH-aux-reg-DR5-ARF5-2-up",4.43343465302716e-07,0.471234653946363,0.996,1,6.5960857032843e-07,"Stele_Pericycle",6.18071371018009
"ATH-aux-reg-IR8-TGTCNN-down",8.99945925772735e-07,-0.584103336229609,0.763,0.862,1.30706432076516e-06,"Stele_Pericycle",5.88370304021896
"ATH-aux-cis-DR5-ARF8",9.54114441158655e-07,-0.128728357773343,1,1,1.35351118396925e-06,"Stele_Pericycle",5.8685381513334
"ATH-aux-trans-ARF",1.40605257146849e-06,0.570155106754522,0.84,0.759,1.9493001558995e-06,"Stele_Pericycle",5.71012128247594
"random2",7.96547491702793e-05,-0.169461465502868,1,1,0.000107976437764156,"Stele_Pericycle",3.96667100437811
"ATH-aux-reg-IR8-ARF5-2-down",0.000122657132630935,-0.753570199840389,0.923,0.945,0.000162654023706239,"Stele_Pericycle",3.78873518874978
"ATH-aux-reg-DR5-ARF5-2-down",0.000265940895849024,0.526719593159813,0.978,0.972,0.000345157332910435,"Stele_Pericycle",3.46198289553742
"ATH-aux-reg-DR5-ARF8-down",0.000336554891679108,-0.152793472725998,0.999,1,0.0004277051748422,"Stele_Pericycle",3.3688554951446
"ATH-aux-cis-IR8-ARF2",0.00228985437671006,-0.114665205996442,1,1,0.00285063504039416,"Stele_Pericycle",2.54505838075742
"ATH-aux-cis-DR5-TGTCGG",0.00321581386512994,-0.237488906042819,0.965,0.959,0.00392329291545853,"Stele_Pericycle",2.40634926596724
"ATH-aux-trans-A-ARF",0.00472368429777205,1.01200154724482,0.634,0.6,0.00564989690517833,"Stele_Pericycle",2.24795947676829
"ATH-aux-reg-IR8-TGTCNN-up",0.00561354735227194,-0.222990780381786,0.928,0.993,0.00658512285554978,"Stele_Pericycle",2.18143611819808
"ATH-aux-reg-IR8-ARF2-up",0.00629555059498696,0.243510347883743,1,1,0.00724582238290952,"Stele_Pericycle",2.13991231604641
"ATH-aux-cis-DR5-ARF1",0.00811623776968435,-0.0784442115485096,1,1,0.00916834266575455,"Stele_Pericycle",2.03770916336695
"ATH-aux-cis-DR5-ARF3",0.0540836695904372,-0.0381887992165236,1,1,0.0599837062730304,"Stele_Pericycle",1.22196670356154
"ATH-aux-reg-IR8-ARF1-up",0.116720638046614,1.08280209970672,0.729,0.731,0.12714212358649,"Stele_Pericycle",0.895710539057896
"ATH-aux-reg-DR5-ARF2-up",0.179412154991509,0.156446760726918,1,1,0.19200248165758,"Stele_Pericycle",0.716693157946306
"ATH-aux-reg-DR5-TGTCNN-up",0.186926338927961,0.0894715819302803,1,1,0.196594942665614,"Stele_Pericycle",0.706427658429962
"ATH-aux-reg-IR8-ARF3-up",0.271354157365822,0.337859696122418,0.97,0.966,0.280552603378223,"Stele_Pericycle",0.551985696921135
"ATH-aux-reg-IR8-ARF2-down",0.703681274540583,0.224310699731423,0.986,0.986,0.715409295782926,"Stele_Pericycle",0.145445421076899
"ATH-aux-reg-IR8-ARF6-up",0.723461105509333,0.0601361781933671,0.999,1,0.723461105509333,"Stele_Pericycle",0.140584812322037
"ATH-aux-reg-DR5-TGTCNN-down",1.09576652737425e-85,-0.948475513623967,1,1,6.6841758169829e-84,"Young_Columella",83.1749521351788
"ATH-aux-reg-DR5-ARF2-down",9.9313035208505e-81,-0.903025282482,1,1,3.0290475738594e-79,"Young_Columella",78.5186939056363
"ATH-aux-cis-IR8-ARF5-2",5.359896803364e-78,-0.439542301735623,1,1,1.08984568335068e-76,"Young_Columella",75.9626349916133
"ATH-aux-cis-IR8-ARF1",1.2550400142286e-77,-0.596181284481816,1,1,1.91393602169861e-76,"Young_Columella",75.7180725837419
"ATH-aux-cis-DR5-ARF2",1.40621179322619e-61,-0.328172142807108,1,1,1.71557838773595e-60,"Young_Columella",59.7655894334904
"ATH-aux-reg-DR5-ARF5-1-down",7.66243527326398e-59,-0.593413403411755,1,1,7.79014252781838e-58,"Young_Columella",57.108454596438
"ATH-aux-reg-DR5-ARF6-down",2.85269341439276e-54,-0.581766850808708,0.998,1,2.48591854682797e-53,"Young_Columella",52.6045131054782
"ATH-aux-cis-DR5-TGTCNN",1.14578393969428e-53,-0.315973025704681,1,1,8.73660254016891e-53,"Young_Columella",52.0586574214747
"ATH-aux-reg-IR8-ARF8-down",4.50027066988678e-49,-0.866270378618925,0.978,1,3.05018345403438e-48,"Young_Columella",47.5156740391192
"ATH-aux-reg-DR5-ARF3-up",1.27449485629528e-48,0.833830802290644,1,1,7.77441862340118e-48,"Young_Columella",47.1093320779396
"ATH-aux-reg-IR8-ARF1-down",5.68752126391737e-46,-1.0844028417062,0.927,0.989,3.153989064536e-45,"Young_Columella",44.5011398167839
"ATH-aux-cis-DR5-ARF6",2.13312846679747e-45,-0.23698079034928,1,1,1.08434030395538e-44,"Young_Columella",43.9648343995906
"ATH-aux-reg-IR8-ARF5-1-down",2.2377416537583e-42,-0.646178341540228,0.993,0.997,1.05001723753274e-41,"Young_Columella",40.9788035713073
"ATH-aux-cis-IR8-ARF5-1",2.90916692600817e-42,-0.21896091080848,1,1,1.26756558918927e-41,"Young_Columella",40.8970295591852
"ATH-aux-cis-DR5-ARF5-1",7.28027065492451e-42,-0.224283667281494,1,1,2.9606433996693e-41,"Young_Columella",40.5286138988864
"ATH-aux-cis-DR5-TGTCGG",2.02679020769693e-41,-0.641255403276536,0.955,0.997,7.72713766684453e-41,"Young_Columella",40.1119813502866
"ATH-aux-reg-DR5-ARF8-down",9.89928775058704e-38,-0.65575991479479,0.935,0.992,3.55209736932829e-37,"Young_Columella",36.4495151379434
"ATH-aux-reg-DR5-ARF8-up",7.05517603284918e-36,0.379941638614366,1,1,2.39092076668778e-35,"Young_Columella",34.6214348158376
"ATH-aux-reg-DR5-ARF6-up",7.46134515087194e-36,-0.369114024797965,1,1,2.39548449580625e-35,"Young_Columella",34.6206066356627
"ATH-aux-cis-DR5-ARF5-2",8.05290127621483e-36,-0.250270159067538,1,1,2.45613488924552e-35,"Young_Columella",34.6097477857205
"ATH-aux-cis-IR8-ARF6",1.07492267911763e-33,-0.224893616542331,1,1,3.1223944488655e-33,"Young_Columella",32.5055122338346
"ATH-aux-trans-Transport",2.47921860774246e-31,0.851605513132311,1,1,6.87419704874045e-31,"Young_Columella",30.1627780229765
"ATH-aux-trans-Synthesis",3.83258769306648e-31,-0.967222022968802,0.502,0.841,1.01646890990024e-30,"Young_Columella",29.9929059003169
"ATH-aux-cis-IR8-ARF8",9.12697161495358e-30,-0.185593303650825,1,1,2.31977195213403e-29,"Young_Columella",28.6345547068323
"ATH-aux-reg-DR5-ARF3-down",3.20981270892759e-29,-0.636805282663736,0.96,1,7.83194300978332e-29,"Young_Columella",28.1061304813973
"majortrend",3.95208200890153e-27,-0.143409385746529,1,1,9.27219240549974e-27,"Young_Columella",26.0328175649888
"ATH-aux-reg-DR5-ARF5-1-up",5.26383223690576e-26,0.274713863811997,1,1,1.18923617204167e-25,"Young_Columella",24.9247318896797
"ATH-aux-reg-IR8-ARF1-up",3.07726502382606e-25,-1.67268038024034,0.1,0.331,6.70404165904964e-25,"Young_Columella",24.1736632956548
"ATH-aux-trans-Receptors",4.38919268668386e-25,-0.841001490680247,0.566,0.852,9.23243978923157e-25,"Young_Columella",24.0346835159856
"ATH-aux-trans-ConjugationDeconjugation",9.45983721804141e-25,-0.645988910698511,1,1,1.92350023433509e-24,"Young_Columella",23.7159077564482
"ATH-aux-cis-DR5-ARF1",1.18774290321391e-24,-0.226209665888483,1,1,2.33717151922738e-24,"Young_Columella",23.6313094146422
"ATH-aux-trans-IAA",2.45239127379391e-23,-0.430391803295204,1,1,4.67487086566963e-23,"Young_Columella",22.3302303811769
"ATH-aux-cis-DR5-ARF8",1.14217993889163e-22,-0.149977212476452,1,1,2.11130231128453e-22,"Young_Columella",21.6754495768664
"random2",7.29821151172738e-17,-0.223915721968725,1,1,1.30938500651579e-16,"Young_Columella",15.8829326363976
"ATH-aux-cis-IR8-ARF2",1.46833092831531e-16,-0.168714272896797,1,1,2.55909104649239e-16,"Young_Columella",15.5919142626529
"ATH-aux-cis-IR8-ARF3",9.53565849495977e-16,-0.184722450069793,1,1,1.61576435609041e-15,"Young_Columella",14.7916219766752
"ATH-aux-trans-ARF",3.9226338148921e-14,0.731783791664825,0.884,0.838,6.41515204368195e-14,"Young_Columella",13.1927930460779
"ATH-aux-reg-IR8-ARF6-down",3.99632422393302e-14,-0.412925526623719,0.846,0.953,6.41515204368195e-14,"Young_Columella",13.1927930460779
"ATH-aux-reg-IR8-ARF2-up",4.5502182811651e-11,-0.292803839480139,0.982,0.992,7.1170080807967e-11,"Young_Columella",10.1477025410659
"ATH-aux-reg-IR8-ARF5-2-up",8.99445681349598e-11,-0.27798663084008,1,1,1.37165466405814e-10,"Young_Columella",9.862755215431
"ATH-aux-cis-DR5-ARF3",5.53290581626604e-09,-0.100860776418618,1,1,8.23188426322509e-09,"Young_Columella",8.08450074419752
"ATH-aux-trans-PolarAuxinTransport",6.86697053558294e-07,0.623333207681944,0.956,0.961,9.97345720644189e-07,"Young_Columella",6.00115427143565
"ATH-aux-reg-IR8-ARF8-up",3.99962964191212e-06,0.207983027368819,1,1,5.67389321294511e-06,"Young_Columella",5.24611884222101
"ATH-aux-reg-IR8-ARF5-2-down",1.27635556885688e-05,-0.224613433616066,0.802,0.928,1.7694929477334e-05,"Young_Columella",4.75215116389201
"ATH-aux-cis-IR8-TGTCNN",1.4772232102269e-05,-0.0859644389280276,1,1,2.00245812941868e-05,"Young_Columella",4.69843655606896
"ATH-aux-reg-IR8-ARF6-up",4.20245329901997e-05,-0.130588917979949,0.999,0.997,5.57281850522214e-05,"Young_Columella",4.25392510075576
"ATH-aux-reg-DR5-ARF2-up",0.000849052736573585,0.121017126026193,1,1,0.00110196206236146,"Young_Columella",2.95783335683694
"random3",0.00211258505935928,-0.075760108659498,1,1,0.00268474351293575,"Young_Columella",2.57109719832099
"ATH-aux-trans-A-ARF",0.00604346585007876,0.77702398564463,0.641,0.66,0.00752349830315928,"Young_Columella",2.1235801726424
"ATH-aux-reg-DR5-ARF1-down",0.013759102802216,0.397762443395709,0.828,0.9,0.0167861054187035,"Young_Columella",1.77505005379426
"ATH-aux-reg-IR8-ARF5-1-up",0.0210502105526084,0.107333566492685,1,1,0.0251777028178258,"Young_Columella",1.59898389690699
"ATH-aux-reg-IR8-TGTCNN-down",0.0267300289333633,0.272597447640162,0.721,0.772,0.0313563800949069,"Young_Columella",1.50367407977422
"ATH-aux-reg-DR5-TGTCNN-up",0.0374593296014276,-0.0514741755198143,0.999,1,0.0431135680318318,"Young_Columella",1.36538603392149
"ATH-aux-reg-IR8-ARF2-down",0.118759845420255,0.338063644548642,0.946,0.975,0.134154640196955,"Young_Columella",0.872394301172581
"ATH-aux-reg-DR5-ARF5-2-up",0.228670384941813,0.232190016717182,0.913,0.933,0.249235362992036,"Young_Columella",0.60339033736313
"ATH-aux-reg-DR5-ARF5-2-down",0.230860529482584,0.0353937133960764,0.774,0.872,0.249235362992036,"Young_Columella",0.60339033736313
"random1",0.232892060500755,-0.0264849401399945,0.999,1,0.249235362992036,"Young_Columella",0.60339033736313
"ATH-aux-reg-IR8-TGTCNN-up",0.261420905532464,-0.0169325122223337,0.989,0.997,0.274942676508282,"Young_Columella",0.560757843883177
"ATH-aux-reg-DR5-ARF1-up",0.589790617111448,0.0633075104027523,0.996,0.992,0.609783519386412,"Young_Columella",0.214824317485005
"ATH-aux-reg-IR8-ARF3-down",0.770272779812266,0.378908934908477,0.746,0.819,0.783110659475803,"Young_Columella",0.106176864501424
"ATH-aux-reg-IR8-ARF3-up",0.853938991177061,0.134464075217942,0.986,0.994,0.853938991177061,"Young_Columella",0.0685731559405149
"ATH-aux-reg-DR5-ARF3-up",9.05239754253764e-192,1.71476231832733,1,1,5.52196250094796e-190,"Trichoblast",189.257906546934
"ATH-aux-reg-DR5-ARF5-1-down",5.78971608959268e-170,-1.0025807577037,1,1,1.76586340732577e-168,"Trichoblast",167.75304289291
"ATH-aux-reg-DR5-ARF5-1-up",8.70880537394126e-164,0.92107220442634,1,1,1.77079042603472e-162,"Trichoblast",161.751832834746
"ATH-aux-reg-DR5-ARF6-down",1.09529810884819e-144,-0.872098514255299,1,1,1.67032961599348e-143,"Trichoblast",142.777197818504
"ATH-aux-reg-DR5-TGTCNN-down",8.49121710889017e-140,-1.09600590842933,1,1,1.0359284872846e-138,"Trichoblast",137.984670223982
"ATH-aux-reg-DR5-ARF8-up",7.65945669109865e-133,0.788451562275658,1,1,7.78711430261696e-132,"Trichoblast",131.108623450496
"ATH-aux-reg-DR5-ARF2-up",1.42192253337125e-126,0.873748011313906,1,1,1.2391039219378e-125,"Trichoblast",124.906892268417
"ATH-aux-reg-DR5-ARF2-down",5.16890725166567e-124,-0.857332842665721,1,1,3.94129177939507e-123,"Trichoblast",122.404361412511
"ATH-aux-reg-DR5-ARF5-2-up",3.71846949084297e-88,0.84443552842478,0.999,0.994,2.52029598823801e-87,"Trichoblast",86.5985484518733
"ATH-aux-reg-DR5-TGTCNN-up",5.39566868817688e-88,0.629181573400992,1,1,3.2913578997879e-87,"Trichoblast",86.4826248902818
"ATH-aux-reg-IR8-ARF5-1-up",4.70442450711881e-86,0.557521819715058,1,1,2.60881722667498e-85,"Trichoblast",84.5835563464372
"ATH-aux-reg-DR5-ARF1-up",2.28612385299492e-85,0.91988384613765,0.999,0.994,1.16211295860575e-84,"Trichoblast",83.9347516560121
"ATH-aux-reg-DR5-ARF3-down",2.30749456323656e-71,-0.785982789756403,0.999,1,1.08274744890331e-70,"Trichoblast",69.9654728308523
"ATH-aux-reg-IR8-ARF8-up",2.86382580573584e-71,0.608498595831297,1,1,1.24780981535633e-70,"Trichoblast",69.9038516025025
"ATH-aux-reg-DR5-ARF8-down",1.42044987033668e-69,-0.62169101148043,0.997,1,5.77649613936918e-69,"Trichoblast",68.2383355125754
"ATH-aux-reg-IR8-ARF6-up",1.52395029223925e-69,0.670948877483417,0.998,1,5.81006048916215e-69,"Trichoblast",68.2358193460998
"ATH-aux-trans-ConjugationDeconjugation",5.01699507262987e-65,0.749009430406931,1,0.998,1.80021587900248e-64,"Trichoblast",63.7446754118757
"ATH-aux-reg-DR5-ARF6-up",1.72342067509686e-52,0.381120742848416,1,1,5.84048117671715e-52,"Trichoblast",51.2335513714176
"ATH-aux-cis-IR8-ARF5-2",4.83771323553223e-48,-0.289308272789447,1,1,1.55316056509193e-47,"Trichoblast",46.808783644768
"ATH-aux-reg-IR8-ARF8-down",1.1623539000876e-47,-0.70128223949823,0.996,0.998,3.54517939526717e-47,"Trichoblast",46.4503617834983
"ATH-aux-trans-ARF",1.29790178357449e-47,1.24245449631353,0.876,0.702,3.77009565704969e-47,"Trichoblast",46.4236476304834
"ATH-aux-reg-IR8-ARF6-down",1.77397007593333e-47,-0.598439928637384,0.984,0.994,4.91873521054243e-47,"Trichoblast",46.3081465561143
"ATH-aux-cis-IR8-TGTCNN",2.34025788828255e-47,-0.266363300798541,1,1,6.2067709210972e-47,"Trichoblast",46.2071342832177
"ATH-aux-reg-IR8-ARF5-2-down",4.81742518523185e-47,-1.20250228956881,0.977,0.973,1.22442890124643e-46,"Trichoblast",45.9120664279283
"ATH-aux-reg-IR8-ARF3-up",4.72847642601431e-45,0.767870662936336,0.998,0.971,1.15374824794749e-44,"Trichoblast",43.937888945474
"random1",1.92062811388129e-43,0.304269673843446,1,1,4.50608903641381e-43,"Trichoblast",42.3462002312449
"ATH-aux-reg-IR8-ARF1-up",1.46611262531673e-42,-1.42698097290403,0.703,0.76,3.31232852386371e-42,"Trichoblast",41.4798665954906
"ATH-aux-trans-Synthesis",1.80547650815805e-38,-2.21267970945603,0.282,0.563,3.93335953563004e-38,"Trichoblast",37.4052363543267
"ATH-aux-cis-DR5-TGTCNN",2.49782127606174e-35,-0.193859108128582,1,1,5.25403785654365e-35,"Trichoblast",34.2795068023477
"ATH-aux-reg-IR8-ARF2-up",2.41238141698346e-30,0.411236000973236,1,1,4.90517554786638e-30,"Trichoblast",29.3093454453471
"ATH-aux-cis-IR8-ARF5-1",2.83531348972657e-29,-0.175397820014649,1,1,5.57916525397808e-29,"Trichoblast",28.2534307746664
"ATH-aux-cis-IR8-ARF8",2.79948075576399e-25,-0.174989542312694,1,1,5.33651019067512e-25,"Trichoblast",24.272742656902
"ATH-aux-cis-DR5-TGTCGG",7.26717964785647e-23,0.331612274471569,0.996,0.981,1.34332714702801e-22,"Trichoblast",21.8718182085918
"random2",4.01837090761651e-20,-0.166873908931061,1,1,7.20943015778257e-20,"Trichoblast",19.1420990610935
"ATH-aux-reg-IR8-ARF5-2-up",1.26265945517794e-18,0.367083987827842,1,1,2.20063505045299e-18,"Trichoblast",17.6574519741282
"ATH-aux-cis-IR8-ARF2",1.45330532636486e-18,0.123918975567153,1,1,2.46254513634045e-18,"Trichoblast",17.608615800512
"ATH-aux-cis-DR5-ARF3",8.8125392994801e-18,0.117962812151024,1,1,1.4528781007251e-17,"Trichoblast",16.8377708223181
"ATH-aux-trans-PolarAuxinTransport",1.70065387974436e-17,-0.363913962196935,0.934,0.892,2.72999701748436e-17,"Trichoblast",16.5638378274247
"ATH-aux-reg-IR8-ARF5-1-down",2.7078320253577e-16,-0.366879281629651,0.994,1,4.23532701402102e-16,"Trichoblast",15.3731130517083
"ATH-aux-cis-IR8-ARF1",4.25673942610533e-16,-0.175154699885717,1,1,6.49152762481062e-16,"Trichoblast",15.1876530904173
"ATH-aux-reg-DR5-ARF1-down",8.81057421843479e-16,-0.425040401246701,0.992,0.987,1.31084153005981e-15,"Trichoblast",14.8824498077611
"ATH-aux-trans-Receptors",4.80744245481453e-15,-0.734082425870262,0.965,0.963,6.98223785104015e-15,"Trichoblast",14.1560053609594
"ATH-aux-reg-IR8-ARF1-down",6.53031249598305e-15,-0.533925524965176,0.988,1,9.26393168034805e-15,"Trichoblast",14.0332046564402
"ATH-aux-trans-Transport",3.62224789906704e-08,0.0403715582787112,0.993,0.998,5.02175276916112e-08,"Trichoblast",7.29914467227465
"ATH-aux-reg-IR8-ARF3-down",1.73081576813551e-07,-0.611938030349735,0.903,0.902,2.34621693013924e-07,"Trichoblast",6.6296318356958
"ATH-aux-cis-IR8-ARF3",3.52867976543586e-07,-0.111240219986293,1,1,4.67933621068669e-07,"Trichoblast",6.32981574959297
"random3",6.85192876010915e-07,-0.0963423266589298,1,1,8.89292881631188e-07,"Trichoblast",6.0509551839923
"ATH-aux-trans-A-ARF",1.30435986277588e-06,-0.142926764426247,0.75,0.585,1.65762399227768e-06,"Trichoblast",5.7805139759561
"ATH-aux-reg-IR8-TGTCNN-down",1.46281043737188e-05,-0.339552904535469,0.925,0.9,1.82104972815682e-05,"Trichoblast",4.73967819458442
"ATH-aux-reg-IR8-TGTCNN-up",2.93770630930917e-05,-0.199395289472024,0.991,0.996,3.58400169735718e-05,"Trichoblast",4.44563179333115
"ATH-aux-reg-DR5-ARF5-2-down",4.93085840737626e-05,-0.240034019376953,0.971,0.962,5.89769338921475e-05,"Trichoblast",4.22931780940942
"ATH-aux-trans-IAA",0.000106293513445244,-0.115479112029472,0.976,1,0.000124690467695383,"Trichoblast",3.90416674608466
"ATH-aux-cis-DR5-ARF2",0.00014798977394105,0.0265312845591088,1,1,0.000170327853026492,"Trichoblast",3.76871432780594
"ATH-aux-cis-DR5-ARF6",0.00271723948288231,-0.0565528619038332,1,1,0.00306947423066334,"Trichoblast",2.51293600832626
"majortrend",0.00456617558981506,0.0206462458482601,1,1,0.0050643038359767,"Trichoblast",2.29548024644851
"ATH-aux-cis-DR5-ARF1",0.0298055391649457,0.0188591068095569,1,1,0.0324667480189587,"Trichoblast",1.48856120962316
"ATH-aux-cis-DR5-ARF8",0.0462679597861024,0.0139342905430897,1,1,0.0495148341570569,"Trichoblast",1.30526467121959
"ATH-aux-cis-DR5-ARF5-2",0.154667831070561,0.0140410515638667,1,1,0.162667891298349,"Trichoblast",0.788698163154779
"ATH-aux-cis-IR8-ARF6",0.334733169278571,-0.0331223814647734,1,1,0.34608005637276,"Trichoblast",0.460823427163026
"ATH-aux-reg-IR8-ARF2-down",0.537242789412019,-0.0913539155486484,0.971,0.962,0.546196835902219,"Trichoblast",0.26265082004064
"ATH-aux-cis-DR5-ARF5-1",0.902748897307048,-0.0190548284077982,1,1,0.902748897307048,"Trichoblast",0.0444330333843891
"ATH-aux-reg-DR5-ARF2-down",4.50588082992655e-61,-0.972545482731101,0.999,1,2.74858730625519e-59,"Initials_Stele_QC",58.560890463529
"ATH-aux-reg-DR5-ARF5-1-down",1.39959097718637e-59,-0.725474869632815,1,1,4.26875248041842e-58,"Initials_Stele_QC",57.3696990266214
"ATH-aux-reg-DR5-ARF6-down",3.89624253138001e-57,-0.635554871557815,1,1,7.92235981380602e-56,"Initials_Stele_QC",55.1011454369126
"ATH-aux-reg-DR5-TGTCNN-down",2.10824669185954e-51,-0.711570224610259,0.995,1,2.6207800543108e-50,"Initials_Stele_QC",49.5815694251455
"ATH-aux-cis-IR8-ARF1",2.1481803723859e-51,-0.427074296860679,1,1,2.6207800543108e-50,"Initials_Stele_QC",49.5815694251455
"ATH-aux-cis-DR5-ARF5-1",2.60464476274696e-42,-0.228172756526787,1,1,2.64805550879274e-41,"Initials_Stele_QC",40.5770729154145
"ATH-aux-trans-IAA",3.47010763089722e-37,-1.34808488462815,0.999,1,3.02395093549615e-36,"Initials_Stele_QC",35.5194252596709
"ATH-aux-cis-DR5-TGTCNN",3.45941710863914e-36,-0.274632850034238,1,1,2.63780554533735e-35,"Initials_Stele_QC",34.5787572230807
"ATH-aux-trans-Synthesis",4.79677715797358e-36,-2.05802276936002,0.684,0.873,3.25114896262654e-35,"Initials_Stele_QC",34.4879631313453
"ATH-aux-reg-IR8-ARF5-1-up",6.76418203056431e-35,0.451609375221763,1,1,4.12615103864423e-34,"Initials_Stele_QC",33.3844548786292
"ATH-aux-reg-DR5-ARF3-down",4.80385739854159e-33,-0.660048707205599,0.995,0.998,2.66395728464579e-32,"Initials_Stele_QC",31.5744727431622
"ATH-aux-reg-DR5-ARF5-2-up",1.16437400963408e-31,0.681730221814554,0.997,1,5.91890121563991e-31,"Initials_Stele_QC",30.2277589081884
"ATH-aux-cis-DR5-ARF2",3.10707374132535e-30,-0.215907087954148,1,1,1.45793460169882e-29,"Initials_Stele_QC",28.8362619566479
"ATH-aux-cis-DR5-ARF6",5.5548576858353e-27,-0.180178021366995,1,1,2.35638041367417e-26,"Initials_Stele_QC",25.6277545957937
"ATH-aux-cis-DR5-ARF8",5.79437806641188e-27,-0.188211251889052,1,1,2.35638041367417e-26,"Initials_Stele_QC",25.6277545957937
"ATH-aux-cis-DR5-ARF5-2",9.10815438748311e-26,-0.202629549456126,1,1,3.47248386022794e-25,"Initials_Stele_QC",24.4593597641448
"random3",5.41068062683512e-24,-0.229384445096052,1,1,1.94147951904084e-23,"Initials_Stele_QC",22.7118671865315
"ATH-aux-cis-DR5-ARF3",2.9822202515438e-22,-0.20209934881752,1,1,1.01064130746762e-21,"Initials_Stele_QC",20.9954029550206
"ATH-aux-cis-IR8-ARF5-1",3.28053522439146e-22,-0.167261138958161,1,1,1.05322446677831e-21,"Initials_Stele_QC",20.9774790606338
"ATH-aux-cis-DR5-ARF1",1.58629538650673e-18,-0.165029584230122,1,1,4.83820092884553e-18,"Initials_Stele_QC",17.3153160994969
"ATH-aux-reg-DR5-ARF8-down",7.36273258039917e-17,-0.432039130999735,1,1,2.13869851144928e-16,"Initials_Stele_QC",15.6698504328396
"majortrend",4.45949557010212e-16,-0.112618454019131,1,1,1.23649649898286e-15,"Initials_Stele_QC",14.9078071089627
"ATH-aux-reg-IR8-ARF3-down",1.48973979025778e-15,-0.942620150779954,0.727,0.898,3.95104900894455e-15,"Initials_Stele_QC",14.4032875832818
"ATH-aux-reg-DR5-ARF5-2-down",2.89150950521641e-14,-0.338797307243966,0.924,0.995,7.34925332575837e-14,"Initials_Stele_QC",13.1337567824091
"ATH-aux-cis-IR8-ARF5-2",2.57628512355758e-13,-0.152095648993541,1,1,6.28613570148049e-13,"Initials_Stele_QC",12.2016162479179
"ATH-aux-reg-DR5-ARF3-up",3.86518337815725e-13,0.363455766055144,1,1,9.06831484875355e-13,"Initials_Stele_QC",12.0424734097296
"ATH-aux-reg-DR5-ARF8-up",5.42615706476372e-12,0.224928229208739,1,1,1.22590955907625e-11,"Initials_Stele_QC",10.911541568515
"ATH-aux-reg-IR8-ARF1-up",1.38969808428199e-11,-0.697735687181717,0.329,0.536,3.02755654075719e-11,"Initials_Stele_QC",10.5189077374964
"ATH-aux-reg-IR8-ARF5-2-up",3.27388570318127e-11,0.487487517996656,1,1,6.88644923772612e-11,"Initials_Stele_QC",10.1620046494934
"ATH-aux-reg-IR8-ARF6-up",4.85528185728581e-11,0.309586328404697,1,1,9.8724064431478e-11,"Initials_Stele_QC",10.0055769732072
"ATH-aux-reg-DR5-ARF5-1-up",1.57948319283827e-10,0.200589379775434,1,1,3.10801531493981e-10,"Initials_Stele_QC",9.50751684985263
"random1",2.09346990235052e-10,-0.220559750972572,1,1,3.99067700135567e-10,"Initials_Stele_QC",9.39895342185407
"ATH-aux-reg-DR5-TGTCNN-up",2.85646720776254e-10,0.163435066957771,1,1,5.17332651894082e-10,"Initials_Stele_QC",9.2862301098571
"ATH-aux-trans-PolarAuxinTransport",2.88349346957357e-10,-0.87410371026356,0.851,0.94,5.17332651894082e-10,"Initials_Stele_QC",9.2862301098571
"ATH-aux-reg-IR8-ARF1-down",4.20639739480448e-10,-0.36796385797322,0.936,0.978,7.33114974523067e-10,"Initials_Stele_QC",9.13482790955364
"ATH-aux-cis-IR8-ARF8",1.27209526815139e-09,-0.107129130126824,1,1,2.15549475992319e-09,"Initials_Stele_QC",8.66645302859261
"ATH-aux-reg-IR8-ARF8-up",1.44312749400216e-08,0.244806445554513,1,1,2.37921019281438e-08,"Initials_Stele_QC",7.62356718824985
"ATH-aux-cis-IR8-TGTCNN",1.35562533002856e-07,-0.122397429685914,1,1,2.17613539820375e-07,"Initials_Stele_QC",6.66231408651826
"ATH-aux-reg-DR5-ARF2-up",1.8182270503764e-07,0.179220291522791,1,1,2.84389359161437e-07,"Initials_Stele_QC",6.54608665739349
"ATH-aux-reg-DR5-ARF1-down",2.23527689993729e-06,-0.283298602119844,0.938,0.98,3.40879727240437e-06,"Initials_Stele_QC",5.46739882631412
"ATH-aux-reg-IR8-ARF8-down",2.97265725172625e-06,-0.183165198263876,0.991,0.998,4.4227339598854e-06,"Initials_Stele_QC",5.35430918390164
"ATH-aux-cis-IR8-ARF3",5.23091568638889e-06,-0.121686385009179,1,1,7.59728230642196e-06,"Initials_Stele_QC",5.11934173540389
"random2",8.59274499956926e-06,-0.0856831403665859,1,1,1.21897080226448e-05,"Initials_Stele_QC",4.91400669681582
"ATH-aux-trans-ARF",9.40321779792697e-06,0.427145508059353,0.966,0.975,1.30362792198533e-05,"Initials_Stele_QC",4.88484634609406
"ATH-aux-reg-IR8-ARF5-1-down",1.16214974342099e-05,-0.183393733587566,0.996,1,1.57535854108179e-05,"Initials_Stele_QC",4.80262058810139
"ATH-aux-reg-IR8-ARF2-up",6.46535460532072e-05,0.19573469656904,1,1,8.57362241140356e-05,"Initials_Stele_QC",4.06683564705058
"ATH-aux-reg-DR5-ARF6-up",0.000102362643225518,0.122795535084413,1,1,0.000132853643335246,"Initials_Stele_QC",3.87662653113931
"ATH-aux-trans-Transport",0.000242257836972588,-0.246431335219634,0.989,0.995,0.000307869334485997,"Initials_Stele_QC",3.51163356711097
"ATH-aux-reg-IR8-TGTCNN-up",0.00199091451518794,0.203902306429885,0.975,0.99,0.00247848541686661,"Initials_Stele_QC",2.60581363209189
"ATH-aux-reg-IR8-ARF3-up",0.00212463442568313,0.415277235388057,0.895,0.921,0.00259205399933342,"Initials_Stele_QC",2.58635595520567
"ATH-aux-reg-IR8-ARF5-2-down",0.00288795871789846,-0.128075909973978,0.807,0.926,0.00340739130545596,"Initials_Stele_QC",2.46757798910843
"ATH-aux-reg-IR8-TGTCNN-down",0.00290466144071656,-0.246969337729657,0.733,0.849,0.00340739130545596,"Initials_Stele_QC",2.46757798910843
"ATH-aux-cis-DR5-TGTCGG",0.00438301163430877,-0.166450478119742,0.946,0.983,0.00504459829609122,"Initials_Stele_QC",2.29717341113903
"ATH-aux-cis-IR8-ARF6",0.0150826859141498,-0.0483460562469795,1,1,0.0170378489030211,"Initials_Stele_QC",1.76858523753407
"ATH-aux-reg-IR8-ARF6-down",0.0200088610042948,-0.0968028137407542,0.977,0.995,0.022191645841127,"Initials_Stele_QC",1.65381048716803
"ATH-aux-cis-IR8-ARF2",0.0351209586653391,-0.0409683221800609,1,1,0.038256758546173,"Initials_Stele_QC",1.41729183005224
"ATH-aux-reg-IR8-ARF2-down",0.0384306838076794,0.0979797082785543,0.912,0.953,0.0411275738994464,"Initials_Stele_QC",1.385866908608
"ATH-aux-trans-A-ARF",0.0613597053347699,-0.237878929088654,0.877,0.906,0.0645334831969131,"Initials_Stele_QC",1.19021489320106
"ATH-aux-reg-DR5-ARF1-up",0.0651251395483852,0.0992968514423,1,1,0.067332771397483,"Initials_Stele_QC",1.17177350972835
"ATH-aux-trans-Receptors",0.156372097648371,0.163214692718166,0.845,0.896,0.158978299275844,"Initials_Stele_QC",0.798662153339631
"ATH-aux-trans-ConjugationDeconjugation",0.712402094052122,-0.12765566593947,0.996,1,0.712402094052122,"Initials_Stele_QC",0.147274812631106
"ATH-aux-reg-DR5-ARF2-down",1.58173562781469e-60,-1.0135174128341,1,1,9.64858732966963e-59,"G2_M_phase_1",58.0155362679868
"ATH-aux-reg-DR5-ARF5-1-down",6.62379613209387e-38,-0.602113738440463,1,1,2.02025782028863e-36,"G2_M_phase_1",35.6945932034327
"ATH-aux-reg-DR5-ARF3-up",6.00094222999063e-36,0.848803509058012,1,1,1.22019158676476e-34,"G2_M_phase_1",33.9135719737988
"ATH-aux-reg-DR5-TGTCNN-down",8.21283044902806e-36,-0.818245133956571,1,1,1.25245664347678e-34,"G2_M_phase_1",33.9022372992529
"ATH-aux-reg-DR5-ARF6-down",5.80895174626964e-35,-0.546843939084564,1,1,7.08692113044896e-34,"G2_M_phase_1",33.1495424004262
"ATH-aux-reg-DR5-ARF8-down",3.59896931544817e-32,-0.746794020300622,1,1,3.6589521373723e-31,"G2_M_phase_1",30.4366432714675
"ATH-aux-cis-DR5-TGTCNN",9.98801035315907e-30,-0.272166177177397,1,1,8.70383759346719e-29,"G2_M_phase_1",28.0602892211522
"ATH-aux-reg-DR5-ARF3-down",2.5298877500911e-26,-0.719554131312963,0.999,1,1.92903940944447e-25,"G2_M_phase_1",24.7146588998162
"ATH-aux-reg-IR8-ARF5-1-up",1.68514268517112e-23,0.422037508521234,1,1,1.14215226439376e-22,"G2_M_phase_1",21.9422759948836
"ATH-aux-reg-IR8-ARF8-up",9.20593117901339e-22,0.423274537139921,1,1,5.61561801919817e-21,"G2_M_phase_1",20.2506024410842
"ATH-aux-reg-DR5-ARF5-1-up",1.7032995469082e-17,0.267621977619535,1,1,9.44557021467275e-17,"G2_M_phase_1",16.024771819255
"ATH-aux-cis-IR8-ARF5-2",3.08628985143131e-17,-0.189547087496944,1,1,1.56886400781092e-16,"G2_M_phase_1",15.8044147002735
"ATH-aux-cis-IR8-ARF1",1.56597876430521e-15,-0.201187059385261,1,1,7.34805420173984e-15,"G2_M_phase_1",14.133827648851
"ATH-aux-cis-IR8-ARF3",2.37738971404561e-15,-0.192545103652203,1,1,1.03586266111987e-14,"G2_M_phase_1",13.9846978213009
"ATH-aux-reg-DR5-ARF1-up",9.81886593024751e-15,0.522450256382157,1,1,3.99300547830065e-14,"G2_M_phase_1",13.3987000939644
"ATH-aux-cis-DR5-ARF6",3.06079393030144e-14,-0.136197933969871,1,1,1.16692768592742e-13,"G2_M_phase_1",12.9329560561875
"ATH-aux-trans-ConjugationDeconjugation",8.18614125567612e-14,0.534913163104522,0.999,1,2.93738009762496e-13,"G2_M_phase_1",12.5320398520403
"ATH-aux-trans-Synthesis",6.05573468088561e-13,-0.849515877520325,0.355,0.618,2.05222119741123e-12,"G2_M_phase_1",11.6877758308712
"ATH-aux-trans-ARF",1.74292669181339e-12,0.887718584038177,0.978,0.961,5.59571201055879e-12,"G2_M_phase_1",11.2521446450458
"ATH-aux-reg-DR5-ARF5-2-up",1.75106876297501e-11,0.40842528641036,0.999,1,5.34075972707378e-11,"G2_M_phase_1",10.2723969598615
"ATH-aux-cis-DR5-TGTCGG",3.36100515286012e-11,-0.425489722357279,0.999,0.995,9.76291972973653e-11,"G2_M_phase_1",10.010420281423
"ATH-aux-cis-IR8-ARF5-1",8.41757496025577e-11,-0.112461701740419,1,1,2.33396396625274e-10,"G2_M_phase_1",9.6319058532514
"ATH-aux-cis-DR5-ARF2",2.24067450481688e-10,-0.122261621703152,1,1,5.90706402275925e-10,"G2_M_phase_1",9.22862832208612
"ATH-aux-reg-IR8-ARF5-2-up",2.32409076305282e-10,0.38244611445996,1,1,5.90706402275925e-10,"G2_M_phase_1",9.22862832208612
"ATH-aux-reg-DR5-ARF8-up",4.97168012463253e-10,0.232487242119907,1,1,1.21308995041034e-09,"G2_M_phase_1",8.91610699507861
"ATH-aux-cis-DR5-ARF5-1",1.8823820732364e-09,-0.0944912561470291,1,1,4.41635794105463e-09,"G2_M_phase_1",8.35493573475234
"ATH-aux-reg-DR5-ARF1-down",2.45004354731484e-09,-0.613085120394534,0.985,0.99,5.53528356985946e-09,"G2_M_phase_1",8.25686012552227
"ATH-aux-reg-IR8-ARF1-up",1.0474400116619e-08,-0.584092098489994,0.618,0.758,2.28192288254914e-08,"G2_M_phase_1",7.64169903662652
"random2",3.25931016807678e-08,-0.155558015447402,1,1,6.85579035354082e-08,"G2_M_phase_1",7.16394247137839
"random3",2.62832918134851e-07,-0.129879107702306,1,1,5.34426933540864e-07,"G2_M_phase_1",6.27211166282027
"ATH-aux-trans-PolarAuxinTransport",5.72207244665465e-07,0.117186492978908,0.97,0.981,1.12595619111592e-06,"G2_M_phase_1",5.94847850675532
"ATH-aux-cis-IR8-ARF8",8.23140507671917e-07,-0.0927292747537927,1,1,1.56911159274959e-06,"G2_M_phase_1",5.80434616897394
"ATH-aux-cis-DR5-ARF3",4.92153938135993e-06,-0.0904267963783478,1,1,9.09739097766532e-06,"G2_M_phase_1",5.04108314025748
"ATH-aux-cis-IR8-ARF2",1.47654461909949e-05,-0.104724160369512,1,1,2.64909475779615e-05,"G2_M_phase_1",4.57690250676432
"ATH-aux-reg-IR8-ARF5-1-down",1.63920017318631e-05,-0.199069822339799,1,1,2.85689173041042e-05,"G2_M_phase_1",4.54410621806188
"ATH-aux-reg-DR5-ARF5-2-down",6.68457589850662e-05,-0.284154850063876,0.976,0.986,0.000113266424946918,"G2_M_phase_1",3.94589880700534
"ATH-aux-cis-DR5-ARF8",0.000153424041967169,-0.061654775912688,1,1,0.000252942339459386,"G2_M_phase_1",3.59697846897688
"ATH-aux-cis-IR8-TGTCNN",0.000187874900038676,-0.0958664894445458,1,1,0.000301588655325243,"G2_M_phase_1",3.52058499908314
"ATH-aux-trans-IAA",0.000212940791018902,-0.566624247956105,1,0.995,0.000333061237234693,"G2_M_phase_1",3.47747590899199
"ATH-aux-reg-IR8-ARF6-up",0.000287029414748575,0.191984149827918,1,1,0.000437719857491577,"G2_M_phase_1",3.35880375084314
"majortrend",0.00037584883505265,-0.0498201811952608,1,1,0.000559189730200284,"G2_M_phase_1",3.25244081322501
"ATH-aux-reg-IR8-ARF5-2-down",0.000530215521960799,-0.351088244181419,0.927,0.961,0.00077007492475259,"G2_M_phase_1",3.11346701791377
"ATH-aux-reg-IR8-ARF3-down",0.000956012558331507,-0.501251016564922,0.887,0.923,0.00135620386181911,"G2_M_phase_1",2.86767502329455
"ATH-aux-reg-IR8-ARF8-down",0.00178568710736578,-0.230856315941011,1,0.995,0.00247561167157528,"G2_M_phase_1",2.60631747843972
"ATH-aux-cis-IR8-ARF6",0.00199284519346714,-0.0764290733797393,1,1,0.00270141237336657,"G2_M_phase_1",2.56840911525437
"ATH-aux-reg-DR5-ARF6-up",0.00287971302859439,-0.122900693785119,1,1,0.00381874988574474,"G2_M_phase_1",2.41807878540726
"ATH-aux-reg-IR8-ARF6-down",0.00606311360198292,-0.261779438575036,0.996,1,0.00786914744087145,"G2_M_phase_1",2.10407231742261
"ATH-aux-reg-DR5-TGTCNN-up",0.00960755480247419,0.0426125202401024,1,1,0.012209600894811,"G2_M_phase_1",1.91329853196127
"ATH-aux-reg-IR8-ARF2-down",0.0190337708335072,-0.179946879311154,0.973,0.981,0.0236951024662028,"G2_M_phase_1",1.62534140891393
"ATH-aux-reg-IR8-ARF2-up",0.0364375298478708,0.193380770381504,1,1,0.0444537864144024,"G2_M_phase_1",1.35209124146888
"ATH-aux-trans-A-ARF",0.0874791136747349,0.93917762358336,0.911,0.899,0.104631881061938,"G2_M_phase_1",0.980335966905861
"ATH-aux-trans-Receptors",0.128853459479936,-0.140633996628753,0.938,0.966,0.15115501977454,"G2_M_phase_1",0.820577425567318
"random1",0.136132656949062,-0.0774697170070576,1,1,0.156680982526279,"G2_M_phase_1",0.804983713710823
"ATH-aux-reg-IR8-ARF3-up",0.175178126725028,-0.206425185081572,0.998,0.99,0.197886402411606,"G2_M_phase_1",0.703584046927978
"ATH-aux-reg-IR8-ARF1-down",0.23848088748674,0.0716460485728545,0.994,1,0.264496984303475,"G2_M_phase_1",0.577579275265189
"ATH-aux-cis-DR5-ARF5-2",0.243320711114807,-0.0270641947160082,1,1,0.2650457746072,"G2_M_phase_1",0.57667911495917
"ATH-aux-cis-DR5-ARF1",0.265894676003587,0.0306996788225065,1,1,0.284553951512611,"G2_M_phase_1",0.545835379100793
"ATH-aux-reg-IR8-TGTCNN-up",0.308333873463739,-0.0986703469029415,0.995,0.995,0.324282177263588,"G2_M_phase_1",0.489076919747559
"ATH-aux-trans-Transport",0.421420282286708,0.186170679028216,0.998,0.995,0.435705715584563,"G2_M_phase_1",0.36080674295487
"ATH-aux-reg-DR5-ARF2-up",0.723298970035615,-0.00903688535542813,1,1,0.726673653938345,"G2_M_phase_1",0.138660585171556
"ATH-aux-reg-IR8-TGTCNN-down",0.726673653938345,-0.0791964644649961,0.889,0.928,0.726673653938345,"G2_M_phase_1",0.138660585171556
"ATH-aux-reg-DR5-ARF6-down",7.5406365052069e-76,-1.38059713798045,1,1,4.59978826817621e-74,"Cortex",73.3372621587704
"ATH-aux-reg-IR8-ARF5-1-up",5.79697148875545e-73,1.04527266515285,1,1,1.76807630407041e-71,"Cortex",70.7524989962677
"ATH-aux-reg-DR5-ARF3-up",9.12791308361928e-72,1.60999349860788,1,1,1.85600899366925e-70,"Cortex",69.7314199236498
"ATH-aux-reg-DR5-ARF5-1-down",6.47764790810368e-70,-1.10290039581541,1,1,9.87841305985812e-69,"Cortex",68.0053128180341
"ATH-aux-reg-DR5-ARF5-1-up",4.15059205757497e-68,0.971895085189727,1,1,5.06372231024147e-67,"Cortex",66.2955301186377
"ATH-aux-reg-DR5-ARF8-up",2.28915908925056e-66,1.17557529421889,1,1,2.32731174073807e-65,"Cortex",64.6331454395691
"ATH-aux-reg-DR5-ARF2-down",1.13430101205674e-62,-1.07399872044567,1,1,9.88462310506586e-62,"Cortex",61.0050398854308
"ATH-aux-reg-DR5-TGTCNN-down",2.76837295979058e-59,-1.39521701509795,1,1,2.11088438184032e-58,"Cortex",57.6755355533829
"ATH-aux-reg-DR5-ARF5-2-up",8.07239458528201e-58,1.41612970311537,1,0.962,5.47128966335781e-57,"Cortex",56.2619102920096
"ATH-aux-reg-IR8-ARF8-up",4.55244678512945e-56,0.849711672610212,1,1,2.77699253892897e-55,"Cortex",54.5564252870867
"ATH-aux-reg-IR8-ARF6-down",3.28201972846427e-54,-1.28577257746362,1,1,1.82002912214837e-53,"Cortex",52.7399216628462
"ATH-aux-reg-DR5-TGTCNN-up",7.41172693984906e-52,0.786547099775326,1,1,3.76762786108994e-51,"Cortex",50.4239320002148
"ATH-aux-reg-DR5-ARF1-up",7.26720371284877e-46,0.968048120999498,1,1,3.40999558833673e-45,"Cortex",44.4672461828733
"ATH-aux-cis-IR8-ARF1",2.380016511994e-42,-0.440469387406724,1,1,1.03700719451167e-41,"Cortex",40.9842182305677
"ATH-aux-reg-IR8-ARF6-up",2.61625382785294e-42,1.03765593555541,1,1,1.06394322332686e-41,"Cortex",40.9730815472795
"ATH-aux-reg-IR8-ARF1-down",3.58960449448307e-41,-1.63637248004999,0.994,0.995,1.36853671352167e-40,"Cortex",39.863743547347
"ATH-aux-reg-IR8-ARF2-down",5.28022228637603e-41,-1.29427374069743,0.979,0.995,1.8946679968761e-40,"Cortex",39.7224668805544
"ATH-aux-reg-DR5-ARF2-up",5.92071437032224e-37,0.744007738599499,1,1,2.00646431438698e-36,"Cortex",35.6975685599285
"ATH-aux-reg-DR5-ARF6-up",1.54325888101308e-34,0.698630041886601,1,1,4.9546732495683e-34,"Cortex",33.3049849810553
"ATH-aux-reg-IR8-ARF8-down",1.64379234712495e-32,-0.925547803981099,0.999,1,5.01356665873111e-32,"Cortex",31.2998532064478
"ATH-aux-reg-IR8-ARF5-2-down",2.01148039515219e-32,-1.82400154828297,0.975,0.981,5.84287162401349e-32,"Cortex",31.2333736556365
"ATH-aux-reg-IR8-ARF2-up",2.82749442084919e-32,0.794093583385588,1,1,7.83987089417274e-32,"Cortex",31.1056910891536
"ATH-aux-reg-IR8-ARF5-1-down",3.73619594601856e-29,-0.686740388458138,1,1,9.90904142204922e-29,"Cortex",28.0039683561353
"ATH-aux-reg-DR5-ARF8-down",4.28222137967174e-29,-0.642719452060786,1,1,1.0883979339999e-28,"Cortex",27.9632122912705
"ATH-aux-reg-IR8-TGTCNN-up",7.49902754680955e-29,0.778851791016141,0.997,0.977,1.82976272142153e-28,"Cortex",27.7376052247278
"ATH-aux-cis-IR8-ARF5-2",4.56625073696548e-28,-0.269381352450361,1,1,1.07131267290344e-27,"Cortex",26.9700837576475
"ATH-aux-cis-DR5-TGTCNN",6.25674321060301e-28,-0.255890854404116,1,1,1.41356050313624e-27,"Cortex",26.8496855981289
"ATH-aux-trans-ConjugationDeconjugation",2.91065609174809e-25,-0.693351530460547,1,1,6.34107219987976e-25,"Cortex",24.1978373018783
"ATH-aux-reg-DR5-ARF3-down",3.72587113056655e-25,-0.80627049941419,1,1,7.83717720567447e-25,"Cortex",24.1058403333295
"ATH-aux-cis-IR8-TGTCNN",1.06000642637562e-21,-0.216214237748405,1,1,2.15534640029709e-21,"Cortex",20.6664829214903
"ATH-aux-cis-DR5-ARF5-1",9.10951633515089e-21,-0.196380680274271,1,1,1.79251773046517e-20,"Cortex",19.7465365398693
"ATH-aux-trans-PolarAuxinTransport",1.27554128178606e-20,-0.626115533390588,0.914,0.944,2.43150056840467e-20,"Cortex",19.6141256245721
"ATH-aux-reg-IR8-ARF5-2-up",8.87062818550165e-20,0.660580186845572,1,1,1.63972217974424e-19,"Cortex",18.7852297287968
"ATH-aux-trans-Receptors",1.94046263972074e-19,-1.07191026085771,0.974,0.991,3.48141826538133e-19,"Cortex",18.4582437964702
"ATH-aux-reg-DR5-ARF1-down",1.04425556270796e-18,-0.657081033868988,0.99,0.995,1.81998826643387e-18,"Cortex",17.7399314119267
"ATH-aux-trans-Transport",7.06779491136667e-18,-0.66397046141468,0.986,0.991,1.1975985822038e-17,"Cortex",16.9216887268112
"ATH-aux-cis-IR8-ARF8",2.93199869495008e-17,-0.168335262436217,1,1,4.83383568626905e-17,"Cortex",16.3157081163941
"ATH-aux-cis-IR8-ARF2",1.62493054596931e-13,0.204976004342343,1,1,2.60844113958232e-13,"Cortex",12.5836189588431
"ATH-aux-reg-IR8-ARF3-down",2.5064239593964e-13,-0.808823830422663,0.941,0.944,3.92030414162001e-13,"Cortex",12.4066802386164
"random1",8.17301996578122e-11,-0.217181631935479,1,1,1.24638554478164e-10,"Cortex",9.90434759646385
"ATH-aux-cis-IR8-ARF3",1.40990235845449e-10,-0.195788734858013,1,1,2.09765960648107e-10,"Cortex",9.67826498469384
"ATH-aux-trans-ARF",4.66273628557768e-10,0.527148805644452,0.93,0.873,6.77206936714854e-10,"Cortex",9.16927860200794
"ATH-aux-cis-IR8-ARF5-1",5.55673910157447e-10,-0.12106410513434,1,1,7.88281593479169e-10,"Cortex",9.1033186141751
"ATH-aux-reg-DR5-ARF5-2-down",1.80892315367899e-09,-0.371566694247031,0.989,0.981,2.50782528123678e-09,"Cortex",8.6007027238373
"ATH-aux-cis-DR5-ARF5-2",8.08426528822144e-09,-0.130762854294243,1,1,1.09586707240335e-08,"Cortex",7.96024212214988
"ATH-aux-cis-DR5-ARF6",4.1064690958296e-08,-0.0998530415427682,1,1,5.44553510533925e-08,"Cortex",7.26395943787742
"ATH-aux-reg-IR8-ARF3-up",6.6471508422442e-08,0.473936359254465,0.966,0.915,8.62715322078502e-08,"Cortex",7.06413248869557
"ATH-aux-reg-IR8-TGTCNN-down",7.99783413710569e-07,-0.511846015349687,0.938,0.925,1.01639142159051e-06,"Cortex",5.99293900907978
"random2",3.06179150965889e-06,-0.118188319051801,1,1,3.81161800182025e-06,"Cortex",5.41889063059784
"ATH-aux-cis-DR5-ARF2",1.49073327649712e-05,-0.0775979681074324,1,1,1.81869459732649e-05,"Cortex",4.74024022332878
"ATH-aux-trans-IAA",0.000132284254327973,-0.301877740318968,0.999,0.995,0.00015822234341189,"Cortex",3.80073218749252
"majortrend",0.00026698495842347,-0.0531574058349409,1,1,0.000313193893535225,"Cortex",3.50418671414222
"ATH-aux-trans-Synthesis",0.000925104764014381,-1.09498861307363,0.13,0.221,0.00106474321895995,"Cortex",2.97275511714072
"ATH-aux-cis-DR5-ARF8",0.0206339274933001,-0.0377879712521934,1,1,0.0233086958720612,"Cortex",1.63248202469528
"ATH-aux-cis-DR5-ARF1",0.0493700907781616,-0.0389209589959676,1,1,0.054755918863052,"Cortex",1.26156892871385
"ATH-aux-cis-DR5-TGTCGG",0.0883478370261637,-0.153828617726557,0.986,0.977,0.0962360367606426,"Cortex",1.01666227062691
"ATH-aux-cis-IR8-ARF6",0.194491876686796,0.0178103096948555,1,1,0.208140429436746,"Cortex",0.681643553734051
"ATH-aux-reg-IR8-ARF1-up",0.368195247513004,0.231732426412319,0.869,0.817,0.387239829280918,"Cortex",0.412019980012089
"random3",0.473270036942334,-0.0259286935954754,1,1,0.489313089042074,"Cortex",0.310413166781006
"ATH-aux-cis-DR5-ARF3",0.538145278287167,0.0200256396789125,1,1,0.547114366258619,"Cortex",0.261921881265433
"ATH-aux-trans-A-ARF",0.727785751588335,-0.469705824639282,0.803,0.784,0.727785751588335,"Cortex",0.137996451177834
"ATH-aux-reg-DR5-ARF3-up",2.69988881075116e-24,0.895656570684604,1,1,1.64693217455821e-22,"Columella",21.7833242859679
"ATH-aux-reg-DR5-ARF8-up",1.30657410461777e-22,0.494680681725998,1,1,3.98505101908421e-21,"Columella",20.3995661141261
"ATH-aux-reg-DR5-ARF2-down",1.30460099214411e-19,-0.541730415666087,0.997,1,2.65268868402636e-18,"Columella",17.576313715243
"ATH-aux-trans-Transport",8.09653612999147e-19,0.903211652355399,1,1,1.2347217598237e-17,"Columella",16.9084308981026
"ATH-aux-cis-DR5-TGTCGG",1.82671015245945e-18,-0.649082856088298,0.849,0.975,2.22858638600052e-17,"Columella",16.6519705268297
"ATH-aux-reg-DR5-TGTCNN-down",2.64030876936491e-18,-0.468249237510867,1,1,2.68431391552099e-17,"Columella",16.5711666972189
"ATH-aux-reg-DR5-ARF5-1-down",2.70075249471233e-15,-0.412802718615957,1,1,2.35351288824932e-14,"Columella",13.6282834190781
"ATH-aux-cis-IR8-ARF1",2.11023249009877e-14,-0.311352484606937,1,1,1.60905227370031e-13,"Columella",12.7934298466338
"ATH-aux-trans-PolarAuxinTransport",2.12874878474885e-13,1.47379147579828,0.803,0.753,1.44281862077422e-12,"Columella",11.840788261386
"ATH-aux-cis-IR8-ARF5-2",7.86641750534992e-12,-0.190746208280065,1,1,4.79851467826345e-11,"Columella",10.3188931723869
"ATH-aux-trans-IAA",1.56383246541721e-11,-0.41347525288723,1,1,8.67216185367724e-11,"Columella",10.0618726252357
"ATH-aux-reg-IR8-ARF5-1-down",2.53549400347487e-11,-0.428346571297146,0.995,0.996,1.28887611843306e-10,"Columella",9.88978882327221
"ATH-aux-reg-IR8-ARF1-down",3.78915745598559e-11,-0.666186498505539,0.72,0.926,1.77798926780862e-10,"Columella",9.75007086482
"ATH-aux-reg-IR8-ARF8-down",1.58573954841323e-10,-0.565263629382634,0.934,0.971,6.90929374665764e-10,"Columella",9.16056634301728
"ATH-aux-trans-ARF",1.80630706428293e-10,1.08590717567845,0.707,0.642,7.34564872808393e-10,"Columella",9.1339698436333
"ATH-aux-reg-IR8-TGTCNN-up",3.59326459738649e-10,0.600669020360801,0.947,0.922,1.3699321277536e-09,"Columella",8.86330094910072
"ATH-aux-reg-DR5-ARF5-1-up",5.46167020802305e-10,0.304362048088329,1,1,1.95977578052592e-09,"Columella",8.70779361377139
"ATH-aux-cis-DR5-ARF2",1.85412649241656e-09,-0.101659867240261,1,1,6.283428668745e-09,"Columella",8.2018033107886
"ATH-aux-reg-DR5-ARF2-up",3.16662261071869e-09,0.409581677853658,0.998,1,1.01665252238863e-08,"Columella",7.99282745749546
"ATH-aux-reg-IR8-ARF8-up",8.85683562822211e-08,0.358220522233463,1,1,2.70133486660774e-07,"Columella",6.56842157586235
"ATH-aux-reg-DR5-ARF6-down",5.28702696191502e-07,-0.244383947742394,1,1,1.53575545084198e-06,"Columella",5.81367793456846
"ATH-aux-reg-DR5-ARF8-down",3.6436275633215e-06,-0.301715927199141,0.831,0.955,1.01027855164824e-05,"Columella",4.99555886704413
"ATH-aux-reg-IR8-ARF5-1-up",8.94146508080311e-06,0.25838007652395,1,1,2.37143204316952e-05,"Columella",4.62498931617313
"ATH-aux-reg-DR5-ARF3-down",6.71863932147219e-05,-0.326439835983106,0.824,0.926,0.000170765416087418,"Columella",3.7676000793332
"ATH-aux-cis-DR5-TGTCNN",0.000122646678803619,-0.0737149929219362,1,1,0.000299257896280831,"Columella",3.52395438138622
"ATH-aux-cis-DR5-ARF5-1",0.000151878728990962,-0.0532593757100997,1,1,0.000356330864171102,"Columella",3.44814655890447
"ATH-aux-cis-IR8-ARF3",0.00021509093919885,-0.116071498556342,1,1,0.000485946195967771,"Columella",3.31341181322298
"ATH-aux-cis-DR5-ARF1",0.000268332393700393,-0.0294225718315927,1,1,0.000584581286275856,"Columella",3.23315509147125
"ATH-aux-reg-IR8-ARF2-up",0.000392322230493205,0.00966036490884653,0.901,0.975,0.000825229519313293,"Columella",3.08342524525829
"ATH-aux-reg-DR5-ARF5-2-up",0.00157637660345289,0.69924934266407,0.735,0.765,0.00320529909368753,"Columella",2.49413143925671
"ATH-aux-trans-A-ARF",0.00241513679930284,0.964106579264114,0.533,0.514,0.00475236595991849,"Columella",2.32309012352905
"ATH-aux-reg-DR5-ARF1-down",0.0032780181575629,0.552187839027028,0.615,0.605,0.00624872211285427,"Columella",2.20420878842868
"ATH-aux-cis-DR5-ARF5-2",0.00570188473971622,-0.0122210098596809,1,1,0.0105398475491724,"Columella",1.97716567081531
"ATH-aux-reg-IR8-ARF1-up",0.00663139631139732,-0.724636658357519,0.066,0.123,0.0118975051469187,"Columella",1.92454409865125
"ATH-aux-cis-IR8-ARF6",0.0072307489429859,0.00397675290649957,1,1,0.0126021624434897,"Columella",1.89955492657326
"random3",0.00975358499739377,0.177353150109453,1,1,0.0165269079122505,"Columella",1.78180839278436
"ATH-aux-cis-IR8-ARF8",0.0113428076910987,-0.0546052388474053,1,1,0.0187003045718114,"Columella",1.72815132005281
"ATH-aux-reg-IR8-ARF6-up",0.0565161692880031,0.0758679444732296,0.997,0.979,0.0907233243833734,"Columella",1.04228104426574
"ATH-aux-trans-ConjugationDeconjugation",0.0847184795634821,-0.103702547182211,1,1,0.132508391112113,"Columella",0.877756619098493
"ATH-aux-cis-IR8-ARF5-1",0.0967845581344561,-0.0198953506235628,1,1,0.147596451155046,"Columella",0.830924084669547
"ATH-aux-reg-IR8-TGTCNN-down",0.119708715779439,0.358995390854865,0.556,0.58,0.178103211281605,"Columella",0.749328249939858
"ATH-aux-reg-DR5-ARF6-up",0.125853541302222,0.0671166619823278,1,1,0.182787286177036,"Columella",0.738054015030956
"ATH-aux-reg-DR5-ARF1-up",0.130656171427968,0.315990782830905,0.98,0.996,0.185349452490838,"Columella",0.73200869250768
"ATH-aux-cis-IR8-ARF2",0.185059523140518,0.094721889256943,1,1,0.2513668936744,"Columella",0.599691921722871
"ATH-aux-reg-IR8-ARF2-down",0.185434593694229,0.146411290473462,0.941,0.959,0.2513668936744,"Columella",0.599691921722871
"random1",0.261656828718912,0.0814885678944312,0.998,1,0.346979707648992,"Columella",0.459695923231498
"ATH-aux-trans-Receptors",0.302996339842957,0.0112592756139697,0.571,0.658,0.393250568732348,"Columella",0.40533064061277
"ATH-aux-cis-DR5-ARF3",0.334381187307155,0.00313353558590217,1,1,0.424942758869509,"Columella",0.37166956684701
"ATH-aux-reg-DR5-TGTCNN-up",0.346974517364025,0.0757656671099703,0.982,0.988,0.431947868555214,"Columella",0.364568664678085
"ATH-aux-reg-IR8-ARF6-down",0.356845550107623,-0.0591766153720843,0.712,0.794,0.4353515711313,"Columella",0.361159883885251
"ATH-aux-trans-Synthesis",0.371553289839276,0.583380955170651,0.533,0.626,0.444406876082272,"Columella",0.352219230060861
"ATH-aux-reg-IR8-ARF3-up",0.40210244253664,0.151491086020066,0.949,0.942,0.471697096052597,"Columella",0.326336797428699
"random2",0.591637797968667,0.084459545597436,0.997,1,0.680941616529975,"Columella",0.16689012260384
"ATH-aux-reg-IR8-ARF3-down",0.642372221938745,0.515111589332206,0.518,0.609,0.725642695153026,"Columella",0.139277172304273
"ATH-aux-reg-IR8-ARF5-2-down",0.666359186546608,-0.172210954619376,0.645,0.695,0.739052915988056,"Columella",0.131324465124962
"majortrend",0.687342648695441,0.0400490062495186,1,1,0.748712528043248,"Columella",0.125684899856426
"ATH-aux-cis-IR8-TGTCNN",0.727052482585763,0.0467239636983747,1,1,0.76880671894706,"Columella",0.114182829828479
"ATH-aux-reg-IR8-ARF5-2-up",0.730996552441467,0.00282508015471095,1,1,0.76880671894706,"Columella",0.114182829828479
"ATH-aux-reg-DR5-ARF5-2-down",0.744229971971724,0.130052299718441,0.627,0.749,0.769458106614833,"Columella",0.113815020486548
"ATH-aux-cis-DR5-ARF6",0.8050237695666,0.0391394407091798,1,1,0.81844083239271,"Columella",0.0870127116022641
"ATH-aux-cis-DR5-ARF8",0.89181561083532,0.0501088774326152,1,1,0.89181561083532,"Columella",0.049724929788274
"ATH-aux-reg-DR5-ARF2-down",5.01872099540855e-26,-0.720494263885609,1,1,3.06141980719922e-24,"G2_M_phase_2",23.5140771122684
"ATH-aux-reg-DR5-TGTCNN-down",7.88005085518311e-18,-0.737663216144912,1,1,2.40341551083085e-16,"G2_M_phase_2",15.6191711403649
"ATH-aux-reg-DR5-ARF8-down",2.68569888473192e-16,-0.47572106121553,1,1,5.46092106562158e-15,"G2_M_phase_2",14.2627341008885
"ATH-aux-reg-DR5-ARF5-1-down",1.67741746955642e-15,-0.421226059238326,1,1,2.55806164107354e-14,"G2_M_phase_2",13.5920889946285
"ATH-aux-trans-PolarAuxinTransport",8.66112489104129e-15,-0.645149974797485,0.965,0.995,1.05665723670704e-13,"G2_M_phase_2",12.9760658682726
"ATH-aux-cis-DR5-TGTCGG",1.39448035851581e-14,-0.647323388725081,0.996,1,1.41772169782441e-13,"G2_M_phase_2",12.8484090138366
"ATH-aux-reg-DR5-ARF3-up",2.31038290593264e-14,0.517147080753169,1,1,2.01333367516987e-13,"G2_M_phase_2",12.6960842423613
"ATH-aux-reg-DR5-ARF3-down",3.90969631127515e-14,-0.779070633432474,0.996,1,2.9811434373473e-13,"G2_M_phase_2",12.5256171274394
"ATH-aux-reg-DR5-ARF6-down",1.36112266990698e-13,-0.344390066450379,1,1,9.22538698492508e-13,"G2_M_phase_2",12.0350154070776
"ATH-aux-cis-DR5-TGTCNN",1.60881197795564e-12,-0.219047918013771,1,1,9.81375306552943e-12,"G2_M_phase_2",11.0081648739715
"ATH-aux-trans-Synthesis",1.64861352477153e-11,-1.50136150280685,0.23,0.481,9.14231136464215e-11,"G2_M_phase_2",10.0389439917928
"ATH-aux-reg-DR5-ARF5-2-up",2.46920819323667e-10,0.474212309944883,1,1,1.25518083156197e-09,"G2_M_phase_2",8.90129370167927
"ATH-aux-cis-IR8-ARF8",4.62822229578292e-10,-0.143862295793082,1,1,2.17170430802121e-09,"G2_M_phase_2",8.66319930713879
"ATH-aux-reg-DR5-ARF1-down",6.52413110651319e-10,-0.539754289036609,0.985,1,2.84265712498074e-09,"G2_M_phase_2",8.54627552079109
"ATH-aux-reg-IR8-ARF5-1-up",5.84087737050468e-09,0.29370520240236,1,1,2.3752901306719e-08,"G2_M_phase_2",7.62428333574259
"ATH-aux-cis-IR8-ARF3",1.62357331719662e-08,-0.183074035152183,1,1,6.18987327181211e-08,"G2_M_phase_2",7.20831824240413
"ATH-aux-cis-IR8-ARF5-2",4.35982157339289e-08,-0.150126153788113,1,1,1.56440656457039e-07,"G2_M_phase_2",6.80565037032748
"ATH-aux-reg-IR8-ARF2-up",7.75335733176494e-08,0.376054482179626,1,1,2.62752665132034e-07,"G2_M_phase_2",6.58045287017597
"ATH-aux-reg-DR5-ARF1-up",9.46971095491702e-08,0.496913700876046,1,1,3.0402756223681e-07,"G2_M_phase_2",6.5170870427572
"ATH-aux-cis-IR8-TGTCNN",1.59867641661813e-07,-0.135838477961295,1,1,4.77555988769449e-07,"G2_M_phase_2",6.32097570431441
"ATH-aux-reg-IR8-ARF8-up",1.64404520723909e-07,0.260900700043714,1,1,4.77555988769449e-07,"G2_M_phase_2",6.32097570431441
"ATH-aux-trans-Transport",5.50961834250487e-07,-0.263284877405094,0.989,0.995,1.52766690405817e-06,"G2_M_phase_2",5.81597132998776
"ATH-aux-trans-ConjugationDeconjugation",9.82128923060758e-07,0.71037139709284,0.996,0.995,2.60477670898723e-06,"G2_M_phase_2",5.58422950008464
"ATH-aux-reg-IR8-ARF8-down",1.85270213431195e-06,-0.474170969744551,0.998,1,4.70895125804288e-06,"G2_M_phase_2",5.32707580487955
"ATH-aux-cis-DR5-ARF6",7.39705812863893e-06,-0.0901219444904554,1,1,1.8048821833879e-05,"G2_M_phase_2",4.74355114210984
"ATH-aux-cis-IR8-ARF5-1",5.57367425579006e-05,-0.0860389524773282,1,1,0.000130766972924305,"G2_M_phase_2",3.88350192946665
"ATH-aux-reg-DR5-ARF5-2-down",0.000164144399716118,-0.36730205209172,0.965,0.995,0.000370844754914192,"G2_M_phase_2",3.43080785910313
"ATH-aux-cis-DR5-ARF5-1",0.000176304448390433,-0.0925847572668641,1,1,0.000384091833993442,"G2_M_phase_2",3.41556492607952
"ATH-aux-reg-DR5-ARF5-1-up",0.000584010426717285,0.119461966583627,1,1,0.00122843572516394,"G2_M_phase_2",2.91064756196525
"ATH-aux-reg-IR8-ARF5-1-down",0.000646712764638059,-0.264081285120852,1,1,0.00131498262143072,"G2_M_phase_2",2.88107998669256
"ATH-aux-cis-DR5-ARF3",0.000780638731226266,-0.0975404195150866,1,1,0.00153609556789685,"G2_M_phase_2",2.81358176391445
"ATH-aux-reg-IR8-ARF6-up",0.00475352507149481,0.164244288782183,1,1,0.00906140716753698,"G2_M_phase_2",2.04280435445978
"random3",0.00516576606822642,-0.061288585805644,1,1,0.00954884030793369,"G2_M_phase_2",2.02004936961494
"ATH-aux-cis-DR5-ARF2",0.00583229451872105,-0.0534240355312896,1,1,0.0104638225188819,"G2_M_phase_2",1.98030963520138
"ATH-aux-reg-IR8-ARF5-2-up",0.0080046898387712,0.250502429333329,1,1,0.0137091821178112,"G2_M_phase_2",1.86298845420515
"ATH-aux-reg-IR8-ARF2-down",0.00809066485641318,-0.34560218375427,0.952,0.951,0.0137091821178112,"G2_M_phase_2",1.86298845420515
"ATH-aux-reg-IR8-ARF3-down",0.016098066537461,-0.473467670654971,0.892,0.869,0.0259044077173277,"G2_M_phase_2",1.58662633304437
"ATH-aux-trans-IAA",0.0161371720206304,-0.183154012999536,0.993,0.989,0.0259044077173277,"G2_M_phase_2",1.58662633304437
"majortrend",0.017805509321395,-0.0433344174149937,1,1,0.0278496427847461,"G2_M_phase_2",1.55518037096094
"ATH-aux-cis-IR8-ARF1",0.0351879950131945,-0.0719772252677841,1,1,0.0536616923951216,"G2_M_phase_2",1.2703356345662
"ATH-aux-cis-DR5-ARF8",0.0392929233604025,-0.0471190320420798,1,1,0.0584602030484037,"G2_M_phase_2",1.23313968055148
"ATH-aux-trans-ARF",0.0414859775335286,0.240613097425963,0.959,0.956,0.060253443560601,"G2_M_phase_2",1.2200181275642
"random2",0.0474555134058174,-0.0527217580323124,1,1,0.0673206120408108,"G2_M_phase_2",1.17185194431923
"ATH-aux-reg-DR5-ARF2-up",0.0509753087958842,0.0855838001385014,1,1,0.0706703144670213,"G2_M_phase_2",1.15076297616811
"ATH-aux-reg-DR5-ARF6-up",0.0630023438519984,0.0352672421927918,1,1,0.0854031772215979,"G2_M_phase_2",1.06852597211966
"ATH-aux-cis-IR8-ARF6",0.0709746324072539,-0.0390794695695968,1,1,0.0941185342791845,"G2_M_phase_2",1.02632484477076
"ATH-aux-reg-IR8-ARF5-2-down",0.0989947455609986,-0.250946638597139,0.918,0.913,0.128482542111083,"G2_M_phase_2",0.891155879180168
"ATH-aux-reg-IR8-ARF3-up",0.111283033734811,-0.18360044272625,0.972,0.978,0.141422188704656,"G2_M_phase_2",0.84948244573014
"ATH-aux-reg-IR8-ARF1-up",0.142718874008613,-0.138446537827275,0.844,0.836,0.177670434990314,"G2_M_phase_2",0.750384834371455
"random1",0.160981690873611,-0.0653757871620013,1,1,0.196397662865805,"G2_M_phase_2",0.706863684627091
"ATH-aux-reg-DR5-TGTCNN-up",0.194935555930758,0.00140260035183659,1,1,0.233158213956397,"G2_M_phase_2",0.632349280131853
"ATH-aux-reg-IR8-ARF1-down",0.223519698223188,0.178062196589593,0.993,0.989,0.262205799838739,"G2_M_phase_2",0.581357706200082
"ATH-aux-trans-Receptors",0.254155354579249,-0.0479424662560948,0.939,0.951,0.292518426968569,"G2_M_phase_2",0.533846770680263
"ATH-aux-reg-IR8-TGTCNN-up",0.265721703764218,-0.114361433565128,1,0.995,0.300167109807728,"G2_M_phase_2",0.522636896408389
"ATH-aux-cis-IR8-ARF2",0.307512022913906,0.0166558140223552,1,1,0.341058789049969,"G2_M_phase_2",0.467170754264427
"ATH-aux-reg-DR5-ARF8-up",0.341389074345982,0.0466986068586945,1,1,0.371870241698302,"G2_M_phase_2",0.429608573948933
"ATH-aux-trans-A-ARF",0.356622060608978,-0.169132140490831,0.855,0.831,0.381648170125398,"G2_M_phase_2",0.418336815573351
"ATH-aux-reg-IR8-ARF6-down",0.36574967976489,-0.052197400097963,0.996,1,0.384667766649281,"G2_M_phase_2",0.414914204004724
"ATH-aux-cis-DR5-ARF5-2",0.394287646417264,-0.0221179795071481,1,1,0.407653329346663,"G2_M_phase_2",0.389709006397771
"ATH-aux-cis-DR5-ARF1",0.505773315470567,0.0120567678458536,1,1,0.51420287072841,"G2_M_phase_2",0.288865503076225
"ATH-aux-reg-IR8-TGTCNN-down",0.957982020424271,0.00739946779416034,0.857,0.831,0.957982020424271,"G2_M_phase_2",0.0186426417604959
"ATH-aux-reg-DR5-ARF6-down",7.5791614692658e-50,-1.74001434826233,1,1,4.62328849625214e-48,"Endodermis",47.3350490054542
"ATH-aux-reg-DR5-TGTCNN-down",3.90692963264943e-47,-1.84875933917686,1,1,1.19161353795808e-45,"Endodermis",44.923864571396
"ATH-aux-reg-DR5-ARF3-up",3.22712856455446e-46,1.88518061836293,1,1,6.56182808126073e-45,"Endodermis",44.1829751522398
"ATH-aux-reg-IR8-ARF5-1-up",5.37437016779111e-46,1.32311441172929,1,1,8.19591450588144e-45,"Endodermis",44.0864025805072
"ATH-aux-reg-DR5-ARF5-1-down",2.49209366676968e-45,-1.39834509700588,1,1,3.04035427345901e-44,"Endodermis",43.5170758078242
"ATH-aux-reg-DR5-ARF5-1-up",2.99485485526181e-45,1.15067821598368,1,1,3.04476910284951e-44,"Endodermis",43.5164456360887
"ATH-aux-reg-IR8-ARF6-down",3.4049720649813e-40,-1.46851659328092,0.983,1,2.96718994234084e-39,"Endodermis",38.5276546517721
"ATH-aux-reg-IR8-ARF1-down",1.08905268317221e-39,-2.04033291064856,0.986,1,8.3040267091881e-39,"Endodermis",38.0807112626225
"ATH-aux-reg-IR8-ARF8-up",6.59530095575633e-38,1.02237101085237,1,1,4.47014842556818e-37,"Endodermis",36.3496780564352
"ATH-aux-reg-DR5-ARF8-up",2.38112833287389e-37,1.23729169820806,1,1,1.45248828305308e-36,"Endodermis",35.8378873622945
"ATH-aux-reg-DR5-ARF5-2-up",1.25906180337703e-36,1.74924800455162,1,0.944,6.98207000054533e-36,"Endodermis",35.1560158013686
"ATH-aux-reg-IR8-ARF5-1-down",6.82058463493234e-36,-1.15724411048379,1,1,3.46713052275727e-35,"Endodermis",34.4600298086908
"ATH-aux-reg-DR5-ARF8-down",1.36131033233308e-35,-1.2128056509418,1,1,6.38768694402446e-35,"Endodermis",34.1946563764744
"ATH-aux-reg-DR5-ARF2-down",4.28893677189033e-33,-1.30951203833971,1,1,1.86875102203793e-32,"Endodermis",31.7284485568116
"ATH-aux-reg-DR5-ARF2-up",3.16065729006134e-31,1.0234738944266,1,1,1.28533396462494e-30,"Endodermis",29.8909840161851
"ATH-aux-reg-IR8-ARF8-down",1.55387185349424e-25,-1.07286044075404,0.994,1,5.92413644144678e-25,"Endodermis",24.2273749476044
"ATH-aux-reg-DR5-ARF1-up",5.359894403236e-25,1.03261596480172,1,0.991,1.92325622704351e-24,"Endodermis",23.7159628527463
"ATH-aux-cis-DR5-TGTCNN",1.36133520767037e-24,-0.40350048350826,1,1,4.61341375932736e-24,"Endodermis",23.3359775934441
"ATH-aux-reg-IR8-ARF2-down",2.65187323501528e-24,-1.2261786115436,0.989,1,8.51390880715432e-24,"Endodermis",23.069871005881
"ATH-aux-cis-IR8-ARF1",3.18339111261501e-24,-0.520717628502945,1,1,9.70934289347577e-24,"Endodermis",23.0128101611728
"ATH-aux-cis-IR8-TGTCNN",1.36812429805456e-23,-0.408831762120196,1,1,3.97407534196802e-23,"Endodermis",22.4007639036352
"ATH-aux-reg-IR8-ARF5-2-up",2.40208837587851e-23,0.912208984921694,0.997,1,6.6603359512995e-23,"Endodermis",22.1765038642057
"ATH-aux-reg-DR5-TGTCNN-up",2.80329946600411e-23,0.816748215268371,1,1,7.43483771418482e-23,"Endodermis",22.1287285067121
"ATH-aux-reg-IR8-ARF6-up",1.5216443670501e-22,1.00046418418552,1,1,3.86751276625233e-22,"Endodermis",21.4125682440659
"ATH-aux-cis-IR8-ARF8",5.90676448413911e-22,-0.311375160158909,1,1,1.44125053412994e-21,"Endodermis",20.8412605187469
"ATH-aux-reg-IR8-ARF5-2-down",1.10465049248335e-21,-1.78731509193263,0.928,0.981,2.59168000159556e-21,"Endodermis",20.5864186224467
"ATH-aux-reg-IR8-ARF3-down",3.6436811547215e-20,-1.52113647162518,0.881,0.972,8.23202038659301e-20,"Endodermis",19.0844935627143
"ATH-aux-cis-IR8-ARF5-2",4.16774347412857e-20,-0.400092442147241,1,1,9.07972685435154e-20,"Endodermis",19.0419272161741
"ATH-aux-reg-DR5-ARF3-down",8.12273036737772e-19,-0.884743563909796,0.997,1,1.70857431865531e-18,"Endodermis",17.7673661257444
"ATH-aux-reg-DR5-ARF5-2-down",2.074912316673e-18,-1.05251908390158,0.978,1,4.21898837723511e-18,"Endodermis",17.3747916710414
"ATH-aux-cis-DR5-ARF5-1",2.59134574396827e-18,-0.289953593333149,1,1,5.09909968974401e-18,"Endodermis",17.2925064972927
"random1",7.46978926360501e-18,-0.469953491099417,1,1,1.42392857837471e-17,"Endodermis",16.8465117935613
"ATH-aux-cis-IR8-ARF5-1",4.09655349695053e-16,-0.274683965957223,1,1,7.57241707012067e-16,"Endodermis",15.1207654741768
"ATH-aux-trans-ARF",1.88687957698879e-15,1.39334937041933,0.889,0.704,3.38528394695047e-15,"Endodermis",14.4704048981984
"ATH-aux-reg-IR8-TGTCNN-down",4.98675330357552e-15,-1.59476503383628,0.886,0.944,8.69119861480305e-15,"Endodermis",14.0609203252892
"ATH-aux-reg-DR5-ARF6-up",5.27586996956345e-13,0.683758027661152,1,1,8.93966855953806e-13,"Endodermis",12.0486785824828
"ATH-aux-reg-IR8-ARF2-up",1.53239741388142e-12,0.74967117509075,1,1,2.52638492558829e-12,"Endodermis",11.5975004786726
"ATH-aux-trans-Receptors",3.0989908704725e-12,-1.45361628403966,0.909,0.972,4.97469587102164e-12,"Endodermis",11.3032334647825
"ATH-aux-reg-DR5-ARF1-down",6.60379512349885e-11,-0.826033807860946,0.972,0.981,1.03290128854726e-10,"Endodermis",9.98594118079174
"ATH-aux-reg-IR8-TGTCNN-up",1.55517784007625e-10,0.739538366867705,0.994,0.972,2.37164620611628e-10,"Endodermis",9.62495009700735
"ATH-aux-trans-A-ARF",3.85693648282908e-10,1.74010127785793,0.767,0.472,5.73836891347741e-10,"Endodermis",9.24121153487403
"ATH-aux-cis-DR5-ARF5-2",1.02092121983443e-09,-0.230635735127053,1,1,1.48276653356906e-09,"Endodermis",8.82892722467262
"ATH-aux-trans-Synthesis",2.14261059149225e-08,-0.484485250744838,0.086,0.296,3.03951735072157e-08,"Endodermis",7.51719537315431
"ATH-aux-trans-ConjugationDeconjugation",3.03097424155818e-08,-0.739762421899686,1,1,4.20203247125112e-08,"Endodermis",7.37654059590182
"ATH-aux-cis-DR5-ARF6",4.16283875056484e-08,-0.206967122307518,1,1,5.64295919521012e-08,"Endodermis",7.24849309014448
"ATH-aux-cis-IR8-ARF3",7.31003028202885e-07,-0.286520948073773,1,1,9.69373580877739e-07,"Endodermis",6.01350882063076
"ATH-aux-trans-Transport",4.49071346142153e-06,-0.398248523228331,0.956,0.991,5.8283727903556e-06,"Endodermis",5.2344526779699
"majortrend",5.95190408191001e-06,-0.134865850539739,1,1,7.56387810409397e-06,"Endodermis",5.12125547865644
"random3",6.23582429691051e-05,-0.194635025627575,1,1,7.76296494105186e-05,"Endodermis",4.10997237518427
"ATH-aux-reg-IR8-ARF3-up",7.89243488872735e-05,0.770755032126888,0.895,0.852,9.46306635292842e-05,"Endodermis",4.02396811472134
"ATH-aux-cis-DR5-ARF2",7.91174399998933e-05,-0.150350533324243,1,1,9.46306635292842e-05,"Endodermis",4.02396811472134
"ATH-aux-cis-DR5-ARF8",0.000359257630506018,-0.120444949970631,1,1,0.000421436835785905,"Endodermis",3.37526750745739
"ATH-aux-cis-DR5-TGTCGG",0.00408258325063303,-0.190154307772218,0.947,0.981,0.00469882223186066,"Endodermis",2.32801098510737
"ATH-aux-cis-IR8-ARF2",0.00527328461600059,0.123959866626933,1,1,0.00595685854770437,"Endodermis",2.22498271258889
"ATH-aux-cis-DR5-ARF1",0.0116693051778215,-0.0850760724534041,1,1,0.0129423202881293,"Endodermis",1.8879878567433
"ATH-aux-cis-DR5-ARF3",0.0377353113487717,-0.0487110932077049,1,1,0.0411045355763406,"Endodermis",1.38611025435026
"ATH-aux-reg-IR8-ARF1-up",0.0416556067161147,-0.117523861694963,0.731,0.815,0.0444638061173038,"Endodermis",1.35199336428676
"ATH-aux-trans-IAA",0.0422770615541577,-0.406136857774386,1,1,0.0444638061173038,"Endodermis",1.35199336428676
"random2",0.0584373288225548,-0.104384115399436,1,1,0.0604182552233194,"Endodermis",1.21883182056929
"ATH-aux-trans-PolarAuxinTransport",0.192226120766901,-0.0357227332355763,0.568,0.63,0.19542988944635,"Endodermis",0.709009013652509
"ATH-aux-cis-IR8-ARF6",0.278017596142193,-0.0780135046097357,1,1,0.278017596142193,"Endodermis",0.555927716076102
"ATH-aux-reg-DR5-ARF2-down",4.09281550396785e-14,-0.659647390144693,0.975,1,2.49661745742039e-12,"LRC",11.6026479970394
"ATH-aux-cis-IR8-ARF5-2",1.56731656401379e-13,-0.292555648475887,1,1,4.17817066350367e-12,"LRC",11.3790138245989
"ATH-aux-trans-IAA",2.05483803123131e-13,-0.631461437641641,1,1,4.17817066350367e-12,"LRC",11.3790138245989
"ATH-aux-trans-Transport",1.37585604562595e-09,0.876395070613141,0.997,0.976,2.09818046957958e-08,"LRC",7.67815715981655
"ATH-aux-reg-DR5-ARF3-down",8.6593800434458e-09,-0.723273672125409,0.899,0.968,1.05644436530039e-07,"LRC",6.97615336891857
"ATH-aux-reg-DR5-TGTCNN-up",3.12269464230568e-07,-0.314416470134404,0.997,1,3.17473955301077e-06,"LRC",5.49829189724752
"ATH-aux-cis-IR8-ARF1",1.74566586590792e-05,-0.260488348123823,1,1,0.000152122311171976,"LRC",3.81780708503793
"ATH-aux-reg-DR5-ARF6-down",2.65410613887704e-05,-0.368909271070372,0.96,0.984,0.000196587712056007,"LRC",3.70644363173812
"ATH-aux-reg-DR5-TGTCNN-down",2.90047444017059e-05,-0.370727501907844,0.979,0.984,0.000196587712056007,"LRC",3.70644363173812
"ATH-aux-trans-ARF",0.00010076775552872,0.711467902340059,0.899,0.841,0.000614683308725195,"LRC",3.21134857966743
"ATH-aux-cis-DR5-ARF2",0.000223145314401584,-0.12878348497783,1,1,0.00123744219804515,"LRC",2.90747507817728
"ATH-aux-reg-IR8-ARF1-down",0.000278416246610661,-0.33627002923158,0.801,0.929,0.00141528258693753,"LRC",2.84915683668063
"ATH-aux-reg-IR8-ARF1-up",0.00136513899929124,-0.724420274063696,0.071,0.175,0.0064056522274435,"LRC",2.19343664353703
"ATH-aux-trans-Synthesis",0.00185228347227197,-0.449618931988899,0.411,0.595,0.00766240404193817,"LRC",2.11563495120993
"ATH-aux-trans-PolarAuxinTransport",0.0018841977152307,1.12358205474047,0.69,0.659,0.00766240404193817,"LRC",2.11563495120993
"ATH-aux-reg-DR5-ARF6-up",0.00209151054128144,-0.142157730502967,1,1,0.00797388393863547,"LRC",2.09833008986462
"ATH-aux-reg-DR5-ARF5-1-down",0.00316910761839667,-0.216061099827993,1,1,0.011371503807188,"LRC",1.9441820989026
"ATH-aux-reg-IR8-ARF2-down",0.00667382818872813,0.61376583231311,0.917,0.873,0.0226168621951342,"LRC",1.64556764812255
"ATH-aux-reg-DR5-ARF3-up",0.0070970600714636,0.270447315208315,1,1,0.0227852981241726,"LRC",1.64234528470997
"ATH-aux-reg-DR5-ARF1-up",0.00801827605586369,-0.241727428475651,1,1,0.0244557419703843,"LRC",1.61161915644706
"ATH-aux-reg-DR5-ARF8-down",0.0123741209112958,-0.294109986753953,0.945,0.96,0.0359438750280498,"LRC",1.44437510439508
"ATH-aux-cis-IR8-ARF8",0.0132180952767043,-0.0957722737338099,1,1,0.0366501732672257,"LRC",1.43592396784899
"ATH-aux-reg-IR8-ARF8-down",0.0154500944812104,-0.211172854292557,0.969,0.976,0.0409763375371231,"LRC",1.38746686141796
"ATH-aux-trans-Receptors",0.0256967718227739,-0.278978154179962,0.307,0.468,0.0653126283828837,"LRC",1.18500283852965
"ATH-aux-reg-DR5-ARF5-1-up",0.0372755224410475,0.143846791673557,1,1,0.090952274756156,"LRC",1.0411864345698
"ATH-aux-cis-IR8-ARF6",0.0488954526859384,-0.0571364682110708,1,1,0.114696633057444,"LRC",0.940449330712811
"random1",0.0507673621729672,0.130439107063724,0.997,1,0.114696633057444,"LRC",0.940449330712811
"ATH-aux-cis-DR5-ARF3",0.0547928071448501,-0.0522023054975563,1,1,0.119370044136995,"LRC",0.923104645553822
"ATH-aux-reg-IR8-ARF5-2-down",0.0610482689546702,-0.342373486543044,0.684,0.81,0.128411876077065,"LRC",0.891394809006847
"ATH-aux-reg-IR8-ARF5-2-up",0.0764029128736903,-0.189867027860937,1,1,0.155352589509837,"LRC",0.808681503268613
"ATH-aux-reg-IR8-ARF5-1-down",0.0804880862749571,0.180044874879208,0.988,0.976,0.158379782670077,"LRC",0.800300257312218
"ATH-aux-trans-A-ARF",0.0842242908979297,0.706347944789091,0.782,0.738,0.160552554524178,"LRC",0.794382780057437
"ATH-aux-cis-DR5-TGTCNN",0.0875421221715131,-0.073594424531382,1,1,0.161820286438252,"LRC",0.790967034417686
"ATH-aux-cis-DR5-ARF5-1",0.117262825879029,-0.0481412888563284,1,1,0.210383305253552,"LRC",0.67698872613392
"ATH-aux-cis-DR5-ARF6",0.146186206625963,-0.0554985566606167,1,1,0.254781674405249,"LRC",0.59383181256468
"ATH-aux-cis-DR5-ARF5-2",0.152070652641858,-0.0508663942641606,1,1,0.257675272532037,"LRC",0.588927255947149
"ATH-aux-reg-IR8-ARF2-up",0.168608993342596,0.0105369845970881,0.905,0.992,0.27797698902428,"LRC",0.555991153554587
"ATH-aux-cis-IR8-ARF3",0.193411148190944,0.0745750431026164,1,1,0.310475790517042,"LRC",0.507972258465715
"ATH-aux-reg-DR5-ARF8-up",0.209267294503066,0.0424142204952462,1,1,0.325442780526849,"LRC",0.487525358204533
"ATH-aux-cis-IR8-TGTCNN",0.215152411503191,-0.0651120605668102,1,1,0.325442780526849,"LRC",0.487525358204533
"ATH-aux-cis-IR8-ARF5-1",0.21874022953444,-0.0410376586780615,1,1,0.325442780526849,"LRC",0.487525358204533
"ATH-aux-reg-IR8-ARF3-down",0.271332004714675,0.0935851995393495,0.644,0.73,0.394077435418932,"LRC",0.40441843180174
"majortrend",0.303046079013784,-0.0274613747756935,1,1,0.429902577205601,"LRC",0.366629951340736
"ATH-aux-reg-IR8-TGTCNN-up",0.325768749577122,0.162868910637184,0.936,0.937,0.451633948277374,"LRC",0.345213420610222
"ATH-aux-reg-DR5-ARF5-2-down",0.406358185011527,0.0550849808044934,0.782,0.778,0.550841095237848,"LRC",0.258973666873241
"ATH-aux-cis-DR5-ARF8",0.443844858930163,-0.0252525406416323,1,1,0.58857687814652,"LRC",0.23019680287286
"ATH-aux-reg-DR5-ARF1-down",0.462089954197395,-0.112508444149254,0.794,0.778,0.599733770341299,"LRC",0.222041495834641
"ATH-aux-reg-IR8-ARF6-up",0.486522329850481,0.103597973060266,0.994,0.992,0.615733732953392,"LRC",0.210607052947079
"ATH-aux-cis-DR5-ARF1",0.494605785487151,-0.0144274860908176,1,1,0.615733732953392,"LRC",0.210607052947079
"ATH-aux-reg-DR5-ARF5-2-up",0.561552313629445,0.324445916346841,0.794,0.857,0.685093822627923,"LRC",0.164249948420919
"ATH-aux-reg-IR8-ARF3-up",0.726523835979212,0.326999231725363,0.782,0.81,0.868979490092783,"LRC",0.0609904737753207
"ATH-aux-reg-IR8-ARF5-1-up",0.754439090743355,0.0556612596002992,1,1,0.885015087218166,"LRC",0.0530493256414439
"ATH-aux-reg-DR5-ARF2-up",0.79069286554761,0.0531253272933591,1,1,0.885975845912061,"LRC",0.0525781179889073
"ATH-aux-cis-IR8-ARF2",0.815537281397801,0.00499293861602432,1,1,0.885975845912061,"LRC",0.0525781179889073
"ATH-aux-reg-IR8-ARF8-up",0.828656949739274,0.0335517525953632,1,1,0.885975845912061,"LRC",0.0525781179889073
"ATH-aux-reg-IR8-TGTCNN-down",0.837242674471957,0.112075607729467,0.629,0.651,0.885975845912061,"LRC",0.0525781179889073
"ATH-aux-cis-DR5-TGTCGG",0.845425309548484,0.100147805557434,0.859,0.897,0.885975845912061,"LRC",0.0525781179889073
"random2",0.85440651925726,-0.0124299273798885,1,1,0.885975845912061,"LRC",0.0525781179889073
"ATH-aux-trans-ConjugationDeconjugation",0.856927457521501,-0.0501924387695742,0.994,1,0.885975845912061,"LRC",0.0525781179889073
"random3",0.873348058831507,0.0176853224641086,1,1,0.887903859812032,"LRC",0.0516340560834593
"ATH-aux-reg-IR8-ARF6-down",0.981672535977282,0.0448888382886647,0.791,0.841,0.981672535977282,"LRC",0.00803335899050531
"ATH-aux-reg-DR5-ARF5-1-down",4.35422994493653e-21,-0.730712116493576,1,1,2.65608026641129e-19,"Young_Columella_LRC_Histone",18.5757588047811
"ATH-aux-cis-DR5-TGTCNN",2.8474871530714e-18,-0.333156648284338,1,1,8.68483581686778e-17,"Young_Columella_LRC_Histone",16.061238387292
"ATH-aux-reg-DR5-ARF2-down",2.7541703015568e-17,-0.671770054881136,1,1,5.60014627983215e-16,"Young_Columella_LRC_Histone",15.2518006287627
"ATH-aux-reg-DR5-ARF3-down",6.81948054895517e-16,-0.813678740570085,1,1,1.03997078371566e-14,"Young_Columella_LRC_Histone",13.9829788613255
"ATH-aux-cis-IR8-ARF3",3.93092479284218e-14,-0.387080666921715,1,1,4.79572824726746e-13,"Young_Columella_LRC_Histone",12.3191454344256
"ATH-aux-reg-DR5-TGTCNN-down",1.74035390652147e-13,-0.799441620778378,1,1,1.7693598049635e-12,"Young_Columella_LRC_Histone",11.7521838429405
"ATH-aux-reg-DR5-ARF1-up",3.4156554747766e-11,0.812741596165954,0.996,1,2.97649977087675e-10,"Young_Columella_LRC_Histone",9.52629414654309
"ATH-aux-cis-IR8-TGTCNN",5.66056869265616e-11,-0.279716861427926,1,1,4.31618362815033e-10,"Young_Columella_LRC_Histone",9.36490008692797
"ATH-aux-trans-PolarAuxinTransport",1.62893512002392e-10,-1.15700306991843,0.904,0.963,1.10405602579399e-09,"Young_Columella_LRC_Histone",8.95700888758888
"ATH-aux-cis-DR5-ARF5-1",1.82282758208027e-10,-0.216801277309285,1,1,1.11192482506896e-09,"Young_Columella_LRC_Histone",8.95392457351056
"ATH-aux-trans-Transport",1.84895361919553e-08,-0.519082873469423,0.992,0.991,9.64584475209586e-08,"Young_Columella_LRC_Histone",7.015659732239
"ATH-aux-reg-DR5-ARF6-down",1.8975432299205e-08,-0.46012632073709,1,1,9.64584475209586e-08,"Young_Columella_LRC_Histone",7.015659732239
"ATH-aux-cis-IR8-ARF5-1",2.27398680335789e-08,-0.198422711811855,1,1,1.06702457696024e-07,"Young_Columella_LRC_Histone",6.97182557728098
"ATH-aux-trans-Synthesis",2.39665944336162e-07,-0.873550074226972,0.564,0.822,1.0442587574647e-06,"Young_Columella_LRC_Histone",5.9811918739248
"ATH-aux-cis-DR5-ARF3",4.38779326694607e-07,-0.195517052514887,1,1,1.7843692618914e-06,"Young_Columella_LRC_Histone",5.74851526665993
"ATH-aux-reg-DR5-ARF8-down",7.52847041905093e-07,-0.381345536420961,1,1,2.87022934726317e-06,"Young_Columella_LRC_Histone",5.54208339933874
"ATH-aux-cis-DR5-TGTCGG",2.98518115846338e-06,-0.412043508099063,0.992,1,1.07115323921333e-05,"Young_Columella_LRC_Histone",4.97014839454243
"ATH-aux-cis-IR8-ARF8",3.16942929164872e-06,-0.172319143476532,1,1,1.07408437105873e-05,"Young_Columella_LRC_Histone",4.9689616027649
"ATH-aux-reg-DR5-ARF1-down",3.84860528615873e-06,-0.416463676662093,0.948,0.981,1.23560485502991e-05,"Young_Columella_LRC_Histone",4.90812039390526
"ATH-aux-reg-DR5-ARF3-up",1.0558003044361e-05,0.52973057708808,1,1,3.22019092853012e-05,"Young_Columella_LRC_Histone",4.49211837776105
"ATH-aux-reg-DR5-ARF5-2-up",1.14349594640525e-05,0.706400294938007,0.98,0.972,3.32158346336763e-05,"Young_Columella_LRC_Histone",4.47865483031423
"ATH-aux-cis-DR5-ARF6",1.94520297345557e-05,-0.163771160528701,1,1,5.39351733549045e-05,"Young_Columella_LRC_Histone",4.26812792104816
"ATH-aux-reg-IR8-ARF8-down",2.68889446301978e-05,-0.456653781880564,0.984,1,7.13141574974811e-05,"Young_Columella_LRC_Histone",4.14682424416382
"ATH-aux-trans-ARF",5.0705024752144e-05,0.93085458011852,0.88,0.794,0.000128875271245033,"Young_Columella_LRC_Histone",3.88983040764366
"ATH-aux-cis-IR8-ARF5-2",6.48045220069483e-05,-0.164774784870404,1,1,0.000158123033696954,"Young_Columella_LRC_Histone",3.80100486201685
"ATH-aux-cis-DR5-ARF2",8.50621604003244e-05,-0.167610645842082,1,1,0.000199568914785377,"Young_Columella_LRC_Histone",3.69990710427374
"ATH-aux-reg-DR5-ARF5-2-down",0.000109508473361169,-0.473588467868817,0.932,0.963,0.000247408032408567,"Young_Columella_LRC_Histone",3.60658620456911
"ATH-aux-cis-DR5-ARF5-2",0.000136529507160984,-0.148588607206875,1,1,0.000297439283457857,"Young_Columella_LRC_Histone",3.52660167380225
"random3",0.000194589215563925,-0.204236551193119,1,1,0.00040930834997929,"Young_Columella_LRC_Histone",3.38794939556255
"majortrend",0.000224149733628273,-0.137201989989014,1,1,0.000455771125044156,"Young_Columella_LRC_Histone",3.3412531926072
"ATH-aux-reg-DR5-ARF6-up",0.000238365401121318,-0.221032220312992,1,1,0.000469041595754852,"Young_Columella_LRC_Histone",3.32878864128116
"ATH-aux-cis-DR5-ARF8",0.0011623830044718,-0.123958688725468,1,1,0.00221579260227437,"Young_Columella_LRC_Histone",2.65447089191428
"ATH-aux-trans-IAA",0.00279552579699608,0.0731370467541335,1,1,0.00516748707929579,"Young_Columella_LRC_Histone",2.28672060060247
"ATH-aux-reg-IR8-ARF3-up",0.00495866866812148,-0.554086437867298,0.996,0.991,0.00889643496339442,"Young_Columella_LRC_Histone",2.050783991771
"ATH-aux-reg-IR8-ARF5-1-up",0.00775615016934263,0.1993890633962,1,1,0.013447661167871,"Young_Columella_LRC_Histone",1.87135324207139
"ATH-aux-reg-IR8-ARF2-down",0.00793632462366158,-0.15647699590916,0.956,0.963,0.013447661167871,"Young_Columella_LRC_Histone",1.87135324207139
"ATH-aux-reg-IR8-ARF3-down",0.00880489986940936,-1.37269056513516,0.76,0.888,0.0145161862711884,"Young_Columella_LRC_Histone",1.83814746758431
"random2",0.0157786035981341,-0.13905108547069,1,1,0.025215151618646,"Young_Columella_LRC_Histone",1.59833841608532
"ATH-aux-reg-IR8-ARF8-up",0.0161211625102819,0.22469643797756,1,1,0.025215151618646,"Young_Columella_LRC_Histone",1.59833841608532
"ATH-aux-reg-IR8-ARF5-1-down",0.020956199087442,-0.245230532849445,1,1,0.0319582036083491,"Young_Columella_LRC_Histone",1.49541764065053
"ATH-aux-reg-IR8-TGTCNN-up",0.0231638552735018,-0.248121765275839,0.98,0.981,0.0338409497202196,"Young_Columella_LRC_Histone",1.47055745732146
"ATH-aux-cis-IR8-ARF2",0.0233003260368725,-0.097624409746788,1,1,0.0338409497202196,"Young_Columella_LRC_Histone",1.47055745732146
"ATH-aux-trans-Receptors",0.035377218238401,0.379271305435501,0.86,0.86,0.0501862863381968,"Young_Columella_LRC_Histone",1.29941493985291
"ATH-aux-cis-IR8-ARF6",0.0385254449655911,-0.100306467546749,1,1,0.0534102759750241,"Young_Columella_LRC_Histone",1.27237517799191
"ATH-aux-reg-DR5-TGTCNN-up",0.0474897136748285,-0.137009260684569,1,1,0.0643749452036564,"Young_Columella_LRC_Histone",1.19128312762469
"ATH-aux-reg-IR8-ARF5-2-up",0.0501832201502902,0.108946712806043,1,1,0.0655284559571608,"Young_Columella_LRC_Histone",1.18357006517655
"ATH-aux-trans-A-ARF",0.050489138196501,0.83568856244371,0.636,0.533,0.0655284559571608,"Young_Columella_LRC_Histone",1.18357006517655
"random1",0.0591930151249036,-0.0809879222522481,1,1,0.0752244567212316,"Young_Columella_LRC_Histone",1.123640940096
"ATH-aux-reg-IR8-ARF5-2-down",0.0628185413099117,-0.351315059517367,0.844,0.916,0.0782026738756043,"Young_Columella_LRC_Histone",1.10677839745719
"ATH-aux-cis-IR8-ARF1",0.0693344073118305,-0.0901683074478832,1,1,0.0845879769204332,"Young_Columella_LRC_Histone",1.07269136188038
"ATH-aux-reg-IR8-TGTCNN-down",0.100605777184335,-0.465994991141946,0.776,0.841,0.120332400161656,"Young_Columella_LRC_Histone",0.919617420732688
"ATH-aux-reg-IR8-ARF1-down",0.162575172100006,-0.0986050710885338,0.976,0.991,0.190713182655776,"Young_Columella_LRC_Histone",0.719619286205248
"ATH-aux-reg-DR5-ARF2-up",0.245031603351851,-0.0723479015074857,1,1,0.282017505744583,"Young_Columella_LRC_Histone",0.549723932771743
"ATH-aux-reg-IR8-ARF6-up",0.340502271748885,-0.0327630347862988,0.996,1,0.384641455123741,"Young_Columella_LRC_Histone",0.414943911045882
"ATH-aux-trans-ConjugationDeconjugation",0.454265838372514,0.0222171575600614,1,1,0.503822111649515,"Young_Columella_LRC_Histone",0.297722776185582
"ATH-aux-reg-IR8-ARF2-up",0.551119695525603,0.36808316968244,1,1,0.600326811197532,"Young_Columella_LRC_Histone",0.22161226018382
"ATH-aux-reg-DR5-ARF8-up",0.564659902611763,0.012497384112224,1,1,0.604285158935396,"Young_Columella_LRC_Histone",0.218758071764469
"ATH-aux-cis-DR5-ARF1",0.76460372052646,-0.0174834466135663,1,1,0.804152188829553,"Young_Columella_LRC_Histone",0.0946617516070889
"ATH-aux-reg-IR8-ARF1-up",0.892813756777954,0.120352990905508,0.548,0.533,0.923078629889071,"Young_Columella_LRC_Histone",0.0347613032292653
"ATH-aux-reg-DR5-ARF5-1-up",0.921084806100017,-0.00764972339669612,1,1,0.936436219535018,"Young_Columella_LRC_Histone",0.0285217969831136
"ATH-aux-reg-IR8-ARF6-down",0.983923978220908,0.00811091896526478,0.956,0.991,0.983923978220908,"Young_Columella_LRC_Histone",0.0070384555469077
"ATH-aux-reg-DR5-ARF3-up",4.47925664072856e-28,1.47326389968796,1,1,2.73234655084442e-26,"Xylem_procambium",25.5634642187626
"ATH-aux-reg-IR8-ARF5-2-up",6.35583765990117e-22,1.65369291865049,1,1,1.93853048626986e-20,"Xylem_procambium",19.7125273646776
"ATH-aux-reg-IR8-ARF8-up",2.47172069091301e-19,0.733322079543405,1,1,5.02583207152311e-18,"Xylem_procambium",17.2987920266128
"ATH-aux-reg-IR8-ARF5-1-up",6.36338632641203e-19,0.682493638180494,1,1,9.70416414777834e-18,"Xylem_procambium",17.0130418659058
"ATH-aux-reg-DR5-ARF1-up",1.28879767278004e-18,1.30435076667777,1,1,1.57233316079165e-17,"Xylem_procambium",16.8034554261317
"ATH-aux-trans-PolarAuxinTransport",2.09320475614203e-14,-2.2590031944432,0.926,1,2.12809150207774e-13,"Xylem_procambium",12.6720097025081
"ATH-aux-reg-DR5-ARF8-down",5.07868107222716e-14,-0.79709415773895,1,1,4.42570779151224e-13,"Xylem_procambium",12.3540172638663
"ATH-aux-reg-DR5-ARF5-1-up",3.48494486902124e-13,0.466817790436542,1,1,2.65727046262869e-12,"Xylem_procambium",11.5755642399257
"ATH-aux-cis-IR8-ARF3",7.87945553505084e-13,-0.383399257292968,1,1,5.27915539544437e-12,"Xylem_procambium",11.2774355540644
"ATH-aux-reg-DR5-ARF5-1-down",8.65435310728585e-13,-0.826017158936005,1,1,5.27915539544437e-12,"Xylem_procambium",11.2774355540644
"ATH-aux-reg-DR5-ARF6-down",2.54470734554501e-12,-0.729116769519099,1,1,1.347009300161e-11,"Xylem_procambium",10.8706294057658
"ATH-aux-reg-IR8-ARF3-down",2.64985436097247e-12,-1.51495858347751,0.869,0.985,1.347009300161e-11,"Xylem_procambium",10.8706294057658
"ATH-aux-reg-DR5-ARF8-up",1.2520192143556e-11,0.596211488239914,1,1,5.87485939043783e-11,"Xylem_procambium",10.2310025233861
"ATH-aux-cis-DR5-ARF6",1.46258867917633e-11,-0.241542785572264,1,1,6.37270781641115e-11,"Xylem_procambium",10.1956759931205
"ATH-aux-reg-DR5-ARF1-down",3.05649699901993e-11,-0.886055901999222,1,1,1.24297544626811e-10,"Xylem_procambium",9.90553745032504
"ATH-aux-trans-Transport",5.09099305401188e-11,-1.11708470454929,0.983,1,1.94094110184203e-10,"Xylem_procambium",9.71198764314492
"ATH-aux-reg-IR8-ARF1-up",4.06076446822313e-10,-1.70578109994587,0.638,0.853,1.45709783859771e-09,"Xylem_procambium",8.83651128602238
"ATH-aux-cis-DR5-ARF2",5.76321633634089e-10,-0.220515018836123,1,1,1.95308998064886e-09,"Xylem_procambium",8.70927774790565
"ATH-aux-cis-IR8-ARF6",8.9199882592118e-10,-0.244324638481283,1,1,2.86378570427326e-09,"Xylem_procambium",8.54305948319855
"ATH-aux-cis-IR8-ARF1",2.97363199316512e-09,-0.306352449052968,1,1,9.06957757915363e-09,"Xylem_procambium",8.04241293998674
"ATH-aux-cis-DR5-ARF5-1",1.03066575103621e-08,-0.226567526002907,1,1,2.9938386101528e-08,"Xylem_procambium",7.5237716150181
"random3",1.95142218424083e-08,-0.281922768109572,1,1,5.41076151084957e-08,"Xylem_procambium",7.26674160796441
"majortrend",7.00195025069225e-08,-0.160910320054458,1,1,1.85703897953142e-07,"Xylem_procambium",6.73117898025713
"ATH-aux-cis-IR8-ARF5-1",8.44509036427065e-08,-0.173358790337196,1,1,2.14646046758546e-07,"Xylem_procambium",6.66827710572523
"ATH-aux-reg-DR5-TGTCNN-up",9.82054145726926e-08,0.446599857503605,1,1,2.3962121155737e-07,"Xylem_procambium",6.62047474031205
"ATH-aux-cis-IR8-ARF8",8.0387841630763e-07,-0.163176822034096,1,1,1.88602243826021e-06,"Xylem_procambium",5.72445314470865
"ATH-aux-trans-ARF",1.1566828617322e-06,0.976727682619636,0.948,0.868,2.61324646539497e-06,"Xylem_procambium",5.58281962834644
"ATH-aux-cis-DR5-TGTCNN",1.79508562622881e-06,-0.202600287197892,1,1,3.91072225714133e-06,"Xylem_procambium",5.40774302692032
"ATH-aux-reg-DR5-TGTCNN-down",4.39228021860247e-06,-0.546841239274068,0.996,1,9.23893425292245e-06,"Xylem_procambium",5.03437812345192
"ATH-aux-cis-DR5-ARF8",5.61365505621866e-06,-0.140347211475947,1,1,1.14144319476446e-05,"Xylem_procambium",4.94254569680116
"ATH-aux-reg-DR5-ARF2-down",6.58524244060236e-06,-0.617816021745039,1,1,1.29580577057014e-05,"Xylem_procambium",4.88746009035674
"ATH-aux-reg-DR5-ARF5-2-up",8.70080460200589e-06,0.474239448140184,1,1,1.65859087725737e-05,"Xylem_procambium",4.78026072769582
"ATH-aux-reg-DR5-ARF3-down",1.06393642445999e-05,-0.756054082147897,1,1,1.96667036036544e-05,"Xylem_procambium",4.70626842740727
"random1",1.20646460178217e-05,-0.261182745344969,1,1,2.16453943260919e-05,"Xylem_procambium",4.66463449799655
"ATH-aux-reg-IR8-ARF5-2-down",2.46401249779676e-05,-0.799307440604138,0.913,0.971,4.29442178187435e-05,"Xylem_procambium",4.36709530304257
"random2",5.71584646169526e-05,-0.231624328652408,1,1,9.68518428231696e-05,"Xylem_procambium",4.01389211144131
"ATH-aux-reg-IR8-ARF2-down",9.72794318780184e-05,-0.579768070794887,0.965,0.971,0.000160379603907003,"Xylem_procambium",3.79485086344502
"ATH-aux-trans-ConjugationDeconjugation",0.000185486474587648,-0.483592549411763,0.996,1,0.000297754603943329,"Xylem_procambium",3.52614151464208
"ATH-aux-cis-IR8-ARF5-2",0.000312714407880175,-0.149650918700087,1,1,0.000489117407197196,"Xylem_procambium",3.31058688079932
"ATH-aux-reg-IR8-ARF3-up",0.000450038611982268,-0.47229245098659,0.987,0.985,0.000686308883272958,"Xylem_procambium",3.16348037976085
"ATH-aux-reg-IR8-ARF6-down",0.000987115711864525,-0.38146810826849,0.991,0.985,0.00146863557131064,"Xylem_procambium",2.83308595710544
"ATH-aux-trans-A-ARF",0.00257064374164359,1.37665355211653,0.834,0.779,0.00373355400572045,"Xylem_procambium",2.42787756223669
"ATH-aux-cis-IR8-TGTCNN",0.00485395759401088,-0.129127589086165,1,1,0.00688584681941079,"Xylem_procambium",2.16204264271537
"ATH-aux-trans-Receptors",0.00498846305656524,-0.392522690877592,0.961,0.985,0.00691582378296545,"Xylem_procambium",2.16015608119637
"ATH-aux-reg-DR5-ARF5-2-down",0.0119550449318267,-0.371291251427278,0.969,0.985,0.016205727574254,"Xylem_procambium",1.79033146605785
"ATH-aux-reg-IR8-TGTCNN-up",0.0122311536560087,0.215804485114428,0.996,0.985,0.0162195733264463,"Xylem_procambium",1.78996057456427
"ATH-aux-cis-DR5-ARF5-2",0.0264209433244765,-0.101788427750124,1,1,0.0342910115487887,"Xylem_procambium",1.46481970346547
"ATH-aux-reg-IR8-ARF2-up",0.0278734584459375,0.285458532196498,1,1,0.0354225201083789,"Xylem_procambium",1.45072054449464
"ATH-aux-trans-Synthesis",0.0693551610974781,-0.515710346899741,0.511,0.632,0.0863400985091055,"Xylem_procambium",1.06378746017435
"ATH-aux-trans-IAA",0.0773142426996501,0.0450799950566552,1,1,0.0943233760935732,"Xylem_procambium",1.0253806630384
"ATH-aux-reg-IR8-ARF1-down",0.127994803455061,-0.0697464286166944,0.996,1,0.153091823740367,"Xylem_procambium",0.815048003287776
"ATH-aux-reg-IR8-TGTCNN-down",0.143641776873859,-0.158215254876216,0.865,0.912,0.168502853640489,"Xylem_procambium",0.7733927398382
"ATH-aux-reg-DR5-ARF2-up",0.210607070668711,0.195721134703229,1,1,0.242396817184743,"Xylem_procambium",0.615473087014736
"ATH-aux-cis-IR8-ARF2",0.255235947566215,-0.0860863388464359,1,1,0.288322088917391,"Xylem_procambium",0.540122084190176
"ATH-aux-cis-DR5-ARF3",0.386514099578625,0.0149925108303643,1,1,0.428679274078112,"Xylem_procambium",0.367867513389531
"ATH-aux-reg-DR5-ARF6-up",0.413520710825026,0.0247955263340147,1,1,0.450442202862975,"Xylem_procambium",0.346360926300877
"ATH-aux-cis-DR5-ARF1",0.423696504777427,-0.0317593274061831,1,1,0.453429592831984,"Xylem_procambium",0.343490139294998
"ATH-aux-reg-IR8-ARF6-up",0.555616512663555,0.0720791283478177,1,1,0.584355297801325,"Xylem_procambium",0.233323014265394
"ATH-aux-cis-DR5-TGTCGG",0.620961695096629,-0.0568326243028201,0.987,1,0.642011244082956,"Xylem_procambium",0.192457365699964
"ATH-aux-reg-IR8-ARF8-down",0.678813234577232,0.0180105852659026,1,1,0.690126788486852,"Xylem_procambium",0.161071114361547
"ATH-aux-reg-IR8-ARF5-1-down",1,0.065358925297814,1,1,1,"Xylem_procambium",0
