"ROI.name","Cell_type","Colour","ROI.id","point","x","y"
"poly1","Atrichoblast-m1","#FFFFFF","poly1",1,277.9,224.692455418381
"poly1","Atrichoblast-m1","#FFFFFF","poly1",2,257.3,224.692455418381
"poly1","Atrichoblast-m1","#FFFFFF","poly1",3,257.3,224.692455418381
"poly1","Atrichoblast-m1","#FFFFFF","poly1",4,257.233333333333,224.655829903978
"poly1","Atrichoblast-m1","#FFFFFF","poly1",5,257.166666666667,224.61426611797
"poly1","Atrichoblast-m1","#FFFFFF","poly1",6,257.1,224.570233196159
"poly1","Atrichoblast-m1","#FFFFFF","poly1",7,257.033333333333,224.526200274348
"poly1","Atrichoblast-m1","#FFFFFF","poly1",8,256.966666666667,224.48463648834
"poly1","Atrichoblast-m1","#FFFFFF","poly1",9,256.9,224.448010973937
"poly1","Atrichoblast-m1","#FFFFFF","poly1",10,256.833333333333,224.418792866941
"poly1","Atrichoblast-m1","#FFFFFF","poly1",11,256.766666666667,224.399451303155
"poly1","Atrichoblast-m1","#FFFFFF","poly1",12,256.7,224.392455418381
"poly1","Atrichoblast-m1","#FFFFFF","poly1",13,256.7,224.392455418381
"poly1","Atrichoblast-m1","#FFFFFF","poly1",14,256.40438957476,224.448971193416
"poly1","Atrichoblast-m1","#FFFFFF","poly1",15,256.120301783265,224.607544581618
"poly1","Atrichoblast-m1","#FFFFFF","poly1",16,255.851851851852,224.85171467764
"poly1","Atrichoblast-m1","#FFFFFF","poly1",17,255.603155006859,225.165020576131
"poly1","Atrichoblast-m1","#FFFFFF","poly1",18,255.378326474623,225.531001371742
"poly1","Atrichoblast-m1","#FFFFFF","poly1",19,255.181481481481,225.933196159122
"poly1","Atrichoblast-m1","#FFFFFF","poly1",20,255.016735253772,226.355144032922
"poly1","Atrichoblast-m1","#FFFFFF","poly1",21,254.888203017833,226.780384087791
"poly1","Atrichoblast-m1","#FFFFFF","poly1",22,254.8,227.192455418381
"poly1","Atrichoblast-m1","#FFFFFF","poly1",23,254.8,227.192455418381
"poly1","Atrichoblast-m1","#FFFFFF","poly1",24,254.722222222222,227.648285322359
"poly1","Atrichoblast-m1","#FFFFFF","poly1",25,254.688888888889,228.135390946502
"poly1","Atrichoblast-m1","#FFFFFF","poly1",26,254.7,228.633196159122
"poly1","Atrichoblast-m1","#FFFFFF","poly1",27,254.755555555556,229.121124828532
"poly1","Atrichoblast-m1","#FFFFFF","poly1",28,254.855555555555,229.578600823045
"poly1","Atrichoblast-m1","#FFFFFF","poly1",29,255,229.985048010974
"poly1","Atrichoblast-m1","#FFFFFF","poly1",30,255.188888888889,230.319890260631
"poly1","Atrichoblast-m1","#FFFFFF","poly1",31,255.422222222222,230.562551440329
"poly1","Atrichoblast-m1","#FFFFFF","poly1",32,255.7,230.692455418381
"poly1","Atrichoblast-m1","#FFFFFF","poly1",33,255.7,230.692455418381
"poly1","Atrichoblast-m1","#FFFFFF","poly1",34,255.932784636488,230.720713305898
"poly1","Atrichoblast-m1","#FFFFFF","poly1",35,256.162277091907,230.681481481481
"poly1","Atrichoblast-m1","#FFFFFF","poly1",36,256.385185185185,230.588751714677
"poly1","Atrichoblast-m1","#FFFFFF","poly1",37,256.598216735254,230.456515775034
"poly1","Atrichoblast-m1","#FFFFFF","poly1",38,256.798079561042,230.298765432098
"poly1","Atrichoblast-m1","#FFFFFF","poly1",39,256.981481481481,230.129492455418
"poly1","Atrichoblast-m1","#FFFFFF","poly1",40,257.145130315501,229.96268861454
"poly1","Atrichoblast-m1","#FFFFFF","poly1",41,257.28573388203,229.812345679012
"poly1","Atrichoblast-m1","#FFFFFF","poly1",42,257.4,229.692455418381
"poly1","Atrichoblast-m1","#FFFFFF","poly1",43,257.4,229.692455418381
"poly1","Atrichoblast-m1","#FFFFFF","poly1",44,259.696570644719,229.692455418381
"poly1","Atrichoblast-m1","#FFFFFF","poly1",45,261.987379972565,229.692455418381
"poly1","Atrichoblast-m1","#FFFFFF","poly1",46,264.274074074074,229.692455418381
"poly1","Atrichoblast-m1","#FFFFFF","poly1",47,266.55829903978,229.692455418381
"poly1","Atrichoblast-m1","#FFFFFF","poly1",48,268.841700960219,229.692455418381
"poly1","Atrichoblast-m1","#FFFFFF","poly1",49,271.125925925926,229.692455418381
"poly1","Atrichoblast-m1","#FFFFFF","poly1",50,273.412620027435,229.692455418381
"poly1","Atrichoblast-m1","#FFFFFF","poly1",51,275.703429355281,229.692455418381
"poly1","Atrichoblast-m1","#FFFFFF","poly1",52,278,229.692455418381
"poly1","Atrichoblast-m1","#FFFFFF","poly1",53,278,229.692455418381
"poly1","Atrichoblast-m1","#FFFFFF","poly1",54,278.454458161865,229.65281207133
"poly1","Atrichoblast-m1","#FFFFFF","poly1",55,278.880109739369,229.538271604938
"poly1","Atrichoblast-m1","#FFFFFF","poly1",56,279.27037037037,229.355418381344
"poly1","Atrichoblast-m1","#FFFFFF","poly1",57,279.61865569273,229.110836762688
"poly1","Atrichoblast-m1","#FFFFFF","poly1",58,279.918381344307,228.811111111111
"poly1","Atrichoblast-m1","#FFFFFF","poly1",59,280.162962962963,228.462825788751
"poly1","Atrichoblast-m1","#FFFFFF","poly1",60,280.345816186557,228.07256515775
"poly1","Atrichoblast-m1","#FFFFFF","poly1",61,280.460356652949,227.646913580247
"poly1","Atrichoblast-m1","#FFFFFF","poly1",62,280.5,227.192455418381
"poly1","Atrichoblast-m1","#FFFFFF","poly1",63,NA,NA
"poly1","Atrichoblast-m1","#FFFFFF","poly1",64,NA,NA
"poly1","Atrichoblast-m1","#FFFFFF","poly1",65,NA,NA
"poly1","Atrichoblast-m1","#FFFFFF","poly1",66,NA,NA
"poly1","Atrichoblast-m1","#FFFFFF","poly1",67,NA,NA
"poly1","Atrichoblast-m1","#FFFFFF","poly1",68,NA,NA
"poly1","Atrichoblast-m1","#FFFFFF","poly1",69,NA,NA
"poly1","Atrichoblast-m1","#FFFFFF","poly1",70,NA,NA
"poly1","Atrichoblast-m1","#FFFFFF","poly1",71,NA,NA
"poly1","Atrichoblast-m1","#FFFFFF","poly1",72,NA,NA
"poly2","Atrichoblast-m1","#FFFFFF","poly2",1,272.2,202.692455418381
"poly2","Atrichoblast-m1","#FFFFFF","poly2",2,272.2,202.692455418381
"poly2","Atrichoblast-m1","#FFFFFF","poly2",3,270.670233196159,202.289849108367
"poly2","Atrichoblast-m1","#FFFFFF","poly2",4,268.924828532236,202.004938271605
"poly2","Atrichoblast-m1","#FFFFFF","poly2",5,267.02962962963,201.822085048011
"poly2","Atrichoblast-m1","#FFFFFF","poly2",6,265.050480109739,201.725651577503
"poly2","Atrichoblast-m1","#FFFFFF","poly2",7,263.053223593964,201.7
"poly2","Atrichoblast-m1","#FFFFFF","poly2",8,261.103703703704,201.729492455418
"poly2","Atrichoblast-m1","#FFFFFF","poly2",9,259.267764060357,201.798491083676
"poly2","Atrichoblast-m1","#FFFFFF","poly2",10,257.611248285322,201.891358024691
"poly2","Atrichoblast-m1","#FFFFFF","poly2",11,256.2,201.992455418381
"poly2","Atrichoblast-m1","#FFFFFF","poly2",12,256.2,201.992455418381
"poly2","Atrichoblast-m1","#FFFFFF","poly2",13,256.105624142661,202.037448559671
"poly2","Atrichoblast-m1","#FFFFFF","poly2",14,255.963511659808,202.107956104252
"poly2","Atrichoblast-m1","#FFFFFF","poly2",15,255.785185185185,202.207270233196
"poly2","Atrichoblast-m1","#FFFFFF","poly2",16,255.582167352538,202.338683127572
"poly2","Atrichoblast-m1","#FFFFFF","poly2",17,255.36598079561,202.50548696845
"poly2","Atrichoblast-m1","#FFFFFF","poly2",18,255.148148148148,202.7109739369
"poly2","Atrichoblast-m1","#FFFFFF","poly2",19,254.940192043896,202.958436213991
"poly2","Atrichoblast-m1","#FFFFFF","poly2",20,254.753635116598,203.251165980795
"poly2","Atrichoblast-m1","#FFFFFF","poly2",21,254.6,203.592455418381
"poly2","Atrichoblast-m1","#FFFFFF","poly2",22,254.6,203.592455418381
"poly2","Atrichoblast-m1","#FFFFFF","poly2",23,254.560631001372,203.710288065844
"poly2","Atrichoblast-m1","#FFFFFF","poly2",24,254.514677640604,203.861042524005
"poly2","Atrichoblast-m1","#FFFFFF","poly2",25,254.47037037037,204.040603566529
"poly2","Atrichoblast-m1","#FFFFFF","poly2",26,254.435939643347,204.244855967078
"poly2","Atrichoblast-m1","#FFFFFF","poly2",27,254.419615912209,204.469684499314
"poly2","Atrichoblast-m1","#FFFFFF","poly2",28,254.42962962963,204.7109739369
"poly2","Atrichoblast-m1","#FFFFFF","poly2",29,254.474211248285,204.964609053498
"poly2","Atrichoblast-m1","#FFFFFF","poly2",30,254.56159122085,205.226474622771
"poly2","Atrichoblast-m1","#FFFFFF","poly2",31,254.7,205.492455418381
"poly2","Atrichoblast-m1","#FFFFFF","poly2",32,254.7,205.492455418381
"poly2","Atrichoblast-m1","#FFFFFF","poly2",33,254.810150891632,205.6780521262
"poly2","Atrichoblast-m1","#FFFFFF","poly2",34,254.936762688615,205.836488340192
"poly2","Atrichoblast-m1","#FFFFFF","poly2",35,255.074074074074,205.970233196159
"poly2","Atrichoblast-m1","#FFFFFF","poly2",36,255.216323731139,206.081755829904
"poly2","Atrichoblast-m1","#FFFFFF","poly2",37,255.357750342936,206.173525377229
"poly2","Atrichoblast-m1","#FFFFFF","poly2",38,255.492592592593,206.248010973936
"poly2","Atrichoblast-m1","#FFFFFF","poly2",39,255.615089163237,206.30768175583
"poly2","Atrichoblast-m1","#FFFFFF","poly2",40,255.719478737997,206.35500685871
"poly2","Atrichoblast-m1","#FFFFFF","poly2",41,255.8,206.392455418381
"poly2","Atrichoblast-m1","#FFFFFF","poly2",42,255.8,206.392455418381
"poly2","Atrichoblast-m1","#FFFFFF","poly2",43,257.629903978052,206.422359396433
"poly2","Atrichoblast-m1","#FFFFFF","poly2",44,259.454046639232,206.446502057613
"poly2","Atrichoblast-m1","#FFFFFF","poly2",45,261.274074074074,206.466529492455
"poly2","Atrichoblast-m1","#FFFFFF","poly2",46,263.091632373114,206.484087791495
"poly2","Atrichoblast-m1","#FFFFFF","poly2",47,264.908367626886,206.500823045267
"poly2","Atrichoblast-m1","#FFFFFF","poly2",48,266.725925925926,206.518381344307
"poly2","Atrichoblast-m1","#FFFFFF","poly2",49,268.545953360768,206.538408779149
"poly2","Atrichoblast-m1","#FFFFFF","poly2",50,270.370096021948,206.562551440329
"poly2","Atrichoblast-m1","#FFFFFF","poly2",51,272.2,206.592455418381
"poly2","Atrichoblast-m1","#FFFFFF","poly2",52,272.2,206.592455418381
"poly2","Atrichoblast-m1","#FFFFFF","poly2",53,272.492866941015,206.546502057613
"poly2","Atrichoblast-m1","#FFFFFF","poly2",54,272.824417009602,206.417421124828
"poly2","Atrichoblast-m1","#FFFFFF","poly2",55,273.174074074074,206.218381344307
"poly2","Atrichoblast-m1","#FFFFFF","poly2",56,273.521262002743,205.962551440329
"poly2","Atrichoblast-m1","#FFFFFF","poly2",57,273.845404663923,205.663100137174
"poly2","Atrichoblast-m1","#FFFFFF","poly2",58,274.125925925926,205.333196159122
"poly2","Atrichoblast-m1","#FFFFFF","poly2",59,274.342249657064,204.986008230452
"poly2","Atrichoblast-m1","#FFFFFF","poly2",60,274.473799725652,204.634705075446
"poly2","Atrichoblast-m1","#FFFFFF","poly2",61,274.5,204.292455418381
"poly2","Atrichoblast-m1","#FFFFFF","poly2",62,274.5,204.292455418381
"poly2","Atrichoblast-m1","#FFFFFF","poly2",63,274.391495198903,204.010425240055
"poly2","Atrichoblast-m1","#FFFFFF","poly2",64,274.209739368999,203.762139917695
"poly2","Atrichoblast-m1","#FFFFFF","poly2",65,273.97037037037,203.544307270233
"poly2","Atrichoblast-m1","#FFFFFF","poly2",66,273.6890260631,203.353635116598
"poly2","Atrichoblast-m1","#FFFFFF","poly2",67,273.38134430727,203.18683127572
"poly2","Atrichoblast-m1","#FFFFFF","poly2",68,273.062962962963,203.040603566529
"poly2","Atrichoblast-m1","#FFFFFF","poly2",69,272.749519890261,202.911659807956
"poly2","Atrichoblast-m1","#FFFFFF","poly2",70,272.456652949245,202.79670781893
"poly2","Atrichoblast-m1","#FFFFFF","poly2",71,272.2,202.692455418381
"poly3","Atrichoblast-m1","#FFFFFF","poly3",1,272.9,206.492455418381
"poly3","Atrichoblast-m1","#FFFFFF","poly3",2,255.3,206.492455418381
"poly3","Atrichoblast-m1","#FFFFFF","poly3",3,255.3,206.492455418381
"poly3","Atrichoblast-m1","#FFFFFF","poly3",4,255.08463648834,206.788477366255
"poly3","Atrichoblast-m1","#FFFFFF","poly3",5,254.903017832647,207.075445816186
"poly3","Atrichoblast-m1","#FFFFFF","poly3",6,254.751851851852,207.35171467764
"poly3","Atrichoblast-m1","#FFFFFF","poly3",7,254.627846364883,207.615637860082
"poly3","Atrichoblast-m1","#FFFFFF","poly3",8,254.527709190672,207.865569272976
"poly3","Atrichoblast-m1","#FFFFFF","poly3",9,254.448148148148,208.099862825788
"poly3","Atrichoblast-m1","#FFFFFF","poly3",10,254.385871056241,208.316872427983
"poly3","Atrichoblast-m1","#FFFFFF","poly3",11,254.337585733882,208.514951989026
"poly3","Atrichoblast-m1","#FFFFFF","poly3",12,254.3,208.692455418381
"poly3","Atrichoblast-m1","#FFFFFF","poly3",13,254.3,208.692455418381
"poly3","Atrichoblast-m1","#FFFFFF","poly3",14,254.267352537723,208.895747599451
"poly3","Atrichoblast-m1","#FFFFFF","poly3",15,254.238820301783,209.103978052126
"poly3","Atrichoblast-m1","#FFFFFF","poly3",16,254.218518518519,209.314677640603
"poly3","Atrichoblast-m1","#FFFFFF","poly3",17,254.210562414266,209.525377229081
"poly3","Atrichoblast-m1","#FFFFFF","poly3",18,254.219067215363,209.733607681755
"poly3","Atrichoblast-m1","#FFFFFF","poly3",19,254.248148148148,209.936899862825
"poly3","Atrichoblast-m1","#FFFFFF","poly3",20,254.301920438957,210.132784636488
"poly3","Atrichoblast-m1","#FFFFFF","poly3",21,254.384499314129,210.318792866941
"poly3","Atrichoblast-m1","#FFFFFF","poly3",22,254.5,210.492455418381
"poly3","Atrichoblast-m1","#FFFFFF","poly3",23,254.5,210.492455418381
"poly3","Atrichoblast-m1","#FFFFFF","poly3",24,254.599862825789,210.588614540466
"poly3","Atrichoblast-m1","#FFFFFF","poly3",25,254.69890260631,210.676543209876
"poly3","Atrichoblast-m1","#FFFFFF","poly3",26,254.796296296296,210.755418381344
"poly3","Atrichoblast-m1","#FFFFFF","poly3",27,254.89122085048,210.824417009602
"poly3","Atrichoblast-m1","#FFFFFF","poly3",28,254.982853223594,210.882716049382
"poly3","Atrichoblast-m1","#FFFFFF","poly3",29,255.07037037037,210.929492455418
"poly3","Atrichoblast-m1","#FFFFFF","poly3",30,255.152949245542,210.963923182441
"poly3","Atrichoblast-m1","#FFFFFF","poly3",31,255.229766803841,210.985185185185
"poly3","Atrichoblast-m1","#FFFFFF","poly3",32,255.3,210.992455418381
"poly3","Atrichoblast-m1","#FFFFFF","poly3",33,255.3,210.992455418381
"poly3","Atrichoblast-m1","#FFFFFF","poly3",34,257.263237311385,210.992455418381
"poly3","Atrichoblast-m1","#FFFFFF","poly3",35,259.220713305898,210.992455418381
"poly3","Atrichoblast-m1","#FFFFFF","poly3",36,261.174074074074,210.992455418381
"poly3","Atrichoblast-m1","#FFFFFF","poly3",37,263.124965706447,210.992455418381
"poly3","Atrichoblast-m1","#FFFFFF","poly3",38,265.075034293553,210.992455418381
"poly3","Atrichoblast-m1","#FFFFFF","poly3",39,267.025925925926,210.992455418381
"poly3","Atrichoblast-m1","#FFFFFF","poly3",40,268.979286694101,210.992455418381
"poly3","Atrichoblast-m1","#FFFFFF","poly3",41,270.936762688615,210.992455418381
"poly3","Atrichoblast-m1","#FFFFFF","poly3",42,272.9,210.992455418381
"poly3","Atrichoblast-m1","#FFFFFF","poly3",43,272.9,210.992455418381
"poly3","Atrichoblast-m1","#FFFFFF","poly3",44,273.321262002743,210.956378600823
"poly3","Atrichoblast-m1","#FFFFFF","poly3",45,273.714540466392,210.851989026063
"poly3","Atrichoblast-m1","#FFFFFF","poly3",46,274.074074074074,210.685048010974
"poly3","Atrichoblast-m1","#FFFFFF","poly3",47,274.394101508916,210.461316872428
"poly3","Atrichoblast-m1","#FFFFFF","poly3",48,274.668861454047,210.186556927297
"poly3","Atrichoblast-m1","#FFFFFF","poly3",49,274.892592592593,209.866529492455
"poly3","Atrichoblast-m1","#FFFFFF","poly3",50,275.059533607682,209.506995884773
"poly3","Atrichoblast-m1","#FFFFFF","poly3",51,275.163923182442,209.113717421124
"poly3","Atrichoblast-m1","#FFFFFF","poly3",52,275.2,208.692455418381
"poly3","Atrichoblast-m1","#FFFFFF","poly3",53,275.2,208.692455418381
"poly3","Atrichoblast-m1","#FFFFFF","poly3",54,275.163923182442,208.300960219479
"poly3","Atrichoblast-m1","#FFFFFF","poly3",55,275.059533607682,207.930864197531
"poly3","Atrichoblast-m1","#FFFFFF","poly3",56,274.892592592593,207.588751714677
"poly3","Atrichoblast-m1","#FFFFFF","poly3",57,274.668861454047,207.281207133059
"poly3","Atrichoblast-m1","#FFFFFF","poly3",58,274.394101508916,207.014814814814
"poly3","Atrichoblast-m1","#FFFFFF","poly3",59,274.074074074074,206.796159122085
"poly3","Atrichoblast-m1","#FFFFFF","poly3",60,273.714540466392,206.631824417009
"poly3","Atrichoblast-m1","#FFFFFF","poly3",61,273.321262002743,206.528395061728
"poly3","Atrichoblast-m1","#FFFFFF","poly3",62,272.9,206.492455418381
"poly4","Atrichoblast-m1","#FFFFFF","poly4",1,273.7,211.092455418381
"poly4","Atrichoblast-m1","#FFFFFF","poly4",2,256.1,211.092455418381
"poly4","Atrichoblast-m1","#FFFFFF","poly4",3,256.1,211.092455418381
"poly4","Atrichoblast-m1","#FFFFFF","poly4",4,256.019341563786,211.0561042524
"poly4","Atrichoblast-m1","#FFFFFF","poly4",5,255.913991769547,211.016460905349
"poly4","Atrichoblast-m1","#FFFFFF","poly4",6,255.788888888889,210.977640603566
"poly4","Atrichoblast-m1","#FFFFFF","poly4",7,255.648971193416,210.943758573388
"poly4","Atrichoblast-m1","#FFFFFF","poly4",8,255.499176954732,210.918930041152
"poly4","Atrichoblast-m1","#FFFFFF","poly4",9,255.344444444444,210.907270233196
"poly4","Atrichoblast-m1","#FFFFFF","poly4",10,255.189711934156,210.912894375857
"poly4","Atrichoblast-m1","#FFFFFF","poly4",11,255.039917695473,210.939917695473
"poly4","Atrichoblast-m1","#FFFFFF","poly4",12,254.9,210.992455418381
"poly4","Atrichoblast-m1","#FFFFFF","poly4",13,254.9,210.992455418381
"poly4","Atrichoblast-m1","#FFFFFF","poly4",14,254.754732510288,211.120438957476
"poly4","Atrichoblast-m1","#FFFFFF","poly4",15,254.648971193416,211.29780521262
"poly4","Atrichoblast-m1","#FFFFFF","poly4",16,254.577777777778,211.514677640603
"poly4","Atrichoblast-m1","#FFFFFF","poly4",17,254.53621399177,211.761179698216
"poly4","Atrichoblast-m1","#FFFFFF","poly4",18,254.519341563786,212.027434842249
"poly4","Atrichoblast-m1","#FFFFFF","poly4",19,254.522222222222,212.303566529492
"poly4","Atrichoblast-m1","#FFFFFF","poly4",20,254.539917695473,212.579698216735
"poly4","Atrichoblast-m1","#FFFFFF","poly4",21,254.567489711934,212.845953360768
"poly4","Atrichoblast-m1","#FFFFFF","poly4",22,254.6,213.092455418381
"poly4","Atrichoblast-m1","#FFFFFF","poly4",23,254.6,213.092455418381
"poly4","Atrichoblast-m1","#FFFFFF","poly4",24,254.637311385459,213.269821673525
"poly4","Atrichoblast-m1","#FFFFFF","poly4",25,254.683676268861,213.466941015089
"poly4","Atrichoblast-m1","#FFFFFF","poly4",26,254.740740740741,213.68134430727
"poly4","Atrichoblast-m1","#FFFFFF","poly4",27,254.810150891632,213.910562414266
"poly4","Atrichoblast-m1","#FFFFFF","poly4",28,254.893552812071,214.152126200274
"poly4","Atrichoblast-m1","#FFFFFF","poly4",29,254.992592592593,214.403566529492
"poly4","Atrichoblast-m1","#FFFFFF","poly4",30,255.108916323731,214.662414266118
"poly4","Atrichoblast-m1","#FFFFFF","poly4",31,255.244170096022,214.926200274348
"poly4","Atrichoblast-m1","#FFFFFF","poly4",32,255.4,215.192455418381
"poly4","Atrichoblast-m1","#FFFFFF","poly4",33,255.4,215.192455418381
"poly4","Atrichoblast-m1","#FFFFFF","poly4",34,255.470096021948,215.229218106996
"poly4","Atrichoblast-m1","#FFFFFF","poly4",35,255.545953360768,215.271742112482
"poly4","Atrichoblast-m1","#FFFFFF","poly4",36,255.625925925926,215.318381344307
"poly4","Atrichoblast-m1","#FFFFFF","poly4",37,255.708367626886,215.367489711934
"poly4","Atrichoblast-m1","#FFFFFF","poly4",38,255.791632373114,215.417421124828
"poly4","Atrichoblast-m1","#FFFFFF","poly4",39,255.874074074074,215.466529492455
"poly4","Atrichoblast-m1","#FFFFFF","poly4",40,255.954046639232,215.51316872428
"poly4","Atrichoblast-m1","#FFFFFF","poly4",41,256.029903978052,215.555692729767
"poly4","Atrichoblast-m1","#FFFFFF","poly4",42,256.1,215.592455418381
"poly4","Atrichoblast-m1","#FFFFFF","poly4",43,256.1,215.592455418381
"poly4","Atrichoblast-m1","#FFFFFF","poly4",44,258.063237311385,215.592455418381
"poly4","Atrichoblast-m1","#FFFFFF","poly4",45,260.020713305898,215.592455418381
"poly4","Atrichoblast-m1","#FFFFFF","poly4",46,261.974074074074,215.592455418381
"poly4","Atrichoblast-m1","#FFFFFF","poly4",47,263.924965706447,215.592455418381
"poly4","Atrichoblast-m1","#FFFFFF","poly4",48,265.875034293553,215.592455418381
"poly4","Atrichoblast-m1","#FFFFFF","poly4",49,267.825925925926,215.592455418381
"poly4","Atrichoblast-m1","#FFFFFF","poly4",50,269.779286694101,215.592455418381
"poly4","Atrichoblast-m1","#FFFFFF","poly4",51,271.736762688614,215.592455418381
"poly4","Atrichoblast-m1","#FFFFFF","poly4",52,273.7,215.592455418381
"poly4","Atrichoblast-m1","#FFFFFF","poly4",53,273.7,215.592455418381
"poly4","Atrichoblast-m1","#FFFFFF","poly4",54,274.121262002743,215.556378600823
"poly4","Atrichoblast-m1","#FFFFFF","poly4",55,274.514540466392,215.451989026063
"poly4","Atrichoblast-m1","#FFFFFF","poly4",56,274.874074074074,215.285048010973
"poly4","Atrichoblast-m1","#FFFFFF","poly4",57,275.194101508916,215.061316872428
"poly4","Atrichoblast-m1","#FFFFFF","poly4",58,275.468861454047,214.786556927297
"poly4","Atrichoblast-m1","#FFFFFF","poly4",59,275.692592592593,214.466529492455
"poly4","Atrichoblast-m1","#FFFFFF","poly4",60,275.859533607682,214.106995884773
"poly4","Atrichoblast-m1","#FFFFFF","poly4",61,275.963923182442,213.713717421125
"poly4","Atrichoblast-m1","#FFFFFF","poly4",62,276,213.292455418381
"poly4","Atrichoblast-m1","#FFFFFF","poly4",63,276,213.292455418381
"poly4","Atrichoblast-m1","#FFFFFF","poly4",64,275.963923182442,212.927297668038
"poly4","Atrichoblast-m1","#FFFFFF","poly4",65,275.859533607682,212.571193415638
"poly4","Atrichoblast-m1","#FFFFFF","poly4",66,275.692592592593,212.233196159122
"poly4","Atrichoblast-m1","#FFFFFF","poly4",67,275.468861454047,211.922359396433
"poly4","Atrichoblast-m1","#FFFFFF","poly4",68,275.194101508916,211.647736625514
"poly4","Atrichoblast-m1","#FFFFFF","poly4",69,274.874074074074,211.418381344307
"poly4","Atrichoblast-m1","#FFFFFF","poly4",70,274.514540466392,211.243347050754
"poly4","Atrichoblast-m1","#FFFFFF","poly4",71,274.121262002743,211.131687242798
"poly4","Atrichoblast-m1","#FFFFFF","poly4",72,273.7,211.092455418381
"poly5","Atrichoblast-m1","#FFFFFF","poly5",1,276.9,215.692455418381
"poly5","Atrichoblast-m1","#FFFFFF","poly5",2,276.9,215.692455418381
"poly5","Atrichoblast-m1","#FFFFFF","poly5",3,275.463237311385,215.629218106996
"poly5","Atrichoblast-m1","#FFFFFF","poly5",4,274.020713305898,215.571742112482
"poly5","Atrichoblast-m1","#FFFFFF","poly5",5,272.574074074074,215.518381344307
"poly5","Atrichoblast-m1","#FFFFFF","poly5",6,271.124965706447,215.467489711934
"poly5","Atrichoblast-m1","#FFFFFF","poly5",7,269.675034293553,215.417421124828
"poly5","Atrichoblast-m1","#FFFFFF","poly5",8,268.225925925926,215.366529492455
"poly5","Atrichoblast-m1","#FFFFFF","poly5",9,266.779286694101,215.31316872428
"poly5","Atrichoblast-m1","#FFFFFF","poly5",10,265.336762688614,215.255692729767
"poly5","Atrichoblast-m1","#FFFFFF","poly5",11,263.9,215.192455418381
"poly5","Atrichoblast-m1","#FFFFFF","poly5",12,263.9,215.192455418381
"poly5","Atrichoblast-m1","#FFFFFF","poly5",13,261.754320987654,214.975994513031
"poly5","Atrichoblast-m1","#FFFFFF","poly5",14,259.964197530864,214.853360768175
"poly5","Atrichoblast-m1","#FFFFFF","poly5",15,258.5,214.814677640603
"poly5","Atrichoblast-m1","#FFFFFF","poly5",16,257.332098765432,214.850068587105
"poly5","Atrichoblast-m1","#FFFFFF","poly5",17,256.430864197531,214.949657064472
"poly5","Atrichoblast-m1","#FFFFFF","poly5",18,255.766666666667,215.103566529492
"poly5","Atrichoblast-m1","#FFFFFF","poly5",19,255.30987654321,215.301920438957
"poly5","Atrichoblast-m1","#FFFFFF","poly5",20,255.030864197531,215.534842249657
"poly5","Atrichoblast-m1","#FFFFFF","poly5",21,254.9,215.792455418381
"poly5","Atrichoblast-m1","#FFFFFF","poly5",22,254.9,215.792455418381
"poly5","Atrichoblast-m1","#FFFFFF","poly5",23,254.858573388203,215.966666666667
"poly5","Atrichoblast-m1","#FFFFFF","poly5",24,254.86488340192,216.156515775034
"poly5","Atrichoblast-m1","#FFFFFF","poly5",25,254.914814814815,216.362825788751
"poly5","Atrichoblast-m1","#FFFFFF","poly5",26,255.004252400549,216.586419753086
"poly5","Atrichoblast-m1","#FFFFFF","poly5",27,255.129080932785,216.828120713306
"poly5","Atrichoblast-m1","#FFFFFF","poly5",28,255.285185185185,217.088751714677
"poly5","Atrichoblast-m1","#FFFFFF","poly5",29,255.468449931413,217.369135802469
"poly5","Atrichoblast-m1","#FFFFFF","poly5",30,255.67475994513,217.670096021948
"poly5","Atrichoblast-m1","#FFFFFF","poly5",31,255.9,217.992455418381
"poly5","Atrichoblast-m1","#FFFFFF","poly5",32,255.9,217.992455418381
"poly5","Atrichoblast-m1","#FFFFFF","poly5",33,256.169821673525,218.347873799726
"poly5","Atrichoblast-m1","#FFFFFF","poly5",34,256.443758573388,218.68024691358
"poly5","Atrichoblast-m1","#FFFFFF","poly5",35,256.718518518519,218.988751714677
"poly5","Atrichoblast-m1","#FFFFFF","poly5",36,256.990809327846,219.27256515775
"poly5","Atrichoblast-m1","#FFFFFF","poly5",37,257.257338820302,219.530864197531
"poly5","Atrichoblast-m1","#FFFFFF","poly5",38,257.514814814815,219.762825788752
"poly5","Atrichoblast-m1","#FFFFFF","poly5",39,257.759945130315,219.967626886145
"poly5","Atrichoblast-m1","#FFFFFF","poly5",40,257.989437585734,220.144444444444
"poly5","Atrichoblast-m1","#FFFFFF","poly5",41,258.2,220.292455418381
"poly5","Atrichoblast-m1","#FFFFFF","poly5",42,276.9,220.292455418381
"poly5","Atrichoblast-m1","#FFFFFF","poly5",43,276.9,220.292455418381
"poly5","Atrichoblast-m1","#FFFFFF","poly5",44,277.321262002743,220.256378600823
"poly5","Atrichoblast-m1","#FFFFFF","poly5",45,277.714540466392,220.151989026063
"poly5","Atrichoblast-m1","#FFFFFF","poly5",46,278.074074074074,219.985048010974
"poly5","Atrichoblast-m1","#FFFFFF","poly5",47,278.394101508916,219.761316872428
"poly5","Atrichoblast-m1","#FFFFFF","poly5",48,278.668861454047,219.486556927297
"poly5","Atrichoblast-m1","#FFFFFF","poly5",49,278.892592592593,219.166529492455
"poly5","Atrichoblast-m1","#FFFFFF","poly5",50,279.059533607682,218.806995884773
"poly5","Atrichoblast-m1","#FFFFFF","poly5",51,279.163923182442,218.413717421125
"poly5","Atrichoblast-m1","#FFFFFF","poly5",52,279.2,217.992455418381
"poly5","Atrichoblast-m1","#FFFFFF","poly5",53,279.2,217.992455418381
"poly5","Atrichoblast-m1","#FFFFFF","poly5",54,279.163923182442,217.571193415638
"poly5","Atrichoblast-m1","#FFFFFF","poly5",55,279.059533607682,217.177914951989
"poly5","Atrichoblast-m1","#FFFFFF","poly5",56,278.892592592593,216.818381344307
"poly5","Atrichoblast-m1","#FFFFFF","poly5",57,278.668861454047,216.498353909465
"poly5","Atrichoblast-m1","#FFFFFF","poly5",58,278.394101508916,216.223593964334
"poly5","Atrichoblast-m1","#FFFFFF","poly5",59,278.074074074074,215.999862825789
"poly5","Atrichoblast-m1","#FFFFFF","poly5",60,277.714540466392,215.832921810699
"poly5","Atrichoblast-m1","#FFFFFF","poly5",61,277.321262002743,215.728532235939
"poly5","Atrichoblast-m1","#FFFFFF","poly5",62,276.9,215.692455418381
"poly6","Atrichoblast-m1","#FFFFFF","poly6",1,277.8,220.192455418381
"poly6","Atrichoblast-m1","#FFFFFF","poly6",2,277.8,220.192455418381
"poly6","Atrichoblast-m1","#FFFFFF","poly6",3,275.083264746228,220.14842249657
"poly6","Atrichoblast-m1","#FFFFFF","poly6",4,272.592043895748,220.08463648834
"poly6","Atrichoblast-m1","#FFFFFF","poly6",5,270.314814814815,220.003566529492
"poly6","Atrichoblast-m1","#FFFFFF","poly6",6,268.240054869685,219.90768175583
"poly6","Atrichoblast-m1","#FFFFFF","poly6",7,266.356241426612,219.799451303155
"poly6","Atrichoblast-m1","#FFFFFF","poly6",8,264.651851851852,219.68134430727
"poly6","Atrichoblast-m1","#FFFFFF","poly6",9,263.11536351166,219.555829903978
"poly6","Atrichoblast-m1","#FFFFFF","poly6",10,261.735253772291,219.425377229081
"poly6","Atrichoblast-m1","#FFFFFF","poly6",11,260.5,219.292455418381
"poly6","Atrichoblast-m1","#FFFFFF","poly6",12,260.5,219.292455418381
"poly6","Atrichoblast-m1","#FFFFFF","poly6",13,260.31975308642,219.276817558299
"poly6","Atrichoblast-m1","#FFFFFF","poly6",14,259.946913580247,219.241426611797
"poly6","Atrichoblast-m1","#FFFFFF","poly6",15,259.433333333333,219.203566529492
"poly6","Atrichoblast-m1","#FFFFFF","poly6",16,258.830864197531,219.180521262003
"poly6","Atrichoblast-m1","#FFFFFF","poly6",17,258.191358024691,219.189574759945
"poly6","Atrichoblast-m1","#FFFFFF","poly6",18,257.566666666667,219.248010973937
"poly6","Atrichoblast-m1","#FFFFFF","poly6",19,257.008641975309,219.373113854595
"poly6","Atrichoblast-m1","#FFFFFF","poly6",20,256.569135802469,219.582167352538
"poly6","Atrichoblast-m1","#FFFFFF","poly6",21,256.3,219.892455418381
"poly6","Atrichoblast-m1","#FFFFFF","poly6",22,256.3,219.892455418381
"poly6","Atrichoblast-m1","#FFFFFF","poly6",23,256.261179698217,220.063923182442
"poly6","Atrichoblast-m1","#FFFFFF","poly6",24,256.270919067215,220.249382716049
"poly6","Atrichoblast-m1","#FFFFFF","poly6",25,256.318518518519,220.455418381344
"poly6","Atrichoblast-m1","#FFFFFF","poly6",26,256.393278463649,220.688614540466
"poly6","Atrichoblast-m1","#FFFFFF","poly6",27,256.484499314129,220.955555555555
"poly6","Atrichoblast-m1","#FFFFFF","poly6",28,256.581481481481,221.262825788752
"poly6","Atrichoblast-m1","#FFFFFF","poly6",29,256.673525377229,221.617009602195
"poly6","Atrichoblast-m1","#FFFFFF","poly6",30,256.749931412894,222.024691358024
"poly6","Atrichoblast-m1","#FFFFFF","poly6",31,256.8,222.492455418381
"poly6","Atrichoblast-m1","#FFFFFF","poly6",32,256.8,222.492455418381
"poly6","Atrichoblast-m1","#FFFFFF","poly6",33,256.826200274348,222.755281207133
"poly6","Atrichoblast-m1","#FFFFFF","poly6",34,256.839231824417,223.00987654321
"poly6","Atrichoblast-m1","#FFFFFF","poly6",35,256.840740740741,223.255418381344
"poly6","Atrichoblast-m1","#FFFFFF","poly6",36,256.832373113855,223.491083676269
"poly6","Atrichoblast-m1","#FFFFFF","poly6",37,256.815775034294,223.716049382716
"poly6","Atrichoblast-m1","#FFFFFF","poly6",38,256.792592592593,223.929492455418
"poly6","Atrichoblast-m1","#FFFFFF","poly6",39,256.764471879287,224.130589849108
"poly6","Atrichoblast-m1","#FFFFFF","poly6",40,256.733058984911,224.318518518518
"poly6","Atrichoblast-m1","#FFFFFF","poly6",41,256.7,224.492455418381
"poly6","Atrichoblast-m1","#FFFFFF","poly6",42,256.7,224.492455418381
"poly6","Atrichoblast-m1","#FFFFFF","poly6",43,256.966666666667,224.525788751715
"poly6","Atrichoblast-m1","#FFFFFF","poly6",44,257.233333333333,224.559122085048
"poly6","Atrichoblast-m1","#FFFFFF","poly6",45,257.5,224.592455418381
"poly6","Atrichoblast-m1","#FFFFFF","poly6",46,257.766666666667,224.625788751714
"poly6","Atrichoblast-m1","#FFFFFF","poly6",47,258.033333333333,224.659122085048
"poly6","Atrichoblast-m1","#FFFFFF","poly6",48,258.3,224.692455418381
"poly6","Atrichoblast-m1","#FFFFFF","poly6",49,258.566666666667,224.725788751714
"poly6","Atrichoblast-m1","#FFFFFF","poly6",50,258.833333333333,224.759122085048
"poly6","Atrichoblast-m1","#FFFFFF","poly6",51,259.1,224.792455418381
"poly6","Atrichoblast-m1","#FFFFFF","poly6",52,259.1,224.792455418381
"poly6","Atrichoblast-m1","#FFFFFF","poly6",53,261.170096021948,224.792455418381
"poly6","Atrichoblast-m1","#FFFFFF","poly6",54,263.245953360768,224.792455418381
"poly6","Atrichoblast-m1","#FFFFFF","poly6",55,265.325925925926,224.792455418381
"poly6","Atrichoblast-m1","#FFFFFF","poly6",56,267.408367626886,224.792455418381
"poly6","Atrichoblast-m1","#FFFFFF","poly6",57,269.491632373114,224.792455418381
"poly6","Atrichoblast-m1","#FFFFFF","poly6",58,271.574074074074,224.792455418381
"poly6","Atrichoblast-m1","#FFFFFF","poly6",59,273.654046639232,224.792455418381
"poly6","Atrichoblast-m1","#FFFFFF","poly6",60,275.729903978052,224.792455418381
"poly6","Atrichoblast-m1","#FFFFFF","poly6",61,277.8,224.792455418381
"poly6","Atrichoblast-m1","#FFFFFF","poly6",62,277.8,224.792455418381
"poly6","Atrichoblast-m1","#FFFFFF","poly6",63,278.221262002743,224.756378600823
"poly6","Atrichoblast-m1","#FFFFFF","poly6",64,278.614540466392,224.651989026063
"poly6","Atrichoblast-m1","#FFFFFF","poly6",65,278.974074074074,224.485048010974
"poly6","Atrichoblast-m1","#FFFFFF","poly6",66,279.294101508916,224.261316872428
"poly6","Atrichoblast-m1","#FFFFFF","poly6",67,279.568861454047,223.986556927297
"poly6","Atrichoblast-m1","#FFFFFF","poly6",68,279.792592592593,223.666529492455
"poly6","Atrichoblast-m1","#FFFFFF","poly6",69,279.959533607682,223.306995884773
"poly6","Atrichoblast-m1","#FFFFFF","poly6",70,280.063923182442,222.913717421125
"poly6","Atrichoblast-m1","#FFFFFF","poly6",71,280.1,222.492455418381
"poly6","Atrichoblast-m1","#FFFFFF","poly6",72,280.1,222.492455418381
"poly6","Atrichoblast-m1","#FFFFFF","poly6",73,280.060631001372,222.071193415638
"poly6","Atrichoblast-m1","#FFFFFF","poly6",74,279.948010973937,221.677914951989
"poly6","Atrichoblast-m1","#FFFFFF","poly6",75,279.77037037037,221.318381344307
"poly6","Atrichoblast-m1","#FFFFFF","poly6",76,279.535939643347,220.998353909465
"poly6","Atrichoblast-m1","#FFFFFF","poly6",77,279.252949245542,220.723593964334
"poly6","Atrichoblast-m1","#FFFFFF","poly6",78,278.92962962963,220.499862825789
"poly6","Atrichoblast-m1","#FFFFFF","poly6",79,278.574211248285,220.332921810699
"poly6","Atrichoblast-m1","#FFFFFF","poly6",80,278.194924554184,220.228532235939
"poly6","Atrichoblast-m1","#FFFFFF","poly6",81,277.8,220.192455418381
"poly7","Atrichoblast-m1","#FFFFFF","poly7",1,275.6,229.692455418381
"poly7","Atrichoblast-m1","#FFFFFF","poly7",2,257.9,229.692455418381
"poly7","Atrichoblast-m1","#FFFFFF","poly7",3,257.9,229.692455418381
"poly7","Atrichoblast-m1","#FFFFFF","poly7",4,257.375720164609,229.739368998628
"poly7","Atrichoblast-m1","#FFFFFF","poly7",5,256.876131687243,229.875171467764
"poly7","Atrichoblast-m1","#FFFFFF","poly7",6,256.411111111111,230.092455418381
"poly7","Atrichoblast-m1","#FFFFFF","poly7",7,255.990534979424,230.383813443072
"poly7","Atrichoblast-m1","#FFFFFF","poly7",8,255.624279835391,230.74183813443
"poly7","Atrichoblast-m1","#FFFFFF","poly7",9,255.322222222222,231.159122085048
"poly7","Atrichoblast-m1","#FFFFFF","poly7",10,255.094238683128,231.628257887517
"poly7","Atrichoblast-m1","#FFFFFF","poly7",11,254.950205761317,232.14183813443
"poly7","Atrichoblast-m1","#FFFFFF","poly7",12,254.9,232.692455418381
"poly7","Atrichoblast-m1","#FFFFFF","poly7",13,254.9,232.692455418381
"poly7","Atrichoblast-m1","#FFFFFF","poly7",14,254.9,232.692455418381
"poly7","Atrichoblast-m1","#FFFFFF","poly7",15,254.946913580247,233.216735253772
"poly7","Atrichoblast-m1","#FFFFFF","poly7",16,255.082716049383,233.716323731138
"poly7","Atrichoblast-m1","#FFFFFF","poly7",17,255.3,234.18134430727
"poly7","Atrichoblast-m1","#FFFFFF","poly7",18,255.591358024691,234.601920438957
"poly7","Atrichoblast-m1","#FFFFFF","poly7",19,255.949382716049,234.96817558299
"poly7","Atrichoblast-m1","#FFFFFF","poly7",20,256.366666666667,235.270233196159
"poly7","Atrichoblast-m1","#FFFFFF","poly7",21,256.835802469136,235.498216735254
"poly7","Atrichoblast-m1","#FFFFFF","poly7",22,257.349382716049,235.642249657064
"poly7","Atrichoblast-m1","#FFFFFF","poly7",23,257.9,235.692455418381
"poly7","Atrichoblast-m1","#FFFFFF","poly7",24,275.6,235.692455418381
"poly7","Atrichoblast-m1","#FFFFFF","poly7",25,275.6,235.692455418381
"poly7","Atrichoblast-m1","#FFFFFF","poly7",26,276.124279835391,235.645541838134
"poly7","Atrichoblast-m1","#FFFFFF","poly7",27,276.623868312757,235.509739368998
"poly7","Atrichoblast-m1","#FFFFFF","poly7",28,277.088888888889,235.292455418381
"poly7","Atrichoblast-m1","#FFFFFF","poly7",29,277.509465020576,235.00109739369
"poly7","Atrichoblast-m1","#FFFFFF","poly7",30,277.875720164609,234.643072702332
"poly7","Atrichoblast-m1","#FFFFFF","poly7",31,278.177777777778,234.225788751714
"poly7","Atrichoblast-m1","#FFFFFF","poly7",32,278.405761316872,233.756652949245
"poly7","Atrichoblast-m1","#FFFFFF","poly7",33,278.549794238683,233.243072702332
"poly7","Atrichoblast-m1","#FFFFFF","poly7",34,278.6,232.692455418381
"poly7","Atrichoblast-m1","#FFFFFF","poly7",35,278.6,232.692455418381
"poly7","Atrichoblast-m1","#FFFFFF","poly7",36,278.6,232.692455418381
"poly7","Atrichoblast-m1","#FFFFFF","poly7",37,278.523456790123,232.141838134431
"poly7","Atrichoblast-m1","#FFFFFF","poly7",38,278.365432098765,231.628257887517
"poly7","Atrichoblast-m1","#FFFFFF","poly7",39,278.133333333333,231.159122085048
"poly7","Atrichoblast-m1","#FFFFFF","poly7",40,277.834567901235,230.74183813443
"poly7","Atrichoblast-m1","#FFFFFF","poly7",41,277.476543209877,230.383813443072
"poly7","Atrichoblast-m1","#FFFFFF","poly7",42,277.066666666667,230.092455418381
"poly7","Atrichoblast-m1","#FFFFFF","poly7",43,276.612345679012,229.875171467764
"poly7","Atrichoblast-m1","#FFFFFF","poly7",44,276.120987654321,229.739368998628
"poly7","Atrichoblast-m1","#FFFFFF","poly7",45,275.6,229.692455418381
"poly8","Trichoblast-m1","#CCCADB","poly8",1,290.2,202.792455418381
"poly8","Trichoblast-m1","#CCCADB","poly8",2,273.6,202.792455418381
"poly8","Trichoblast-m1","#CCCADB","poly8",3,273.6,202.792455418381
"poly8","Trichoblast-m1","#CCCADB","poly8",4,273.245130315501,202.810425240055
"poly8","Trichoblast-m1","#CCCADB","poly8",5,272.916598079561,202.862139917695
"poly8","Trichoblast-m1","#CCCADB","poly8",6,272.618518518518,202.944307270233
"poly8","Trichoblast-m1","#CCCADB","poly8",7,272.355006858711,203.053635116598
"poly8","Trichoblast-m1","#CCCADB","poly8",8,272.130178326475,203.18683127572
"poly8","Trichoblast-m1","#CCCADB","poly8",9,271.948148148148,203.340603566529
"poly8","Trichoblast-m1","#CCCADB","poly8",10,271.813031550069,203.511659807956
"poly8","Trichoblast-m1","#CCCADB","poly8",11,271.728943758573,203.69670781893
"poly8","Trichoblast-m1","#CCCADB","poly8",12,271.7,203.892455418381
"poly8","Trichoblast-m1","#CCCADB","poly8",13,271.7,206.292455418381
"poly8","Trichoblast-m1","#CCCADB","poly8",14,271.7,206.292455418381
"poly8","Trichoblast-m1","#CCCADB","poly8",15,271.732235939643,206.488203017832
"poly8","Trichoblast-m1","#CCCADB","poly8",16,271.824554183813,206.673251028806
"poly8","Trichoblast-m1","#CCCADB","poly8",17,271.97037037037,206.844307270233
"poly8","Trichoblast-m1","#CCCADB","poly8",18,272.163100137174,206.998079561042
"poly8","Trichoblast-m1","#CCCADB","poly8",19,272.396159122085,207.131275720164
"poly8","Trichoblast-m1","#CCCADB","poly8",20,272.662962962963,207.240603566529
"poly8","Trichoblast-m1","#CCCADB","poly8",21,272.956927297668,207.322770919067
"poly8","Trichoblast-m1","#CCCADB","poly8",22,273.27146776406,207.374485596707
"poly8","Trichoblast-m1","#CCCADB","poly8",23,273.6,207.392455418381
"poly8","Trichoblast-m1","#CCCADB","poly8",24,290.2,207.392455418381
"poly8","Trichoblast-m1","#CCCADB","poly8",25,290.2,207.392455418381
"poly8","Trichoblast-m1","#CCCADB","poly8",26,290.554869684499,207.374485596708
"poly8","Trichoblast-m1","#CCCADB","poly8",27,290.883401920439,207.322770919067
"poly8","Trichoblast-m1","#CCCADB","poly8",28,291.181481481481,207.240603566529
"poly8","Trichoblast-m1","#CCCADB","poly8",29,291.444993141289,207.131275720164
"poly8","Trichoblast-m1","#CCCADB","poly8",30,291.669821673525,206.998079561042
"poly8","Trichoblast-m1","#CCCADB","poly8",31,291.851851851852,206.844307270233
"poly8","Trichoblast-m1","#CCCADB","poly8",32,291.986968449931,206.673251028806
"poly8","Trichoblast-m1","#CCCADB","poly8",33,292.071056241427,206.488203017832
"poly8","Trichoblast-m1","#CCCADB","poly8",34,292.1,206.292455418381
"poly8","Trichoblast-m1","#CCCADB","poly8",35,292.1,206.292455418381
"poly8","Trichoblast-m1","#CCCADB","poly8",36,292.071056241427,206.146090534979
"poly8","Trichoblast-m1","#CCCADB","poly8",37,291.986968449931,205.810425240055
"poly8","Trichoblast-m1","#CCCADB","poly8",38,291.851851851852,205.340603566529
"poly8","Trichoblast-m1","#CCCADB","poly8",39,291.669821673525,204.791769547325
"poly8","Trichoblast-m1","#CCCADB","poly8",40,291.444993141289,204.219067215363
"poly8","Trichoblast-m1","#CCCADB","poly8",41,291.181481481481,203.677640603566
"poly8","Trichoblast-m1","#CCCADB","poly8",42,290.883401920439,203.222633744856
"poly8","Trichoblast-m1","#CCCADB","poly8",43,290.554869684499,202.909190672153
"poly8","Trichoblast-m1","#CCCADB","poly8",44,290.2,202.792455418381
"poly9","Trichoblast-m1","#CCCADB","poly9",1,290.9,207.292455418381
"poly9","Trichoblast-m1","#CCCADB","poly9",2,274.3,207.292455418381
"poly9","Trichoblast-m1","#CCCADB","poly9",3,274.3,207.292455418381
"poly9","Trichoblast-m1","#CCCADB","poly9",4,273.945130315501,207.310425240055
"poly9","Trichoblast-m1","#CCCADB","poly9",5,273.616598079561,207.362139917695
"poly9","Trichoblast-m1","#CCCADB","poly9",6,273.318518518518,207.444307270233
"poly9","Trichoblast-m1","#CCCADB","poly9",7,273.055006858711,207.553635116598
"poly9","Trichoblast-m1","#CCCADB","poly9",8,272.830178326475,207.68683127572
"poly9","Trichoblast-m1","#CCCADB","poly9",9,272.648148148148,207.840603566529
"poly9","Trichoblast-m1","#CCCADB","poly9",10,272.513031550069,208.011659807956
"poly9","Trichoblast-m1","#CCCADB","poly9",11,272.428943758573,208.19670781893
"poly9","Trichoblast-m1","#CCCADB","poly9",12,272.4,208.392455418381
"poly9","Trichoblast-m1","#CCCADB","poly9",13,272.4,210.792455418381
"poly9","Trichoblast-m1","#CCCADB","poly9",14,272.4,210.792455418381
"poly9","Trichoblast-m1","#CCCADB","poly9",15,272.432235939643,210.988203017832
"poly9","Trichoblast-m1","#CCCADB","poly9",16,272.524554183813,211.173251028806
"poly9","Trichoblast-m1","#CCCADB","poly9",17,272.67037037037,211.344307270233
"poly9","Trichoblast-m1","#CCCADB","poly9",18,272.863100137174,211.498079561042
"poly9","Trichoblast-m1","#CCCADB","poly9",19,273.096159122085,211.631275720164
"poly9","Trichoblast-m1","#CCCADB","poly9",20,273.362962962963,211.740603566529
"poly9","Trichoblast-m1","#CCCADB","poly9",21,273.656927297668,211.822770919067
"poly9","Trichoblast-m1","#CCCADB","poly9",22,273.97146776406,211.874485596707
"poly9","Trichoblast-m1","#CCCADB","poly9",23,274.3,211.892455418381
"poly9","Trichoblast-m1","#CCCADB","poly9",24,290.9,211.892455418381
"poly9","Trichoblast-m1","#CCCADB","poly9",25,290.9,211.892455418381
"poly9","Trichoblast-m1","#CCCADB","poly9",26,291.254869684499,211.874485596708
"poly9","Trichoblast-m1","#CCCADB","poly9",27,291.583401920439,211.822770919067
"poly9","Trichoblast-m1","#CCCADB","poly9",28,291.881481481482,211.740603566529
"poly9","Trichoblast-m1","#CCCADB","poly9",29,292.144993141289,211.631275720164
"poly9","Trichoblast-m1","#CCCADB","poly9",30,292.369821673525,211.498079561042
"poly9","Trichoblast-m1","#CCCADB","poly9",31,292.551851851852,211.344307270233
"poly9","Trichoblast-m1","#CCCADB","poly9",32,292.686968449931,211.173251028806
"poly9","Trichoblast-m1","#CCCADB","poly9",33,292.771056241427,210.988203017832
"poly9","Trichoblast-m1","#CCCADB","poly9",34,292.8,210.792455418381
"poly9","Trichoblast-m1","#CCCADB","poly9",35,292.8,210.792455418381
"poly9","Trichoblast-m1","#CCCADB","poly9",36,292.797393689986,210.672427983539
"poly9","Trichoblast-m1","#CCCADB","poly9",37,292.727297668038,210.350754458161
"poly9","Trichoblast-m1","#CCCADB","poly9",38,292.596296296296,209.885048010974
"poly9","Trichoblast-m1","#CCCADB","poly9",39,292.4109739369,209.332921810699
"poly9","Trichoblast-m1","#CCCADB","poly9",40,292.177914951989,208.751989026063
"poly9","Trichoblast-m1","#CCCADB","poly9",41,291.903703703704,208.199862825788
"poly9","Trichoblast-m1","#CCCADB","poly9",42,291.594924554184,207.734156378601
"poly9","Trichoblast-m1","#CCCADB","poly9",43,291.258161865569,207.412482853223
"poly9","Trichoblast-m1","#CCCADB","poly9",44,290.9,207.292455418381
"poly10","Trichoblast-m1","#CCCADB","poly10",1,291.6,211.792455418381
"poly10","Trichoblast-m1","#CCCADB","poly10",2,275,211.792455418381
"poly10","Trichoblast-m1","#CCCADB","poly10",3,275,211.792455418381
"poly10","Trichoblast-m1","#CCCADB","poly10",4,274.933196159122,211.792455418381
"poly10","Trichoblast-m1","#CCCADB","poly10",5,274.865569272977,211.792455418381
"poly10","Trichoblast-m1","#CCCADB","poly10",6,274.796296296296,211.792455418381
"poly10","Trichoblast-m1","#CCCADB","poly10",7,274.724554183813,211.792455418381
"poly10","Trichoblast-m1","#CCCADB","poly10",8,274.649519890261,211.792455418381
"poly10","Trichoblast-m1","#CCCADB","poly10",9,274.57037037037,211.792455418381
"poly10","Trichoblast-m1","#CCCADB","poly10",10,274.486282578875,211.792455418381
"poly10","Trichoblast-m1","#CCCADB","poly10",11,274.396433470508,211.792455418381
"poly10","Trichoblast-m1","#CCCADB","poly10",12,274.3,211.792455418381
"poly10","Trichoblast-m1","#CCCADB","poly10",13,274.3,211.792455418381
"poly10","Trichoblast-m1","#CCCADB","poly10",14,273.80768175583,212.017832647462
"poly10","Trichoblast-m1","#CCCADB","poly10",15,273.450342935528,212.395473251028
"poly10","Trichoblast-m1","#CCCADB","poly10",16,273.207407407407,212.877640603566
"poly10","Trichoblast-m1","#CCCADB","poly10",17,273.058299039781,213.416598079561
"poly10","Trichoblast-m1","#CCCADB","poly10",18,272.98244170096,213.964609053498
"poly10","Trichoblast-m1","#CCCADB","poly10",19,272.959259259259,214.473936899863
"poly10","Trichoblast-m1","#CCCADB","poly10",20,272.96817558299,214.896844993141
"poly10","Trichoblast-m1","#CCCADB","poly10",21,272.988614540466,215.185596707819
"poly10","Trichoblast-m1","#CCCADB","poly10",22,273,215.292455418381
"poly10","Trichoblast-m1","#CCCADB","poly10",23,273,215.292455418381
"poly10","Trichoblast-m1","#CCCADB","poly10",24,273,215.292455418381
"poly10","Trichoblast-m1","#CCCADB","poly10",25,273.032235939643,215.488203017832
"poly10","Trichoblast-m1","#CCCADB","poly10",26,273.124554183813,215.673251028806
"poly10","Trichoblast-m1","#CCCADB","poly10",27,273.27037037037,215.844307270233
"poly10","Trichoblast-m1","#CCCADB","poly10",28,273.463100137174,215.998079561042
"poly10","Trichoblast-m1","#CCCADB","poly10",29,273.696159122085,216.131275720164
"poly10","Trichoblast-m1","#CCCADB","poly10",30,273.962962962963,216.240603566529
"poly10","Trichoblast-m1","#CCCADB","poly10",31,274.256927297668,216.322770919067
"poly10","Trichoblast-m1","#CCCADB","poly10",32,274.57146776406,216.374485596707
"poly10","Trichoblast-m1","#CCCADB","poly10",33,274.9,216.392455418381
"poly10","Trichoblast-m1","#CCCADB","poly10",34,291.5,216.392455418381
"poly10","Trichoblast-m1","#CCCADB","poly10",35,291.5,216.392455418381
"poly10","Trichoblast-m1","#CCCADB","poly10",36,291.854869684499,216.374485596708
"poly10","Trichoblast-m1","#CCCADB","poly10",37,292.183401920439,216.322770919067
"poly10","Trichoblast-m1","#CCCADB","poly10",38,292.481481481482,216.240603566529
"poly10","Trichoblast-m1","#CCCADB","poly10",39,292.744993141289,216.131275720164
"poly10","Trichoblast-m1","#CCCADB","poly10",40,292.969821673525,215.998079561042
"poly10","Trichoblast-m1","#CCCADB","poly10",41,293.151851851852,215.844307270233
"poly10","Trichoblast-m1","#CCCADB","poly10",42,293.286968449931,215.673251028806
"poly10","Trichoblast-m1","#CCCADB","poly10",43,293.371056241427,215.488203017832
"poly10","Trichoblast-m1","#CCCADB","poly10",44,293.4,215.292455418381
"poly10","Trichoblast-m1","#CCCADB","poly10",45,293.4,215.292455418381
"poly10","Trichoblast-m1","#CCCADB","poly10",46,293.400823045267,215.198765432098
"poly10","Trichoblast-m1","#CCCADB","poly10",47,293.339917695473,214.891083676268
"poly10","Trichoblast-m1","#CCCADB","poly10",48,293.222222222222,214.429492455418
"poly10","Trichoblast-m1","#CCCADB","poly10",49,293.052674897119,213.874074074074
"poly10","Trichoblast-m1","#CCCADB","poly10",50,292.83621399177,213.284910836762
"poly10","Trichoblast-m1","#CCCADB","poly10",51,292.577777777778,212.722085048011
"poly10","Trichoblast-m1","#CCCADB","poly10",52,292.282304526749,212.245679012345
"poly10","Trichoblast-m1","#CCCADB","poly10",53,291.954732510288,211.915775034293
"poly10","Trichoblast-m1","#CCCADB","poly10",54,291.6,211.792455418381
"poly11","Trichoblast-m1","#CCCADB","poly11",1,294.1,216.492455418381
"poly11","Trichoblast-m1","#CCCADB","poly11",2,276.7,216.492455418381
"poly11","Trichoblast-m1","#CCCADB","poly11",3,276.7,216.492455418381
"poly11","Trichoblast-m1","#CCCADB","poly11",4,276.341700960219,216.510425240055
"poly11","Trichoblast-m1","#CCCADB","poly11",5,276.003978052126,216.562139917695
"poly11","Trichoblast-m1","#CCCADB","poly11",6,275.692592592593,216.644307270233
"poly11","Trichoblast-m1","#CCCADB","poly11",7,275.413305898491,216.753635116598
"poly11","Trichoblast-m1","#CCCADB","poly11",8,275.171879286694,216.88683127572
"poly11","Trichoblast-m1","#CCCADB","poly11",9,274.974074074074,217.040603566529
"poly11","Trichoblast-m1","#CCCADB","poly11",10,274.825651577503,217.211659807956
"poly11","Trichoblast-m1","#CCCADB","poly11",11,274.732373113855,217.39670781893
"poly11","Trichoblast-m1","#CCCADB","poly11",12,274.7,217.592455418381
"poly11","Trichoblast-m1","#CCCADB","poly11",13,274.7,219.992455418381
"poly11","Trichoblast-m1","#CCCADB","poly11",14,274.7,219.992455418381
"poly11","Trichoblast-m1","#CCCADB","poly11",15,274.732373113855,220.188203017832
"poly11","Trichoblast-m1","#CCCADB","poly11",16,274.825651577503,220.373251028806
"poly11","Trichoblast-m1","#CCCADB","poly11",17,274.974074074074,220.544307270233
"poly11","Trichoblast-m1","#CCCADB","poly11",18,275.171879286694,220.698079561042
"poly11","Trichoblast-m1","#CCCADB","poly11",19,275.413305898491,220.831275720164
"poly11","Trichoblast-m1","#CCCADB","poly11",20,275.692592592593,220.940603566529
"poly11","Trichoblast-m1","#CCCADB","poly11",21,276.003978052126,221.022770919067
"poly11","Trichoblast-m1","#CCCADB","poly11",22,276.341700960219,221.074485596707
"poly11","Trichoblast-m1","#CCCADB","poly11",23,276.7,221.092455418381
"poly11","Trichoblast-m1","#CCCADB","poly11",24,294.1,221.092455418381
"poly11","Trichoblast-m1","#CCCADB","poly11",25,294.1,221.092455418381
"poly11","Trichoblast-m1","#CCCADB","poly11",26,294.45829903978,221.074485596708
"poly11","Trichoblast-m1","#CCCADB","poly11",27,294.796021947874,221.022770919067
"poly11","Trichoblast-m1","#CCCADB","poly11",28,295.107407407407,220.940603566529
"poly11","Trichoblast-m1","#CCCADB","poly11",29,295.386694101509,220.831275720164
"poly11","Trichoblast-m1","#CCCADB","poly11",30,295.628120713306,220.698079561042
"poly11","Trichoblast-m1","#CCCADB","poly11",31,295.825925925926,220.544307270233
"poly11","Trichoblast-m1","#CCCADB","poly11",32,295.974348422497,220.373251028806
"poly11","Trichoblast-m1","#CCCADB","poly11",33,296.067626886145,220.188203017832
"poly11","Trichoblast-m1","#CCCADB","poly11",34,296.1,219.992455418381
"poly11","Trichoblast-m1","#CCCADB","poly11",35,296.1,219.992455418381
"poly11","Trichoblast-m1","#CCCADB","poly11",36,296.067626886145,219.846090534979
"poly11","Trichoblast-m1","#CCCADB","poly11",37,295.974348422497,219.510425240054
"poly11","Trichoblast-m1","#CCCADB","poly11",38,295.825925925926,219.040603566529
"poly11","Trichoblast-m1","#CCCADB","poly11",39,295.628120713306,218.491769547325
"poly11","Trichoblast-m1","#CCCADB","poly11",40,295.386694101509,217.919067215363
"poly11","Trichoblast-m1","#CCCADB","poly11",41,295.107407407407,217.377640603566
"poly11","Trichoblast-m1","#CCCADB","poly11",42,294.796021947874,216.922633744856
"poly11","Trichoblast-m1","#CCCADB","poly11",43,294.458299039781,216.609190672153
"poly11","Trichoblast-m1","#CCCADB","poly11",44,294.1,216.492455418381
"poly12","Trichoblast-m1","#CCCADB","poly12",1,294.8,224.792455418381
"poly12","Trichoblast-m1","#CCCADB","poly12",2,277.4,224.792455418381
"poly12","Trichoblast-m1","#CCCADB","poly12",3,277.4,224.792455418381
"poly12","Trichoblast-m1","#CCCADB","poly12",4,277.041700960219,224.814128943758
"poly12","Trichoblast-m1","#CCCADB","poly12",5,276.703978052126,224.87695473251
"poly12","Trichoblast-m1","#CCCADB","poly12",6,276.392592592593,224.977640603566
"poly12","Trichoblast-m1","#CCCADB","poly12",7,276.113305898491,225.112894375857
"poly12","Trichoblast-m1","#CCCADB","poly12",8,275.871879286694,225.279423868312
"poly12","Trichoblast-m1","#CCCADB","poly12",9,275.674074074074,225.473936899862
"poly12","Trichoblast-m1","#CCCADB","poly12",10,275.525651577503,225.693141289437
"poly12","Trichoblast-m1","#CCCADB","poly12",11,275.432373113855,225.933744855967
"poly12","Trichoblast-m1","#CCCADB","poly12",12,275.4,226.192455418381
"poly12","Trichoblast-m1","#CCCADB","poly12",13,275.4,229.292455418381
"poly12","Trichoblast-m1","#CCCADB","poly12",14,275.4,229.292455418381
"poly12","Trichoblast-m1","#CCCADB","poly12",15,275.432373113855,229.551165980795
"poly12","Trichoblast-m1","#CCCADB","poly12",16,275.525651577503,229.791769547325
"poly12","Trichoblast-m1","#CCCADB","poly12",17,275.674074074074,230.010973936899
"poly12","Trichoblast-m1","#CCCADB","poly12",18,275.871879286694,230.20548696845
"poly12","Trichoblast-m1","#CCCADB","poly12",19,276.113305898491,230.372016460905
"poly12","Trichoblast-m1","#CCCADB","poly12",20,276.392592592593,230.507270233196
"poly12","Trichoblast-m1","#CCCADB","poly12",21,276.703978052126,230.607956104252
"poly12","Trichoblast-m1","#CCCADB","poly12",22,277.041700960219,230.670781893004
"poly12","Trichoblast-m1","#CCCADB","poly12",23,277.4,230.692455418381
"poly12","Trichoblast-m1","#CCCADB","poly12",24,294.8,230.692455418381
"poly12","Trichoblast-m1","#CCCADB","poly12",25,294.8,230.692455418381
"poly12","Trichoblast-m1","#CCCADB","poly12",26,295.158299039781,230.670781893004
"poly12","Trichoblast-m1","#CCCADB","poly12",27,295.496021947874,230.607956104252
"poly12","Trichoblast-m1","#CCCADB","poly12",28,295.807407407407,230.507270233196
"poly12","Trichoblast-m1","#CCCADB","poly12",29,296.086694101509,230.372016460905
"poly12","Trichoblast-m1","#CCCADB","poly12",30,296.328120713306,230.20548696845
"poly12","Trichoblast-m1","#CCCADB","poly12",31,296.525925925926,230.010973936899
"poly12","Trichoblast-m1","#CCCADB","poly12",32,296.674348422497,229.791769547325
"poly12","Trichoblast-m1","#CCCADB","poly12",33,296.767626886145,229.551165980795
"poly12","Trichoblast-m1","#CCCADB","poly12",34,296.8,229.292455418381
"poly12","Trichoblast-m1","#CCCADB","poly12",35,296.8,229.292455418381
"poly12","Trichoblast-m1","#CCCADB","poly12",36,296.793964334705,229.138134430727
"poly12","Trichoblast-m1","#CCCADB","poly12",37,296.714677640604,228.724554183813
"poly12","Trichoblast-m1","#CCCADB","poly12",38,296.57037037037,228.125788751714
"poly12","Trichoblast-m1","#CCCADB","poly12",39,296.36927297668,227.415912208504
"poly12","Trichoblast-m1","#CCCADB","poly12",40,296.119615912209,226.668998628258
"poly12","Trichoblast-m1","#CCCADB","poly12",41,295.82962962963,225.959122085048
"poly12","Trichoblast-m1","#CCCADB","poly12",42,295.507544581619,225.360356652949
"poly12","Trichoblast-m1","#CCCADB","poly12",43,295.16159122085,224.946776406035
"poly12","Trichoblast-m1","#CCCADB","poly12",44,294.8,224.792455418381
"poly13","Trichoblast-m1","#CCCADB","poly13",1,295.6,230.692455418381
"poly13","Trichoblast-m1","#CCCADB","poly13",2,277.9,230.692455418381
"poly13","Trichoblast-m1","#CCCADB","poly13",3,277.9,230.692455418381
"poly13","Trichoblast-m1","#CCCADB","poly13",4,277.538271604938,230.714128943758
"poly13","Trichoblast-m1","#CCCADB","poly13",5,277.191358024691,230.77695473251
"poly13","Trichoblast-m1","#CCCADB","poly13",6,276.866666666667,230.877640603566
"poly13","Trichoblast-m1","#CCCADB","poly13",7,276.571604938272,231.012894375857
"poly13","Trichoblast-m1","#CCCADB","poly13",8,276.313580246914,231.179423868312
"poly13","Trichoblast-m1","#CCCADB","poly13",9,276.1,231.373936899863
"poly13","Trichoblast-m1","#CCCADB","poly13",10,275.938271604938,231.593141289437
"poly13","Trichoblast-m1","#CCCADB","poly13",11,275.835802469136,231.833744855967
"poly13","Trichoblast-m1","#CCCADB","poly13",12,275.8,232.092455418381
"poly13","Trichoblast-m1","#CCCADB","poly13",13,275.8,235.192455418381
"poly13","Trichoblast-m1","#CCCADB","poly13",14,275.8,235.192455418381
"poly13","Trichoblast-m1","#CCCADB","poly13",15,275.832510288066,235.451165980795
"poly13","Trichoblast-m1","#CCCADB","poly13",16,275.926748971193,235.691769547325
"poly13","Trichoblast-m1","#CCCADB","poly13",17,276.077777777778,235.910973936899
"poly13","Trichoblast-m1","#CCCADB","poly13",18,276.280658436214,236.10548696845
"poly13","Trichoblast-m1","#CCCADB","poly13",19,276.530452674897,236.272016460905
"poly13","Trichoblast-m1","#CCCADB","poly13",20,276.822222222222,236.407270233196
"poly13","Trichoblast-m1","#CCCADB","poly13",21,277.151028806584,236.507956104252
"poly13","Trichoblast-m1","#CCCADB","poly13",22,277.511934156379,236.570781893004
"poly13","Trichoblast-m1","#CCCADB","poly13",23,277.9,236.592455418381
"poly13","Trichoblast-m1","#CCCADB","poly13",24,295.6,236.592455418381
"poly13","Trichoblast-m1","#CCCADB","poly13",25,295.6,236.592455418381
"poly13","Trichoblast-m1","#CCCADB","poly13",26,295.961728395062,236.570781893004
"poly13","Trichoblast-m1","#CCCADB","poly13",27,296.308641975309,236.507956104252
"poly13","Trichoblast-m1","#CCCADB","poly13",28,296.633333333333,236.407270233196
"poly13","Trichoblast-m1","#CCCADB","poly13",29,296.928395061728,236.272016460905
"poly13","Trichoblast-m1","#CCCADB","poly13",30,297.186419753086,236.10548696845
"poly13","Trichoblast-m1","#CCCADB","poly13",31,297.4,235.9109739369
"poly13","Trichoblast-m1","#CCCADB","poly13",32,297.561728395062,235.691769547325
"poly13","Trichoblast-m1","#CCCADB","poly13",33,297.664197530864,235.451165980795
"poly13","Trichoblast-m1","#CCCADB","poly13",34,297.7,235.192455418381
"poly13","Trichoblast-m1","#CCCADB","poly13",35,297.7,235.192455418381
"poly13","Trichoblast-m1","#CCCADB","poly13",36,297.637860082304,235.038134430727
"poly13","Trichoblast-m1","#CCCADB","poly13",37,297.521399176955,234.624554183813
"poly13","Trichoblast-m1","#CCCADB","poly13",38,297.355555555556,234.025788751714
"poly13","Trichoblast-m1","#CCCADB","poly13",39,297.145267489712,233.315912208504
"poly13","Trichoblast-m1","#CCCADB","poly13",40,296.895473251029,232.568998628258
"poly13","Trichoblast-m1","#CCCADB","poly13",41,296.611111111111,231.859122085048
"poly13","Trichoblast-m1","#CCCADB","poly13",42,296.297119341564,231.260356652949
"poly13","Trichoblast-m1","#CCCADB","poly13",43,295.958436213992,230.846776406035
"poly13","Trichoblast-m1","#CCCADB","poly13",44,295.6,230.692455418381
"poly14","Trichoblast-m1","#CCCADB","poly14",1,296.3,236.592455418381
"poly14","Trichoblast-m1","#CCCADB","poly14",2,278.6,236.592455418381
"poly14","Trichoblast-m1","#CCCADB","poly14",3,278.6,236.592455418381
"poly14","Trichoblast-m1","#CCCADB","poly14",4,278.533196159122,236.589163237311
"poly14","Trichoblast-m1","#CCCADB","poly14",5,278.465569272977,236.580932784636
"poly14","Trichoblast-m1","#CCCADB","poly14",6,278.396296296296,236.570233196159
"poly14","Trichoblast-m1","#CCCADB","poly14",7,278.324554183814,236.559533607681
"poly14","Trichoblast-m1","#CCCADB","poly14",8,278.249519890261,236.551303155007
"poly14","Trichoblast-m1","#CCCADB","poly14",9,278.17037037037,236.548010973937
"poly14","Trichoblast-m1","#CCCADB","poly14",10,278.086282578875,236.552126200274
"poly14","Trichoblast-m1","#CCCADB","poly14",11,277.996433470508,236.566117969821
"poly14","Trichoblast-m1","#CCCADB","poly14",12,277.9,236.592455418381
"poly14","Trichoblast-m1","#CCCADB","poly14",13,277.9,236.592455418381
"poly14","Trichoblast-m1","#CCCADB","poly14",14,277.377914951989,236.892181069959
"poly14","Trichoblast-m1","#CCCADB","poly14",15,276.997393689986,237.412482853223
"poly14","Trichoblast-m1","#CCCADB","poly14",16,276.737037037037,238.085048010974
"poly14","Trichoblast-m1","#CCCADB","poly14",17,276.575445816187,238.841563786008
"poly14","Trichoblast-m1","#CCCADB","poly14",18,276.49122085048,239.613717421124
"poly14","Trichoblast-m1","#CCCADB","poly14",19,276.462962962963,240.333196159122
"poly14","Trichoblast-m1","#CCCADB","poly14",20,276.46927297668,240.931687242798
"poly14","Trichoblast-m1","#CCCADB","poly14",21,276.488751714678,241.340877914952
"poly14","Trichoblast-m1","#CCCADB","poly14",22,276.5,241.492455418381
"poly14","Trichoblast-m1","#CCCADB","poly14",23,276.5,241.492455418381
"poly14","Trichoblast-m1","#CCCADB","poly14",24,276.5,241.492455418381
"poly14","Trichoblast-m1","#CCCADB","poly14",25,276.532510288066,241.754595336077
"poly14","Trichoblast-m1","#CCCADB","poly14",26,276.626748971193,242.00438957476
"poly14","Trichoblast-m1","#CCCADB","poly14",27,276.777777777778,242.236899862825
"poly14","Trichoblast-m1","#CCCADB","poly14",28,276.980658436214,242.447187928669
"poly14","Trichoblast-m1","#CCCADB","poly14",29,277.230452674897,242.630315500686
"poly14","Trichoblast-m1","#CCCADB","poly14",30,277.522222222222,242.78134430727
"poly14","Trichoblast-m1","#CCCADB","poly14",31,277.851028806584,242.895336076817
"poly14","Trichoblast-m1","#CCCADB","poly14",32,278.211934156379,242.967352537723
"poly14","Trichoblast-m1","#CCCADB","poly14",33,278.6,242.992455418381
"poly14","Trichoblast-m1","#CCCADB","poly14",34,296.3,242.992455418381
"poly14","Trichoblast-m1","#CCCADB","poly14",35,296.3,242.992455418381
"poly14","Trichoblast-m1","#CCCADB","poly14",36,296.661728395062,242.967352537723
"poly14","Trichoblast-m1","#CCCADB","poly14",37,297.008641975309,242.895336076817
"poly14","Trichoblast-m1","#CCCADB","poly14",38,297.333333333333,242.78134430727
"poly14","Trichoblast-m1","#CCCADB","poly14",39,297.628395061728,242.630315500686
"poly14","Trichoblast-m1","#CCCADB","poly14",40,297.886419753086,242.447187928669
"poly14","Trichoblast-m1","#CCCADB","poly14",41,298.1,242.236899862826
"poly14","Trichoblast-m1","#CCCADB","poly14",42,298.261728395062,242.00438957476
"poly14","Trichoblast-m1","#CCCADB","poly14",43,298.364197530864,241.754595336077
"poly14","Trichoblast-m1","#CCCADB","poly14",44,298.4,241.492455418381
"poly14","Trichoblast-m1","#CCCADB","poly14",45,298.4,241.492455418381
"poly14","Trichoblast-m1","#CCCADB","poly14",46,298.337860082305,241.350754458162
"poly14","Trichoblast-m1","#CCCADB","poly14",47,298.221399176955,240.914403292181
"poly14","Trichoblast-m1","#CCCADB","poly14",48,298.055555555556,240.266529492455
"poly14","Trichoblast-m1","#CCCADB","poly14",49,297.845267489712,239.490260631001
"poly14","Trichoblast-m1","#CCCADB","poly14",50,297.595473251029,238.668724279835
"poly14","Trichoblast-m1","#CCCADB","poly14",51,297.311111111111,237.885048010974
"poly14","Trichoblast-m1","#CCCADB","poly14",52,296.997119341564,237.222359396433
"poly14","Trichoblast-m1","#CCCADB","poly14",53,296.658436213992,236.76378600823
"poly14","Trichoblast-m1","#CCCADB","poly14",54,296.3,236.592455418381
"poly15","Trichoblast-m1","#CCCADB","poly15",1,297.2,243.092455418381
"poly15","Trichoblast-m1","#CCCADB","poly15",2,279.5,243.092455418381
"poly15","Trichoblast-m1","#CCCADB","poly15",3,279.5,243.092455418381
"poly15","Trichoblast-m1","#CCCADB","poly15",4,279.138271604938,243.11755829904
"poly15","Trichoblast-m1","#CCCADB","poly15",5,278.791358024691,243.189574759945
"poly15","Trichoblast-m1","#CCCADB","poly15",6,278.466666666667,243.303566529492
"poly15","Trichoblast-m1","#CCCADB","poly15",7,278.171604938272,243.454595336076
"poly15","Trichoblast-m1","#CCCADB","poly15",8,277.913580246914,243.637722908093
"poly15","Trichoblast-m1","#CCCADB","poly15",9,277.7,243.848010973937
"poly15","Trichoblast-m1","#CCCADB","poly15",10,277.538271604938,244.080521262003
"poly15","Trichoblast-m1","#CCCADB","poly15",11,277.435802469136,244.330315500686
"poly15","Trichoblast-m1","#CCCADB","poly15",12,277.4,244.592455418381
"poly15","Trichoblast-m1","#CCCADB","poly15",13,277.4,247.992455418381
"poly15","Trichoblast-m1","#CCCADB","poly15",14,277.4,247.992455418381
"poly15","Trichoblast-m1","#CCCADB","poly15",15,277.432510288066,248.254595336077
"poly15","Trichoblast-m1","#CCCADB","poly15",16,277.526748971193,248.50438957476
"poly15","Trichoblast-m1","#CCCADB","poly15",17,277.677777777778,248.736899862825
"poly15","Trichoblast-m1","#CCCADB","poly15",18,277.880658436214,248.947187928669
"poly15","Trichoblast-m1","#CCCADB","poly15",19,278.130452674897,249.130315500686
"poly15","Trichoblast-m1","#CCCADB","poly15",20,278.422222222222,249.28134430727
"poly15","Trichoblast-m1","#CCCADB","poly15",21,278.751028806584,249.395336076817
"poly15","Trichoblast-m1","#CCCADB","poly15",22,279.111934156379,249.467352537723
"poly15","Trichoblast-m1","#CCCADB","poly15",23,279.5,249.492455418381
"poly15","Trichoblast-m1","#CCCADB","poly15",24,297.2,249.492455418381
"poly15","Trichoblast-m1","#CCCADB","poly15",25,297.2,249.492455418381
"poly15","Trichoblast-m1","#CCCADB","poly15",26,297.561728395062,249.467352537723
"poly15","Trichoblast-m1","#CCCADB","poly15",27,297.908641975309,249.395336076817
"poly15","Trichoblast-m1","#CCCADB","poly15",28,298.233333333333,249.28134430727
"poly15","Trichoblast-m1","#CCCADB","poly15",29,298.528395061728,249.130315500685
"poly15","Trichoblast-m1","#CCCADB","poly15",30,298.786419753086,248.947187928669
"poly15","Trichoblast-m1","#CCCADB","poly15",31,299,248.736899862825
"poly15","Trichoblast-m1","#CCCADB","poly15",32,299.161728395062,248.50438957476
"poly15","Trichoblast-m1","#CCCADB","poly15",33,299.264197530864,248.254595336077
"poly15","Trichoblast-m1","#CCCADB","poly15",34,299.3,247.992455418381
"poly15","Trichoblast-m1","#CCCADB","poly15",35,299.3,247.992455418381
"poly15","Trichoblast-m1","#CCCADB","poly15",36,299.237860082305,247.824417009602
"poly15","Trichoblast-m1","#CCCADB","poly15",37,299.121399176955,247.374074074074
"poly15","Trichoblast-m1","#CCCADB","poly15",38,298.955555555556,246.722085048011
"poly15","Trichoblast-m1","#CCCADB","poly15",39,298.745267489712,245.949108367626
"poly15","Trichoblast-m1","#CCCADB","poly15",40,298.495473251029,245.135802469136
"poly15","Trichoblast-m1","#CCCADB","poly15",41,298.211111111111,244.362825788751
"poly15","Trichoblast-m1","#CCCADB","poly15",42,297.897119341564,243.710836762688
"poly15","Trichoblast-m1","#CCCADB","poly15",43,297.558436213992,243.26049382716
"poly15","Trichoblast-m1","#CCCADB","poly15",44,297.2,243.092455418381
"poly16","Trichoblast-m2","#A2A1BF","poly16",1,297.9,249.492455418381
"poly16","Trichoblast-m2","#A2A1BF","poly16",2,280.2,249.492455418381
"poly16","Trichoblast-m2","#A2A1BF","poly16",3,280.2,249.492455418381
"poly16","Trichoblast-m2","#A2A1BF","poly16",4,279.838271604938,249.51755829904
"poly16","Trichoblast-m2","#A2A1BF","poly16",5,279.491358024691,249.589574759945
"poly16","Trichoblast-m2","#A2A1BF","poly16",6,279.166666666667,249.703566529492
"poly16","Trichoblast-m2","#A2A1BF","poly16",7,278.871604938272,249.854595336076
"poly16","Trichoblast-m2","#A2A1BF","poly16",8,278.613580246914,250.037722908093
"poly16","Trichoblast-m2","#A2A1BF","poly16",9,278.4,250.248010973937
"poly16","Trichoblast-m2","#A2A1BF","poly16",10,278.238271604938,250.480521262002
"poly16","Trichoblast-m2","#A2A1BF","poly16",11,278.135802469136,250.730315500686
"poly16","Trichoblast-m2","#A2A1BF","poly16",12,278.1,250.992455418381
"poly16","Trichoblast-m2","#A2A1BF","poly16",13,278.1,254.392455418381
"poly16","Trichoblast-m2","#A2A1BF","poly16",14,278.1,254.392455418381
"poly16","Trichoblast-m2","#A2A1BF","poly16",15,278.132510288066,254.654595336077
"poly16","Trichoblast-m2","#A2A1BF","poly16",16,278.226748971193,254.904389574759
"poly16","Trichoblast-m2","#A2A1BF","poly16",17,278.377777777778,255.136899862825
"poly16","Trichoblast-m2","#A2A1BF","poly16",18,278.580658436214,255.347187928669
"poly16","Trichoblast-m2","#A2A1BF","poly16",19,278.830452674897,255.530315500685
"poly16","Trichoblast-m2","#A2A1BF","poly16",20,279.122222222222,255.68134430727
"poly16","Trichoblast-m2","#A2A1BF","poly16",21,279.451028806584,255.795336076817
"poly16","Trichoblast-m2","#A2A1BF","poly16",22,279.811934156379,255.867352537723
"poly16","Trichoblast-m2","#A2A1BF","poly16",23,280.2,255.892455418381
"poly16","Trichoblast-m2","#A2A1BF","poly16",24,297.9,255.892455418381
"poly16","Trichoblast-m2","#A2A1BF","poly16",25,297.9,255.892455418381
"poly16","Trichoblast-m2","#A2A1BF","poly16",26,298.261728395062,255.867352537723
"poly16","Trichoblast-m2","#A2A1BF","poly16",27,298.608641975309,255.795336076817
"poly16","Trichoblast-m2","#A2A1BF","poly16",28,298.933333333333,255.68134430727
"poly16","Trichoblast-m2","#A2A1BF","poly16",29,299.228395061728,255.530315500685
"poly16","Trichoblast-m2","#A2A1BF","poly16",30,299.486419753086,255.347187928669
"poly16","Trichoblast-m2","#A2A1BF","poly16",31,299.7,255.136899862825
"poly16","Trichoblast-m2","#A2A1BF","poly16",32,299.861728395062,254.904389574759
"poly16","Trichoblast-m2","#A2A1BF","poly16",33,299.964197530864,254.654595336076
"poly16","Trichoblast-m2","#A2A1BF","poly16",34,300,254.392455418381
"poly16","Trichoblast-m2","#A2A1BF","poly16",35,300,254.392455418381
"poly16","Trichoblast-m2","#A2A1BF","poly16",36,299.967489711934,254.224417009602
"poly16","Trichoblast-m2","#A2A1BF","poly16",37,299.873251028807,253.774074074074
"poly16","Trichoblast-m2","#A2A1BF","poly16",38,299.722222222222,253.122085048011
"poly16","Trichoblast-m2","#A2A1BF","poly16",39,299.519341563786,252.349108367626
"poly16","Trichoblast-m2","#A2A1BF","poly16",40,299.269547325103,251.535802469136
"poly16","Trichoblast-m2","#A2A1BF","poly16",41,298.977777777778,250.762825788751
"poly16","Trichoblast-m2","#A2A1BF","poly16",42,298.648971193416,250.110836762688
"poly16","Trichoblast-m2","#A2A1BF","poly16",43,298.288065843621,249.66049382716
"poly16","Trichoblast-m2","#A2A1BF","poly16",44,297.9,249.492455418381
"poly17","Atrichoblast-m1","#FFFFFF","poly17",1,271.9,235.292455418381
"poly17","Atrichoblast-m1","#FFFFFF","poly17",2,256.2,235.292455418381
"poly17","Atrichoblast-m1","#FFFFFF","poly17",3,256.2,235.292455418381
"poly17","Atrichoblast-m1","#FFFFFF","poly17",4,256.574485596708,235.325377229081
"poly17","Atrichoblast-m1","#FFFFFF","poly17",5,256.781069958848,235.303978052126
"poly17","Atrichoblast-m1","#FFFFFF","poly17",6,256.844444444444,235.248010973936
"poly17","Atrichoblast-m1","#FFFFFF","poly17",7,256.789300411523,235.177229080932
"poly17","Atrichoblast-m1","#FFFFFF","poly17",8,256.640329218107,235.111385459533
"poly17","Atrichoblast-m1","#FFFFFF","poly17",9,256.422222222222,235.070233196159
"poly17","Atrichoblast-m1","#FFFFFF","poly17",10,256.159670781893,235.073525377229
"poly17","Atrichoblast-m1","#FFFFFF","poly17",11,255.877366255144,235.141015089163
"poly17","Atrichoblast-m1","#FFFFFF","poly17",12,255.6,235.292455418381
"poly17","Atrichoblast-m1","#FFFFFF","poly17",13,255.6,235.292455418381
"poly17","Atrichoblast-m1","#FFFFFF","poly17",14,255.365294924554,235.494924554184
"poly17","Atrichoblast-m1","#FFFFFF","poly17",15,255.1890260631,235.764060356652
"poly17","Atrichoblast-m1","#FFFFFF","poly17",16,255.062962962963,236.092455418381
"poly17","Atrichoblast-m1","#FFFFFF","poly17",17,254.978875171468,236.472702331961
"poly17","Atrichoblast-m1","#FFFFFF","poly17",18,254.92853223594,236.897393689986
"poly17","Atrichoblast-m1","#FFFFFF","poly17",19,254.903703703704,237.359122085048
"poly17","Atrichoblast-m1","#FFFFFF","poly17",20,254.896159122085,237.850480109739
"poly17","Atrichoblast-m1","#FFFFFF","poly17",21,254.897668038409,238.364060356653
"poly17","Atrichoblast-m1","#FFFFFF","poly17",22,254.9,238.892455418381
"poly17","Atrichoblast-m1","#FFFFFF","poly17",23,254.9,238.892455418381
"poly17","Atrichoblast-m1","#FFFFFF","poly17",24,254.934430727023,239.391083676269
"poly17","Atrichoblast-m1","#FFFFFF","poly17",25,254.975445816187,239.881481481481
"poly17","Atrichoblast-m1","#FFFFFF","poly17",26,255.02962962963,240.355418381344
"poly17","Atrichoblast-m1","#FFFFFF","poly17",27,255.103566529492,240.804663923182
"poly17","Atrichoblast-m1","#FFFFFF","poly17",28,255.203840877915,241.220987654321
"poly17","Atrichoblast-m1","#FFFFFF","poly17",29,255.337037037037,241.596159122085
"poly17","Atrichoblast-m1","#FFFFFF","poly17",30,255.509739368999,241.921947873799
"poly17","Atrichoblast-m1","#FFFFFF","poly17",31,255.72853223594,242.19012345679
"poly17","Atrichoblast-m1","#FFFFFF","poly17",32,256,242.392455418381
"poly17","Atrichoblast-m1","#FFFFFF","poly17",33,256,242.392455418381
"poly17","Atrichoblast-m1","#FFFFFF","poly17",34,256.236351165981,242.497530864197
"poly17","Atrichoblast-m1","#FFFFFF","poly17",35,256.475994513032,242.551577503429
"poly17","Atrichoblast-m1","#FFFFFF","poly17",36,256.714814814815,242.562825788751
"poly17","Atrichoblast-m1","#FFFFFF","poly17",37,256.948696844993,242.539506172839
"poly17","Atrichoblast-m1","#FFFFFF","poly17",38,257.173525377229,242.489849108367
"poly17","Atrichoblast-m1","#FFFFFF","poly17",39,257.385185185185,242.422085048011
"poly17","Atrichoblast-m1","#FFFFFF","poly17",40,257.579561042524,242.344444444444
"poly17","Atrichoblast-m1","#FFFFFF","poly17",41,257.752537722908,242.265157750343
"poly17","Atrichoblast-m1","#FFFFFF","poly17",42,257.9,242.192455418381
"poly17","Atrichoblast-m1","#FFFFFF","poly17",43,257.9,242.192455418381
"poly17","Atrichoblast-m1","#FFFFFF","poly17",44,259.636762688615,242.192455418381
"poly17","Atrichoblast-m1","#FFFFFF","poly17",45,261.379286694101,242.192455418381
"poly17","Atrichoblast-m1","#FFFFFF","poly17",46,263.125925925926,242.192455418381
"poly17","Atrichoblast-m1","#FFFFFF","poly17",47,264.875034293553,242.192455418381
"poly17","Atrichoblast-m1","#FFFFFF","poly17",48,266.624965706447,242.192455418381
"poly17","Atrichoblast-m1","#FFFFFF","poly17",49,268.374074074074,242.192455418381
"poly17","Atrichoblast-m1","#FFFFFF","poly17",50,270.120713305898,242.192455418381
"poly17","Atrichoblast-m1","#FFFFFF","poly17",51,271.863237311385,242.192455418381
"poly17","Atrichoblast-m1","#FFFFFF","poly17",52,273.6,242.192455418381
"poly17","Atrichoblast-m1","#FFFFFF","poly17",53,273.6,242.192455418381
"poly17","Atrichoblast-m1","#FFFFFF","poly17",54,274.035939643347,242.440054869684
"poly17","Atrichoblast-m1","#FFFFFF","poly17",55,274.472702331962,242.64732510288
"poly17","Atrichoblast-m1","#FFFFFF","poly17",56,274.903703703704,242.810973936899
"poly17","Atrichoblast-m1","#FFFFFF","poly17",57,275.322359396433,242.927709190672
"poly17","Atrichoblast-m1","#FFFFFF","poly17",58,275.722085048011,242.994238683127
"poly17","Atrichoblast-m1","#FFFFFF","poly17",59,276.096296296296,243.007270233196
"poly17","Atrichoblast-m1","#FFFFFF","poly17",60,276.438408779149,242.963511659808
"poly17","Atrichoblast-m1","#FFFFFF","poly17",61,276.741838134431,242.859670781893
"poly17","Atrichoblast-m1","#FFFFFF","poly17",62,277,242.692455418381
"poly17","Atrichoblast-m1","#FFFFFF","poly17",63,277,242.692455418381
"poly17","Atrichoblast-m1","#FFFFFF","poly17",64,277.302743484225,242.340192043895
"poly17","Atrichoblast-m1","#FFFFFF","poly17",65,277.488614540466,241.896570644718
"poly17","Atrichoblast-m1","#FFFFFF","poly17",66,277.574074074074,241.38134430727
"poly17","Atrichoblast-m1","#FFFFFF","poly17",67,277.575582990398,240.814266117969
"poly17","Atrichoblast-m1","#FFFFFF","poly17",68,277.509602194787,240.215089163237
"poly17","Atrichoblast-m1","#FFFFFF","poly17",69,277.392592592593,239.603566529492
"poly17","Atrichoblast-m1","#FFFFFF","poly17",70,277.241015089163,238.999451303155
"poly17","Atrichoblast-m1","#FFFFFF","poly17",71,277.071330589849,238.422496570644
"poly17","Atrichoblast-m1","#FFFFFF","poly17",72,276.9,237.892455418381
"poly17","Atrichoblast-m1","#FFFFFF","poly17",73,276.9,237.892455418381
"poly17","Atrichoblast-m1","#FFFFFF","poly17",74,276.788614540466,237.526200274348
"poly17","Atrichoblast-m1","#FFFFFF","poly17",75,276.653360768176,237.110562414266
"poly17","Atrichoblast-m1","#FFFFFF","poly17",76,276.492592592593,236.670233196159
"poly17","Atrichoblast-m1","#FFFFFF","poly17",77,276.304663923182,236.229903978052
"poly17","Atrichoblast-m1","#FFFFFF","poly17",78,276.08792866941,235.814266117969
"poly17","Atrichoblast-m1","#FFFFFF","poly17",79,275.840740740741,235.448010973937
"poly17","Atrichoblast-m1","#FFFFFF","poly17",80,275.561454046639,235.155829903978
"poly17","Atrichoblast-m1","#FFFFFF","poly17",81,275.248422496571,234.962414266118
"poly17","Atrichoblast-m1","#FFFFFF","poly17",82,274.9,234.892455418381
"poly17","Atrichoblast-m1","#FFFFFF","poly17",83,274.9,234.892455418381
"poly17","Atrichoblast-m1","#FFFFFF","poly17",84,274.731275720164,234.850205761317
"poly17","Atrichoblast-m1","#FFFFFF","poly17",85,274.550205761317,234.850754458162
"poly17","Atrichoblast-m1","#FFFFFF","poly17",86,274.344444444444,234.885048010974
"poly17","Atrichoblast-m1","#FFFFFF","poly17",87,274.101646090535,234.94403292181
"poly17","Atrichoblast-m1","#FFFFFF","poly17",88,273.809465020576,235.018655692729
"poly17","Atrichoblast-m1","#FFFFFF","poly17",89,273.455555555556,235.099862825788
"poly17","Atrichoblast-m1","#FFFFFF","poly17",90,273.027572016461,235.178600823045
"poly17","Atrichoblast-m1","#FFFFFF","poly17",91,272.51316872428,235.245816186557
"poly17","Atrichoblast-m1","#FFFFFF","poly17",92,271.9,235.292455418381
"poly18","Atrichoblast-m1","#FFFFFF","poly18",1,271.4,242.092455418381
"poly18","Atrichoblast-m1","#FFFFFF","poly18",2,271.4,242.092455418381
"poly18","Atrichoblast-m1","#FFFFFF","poly18",3,269.903429355281,242.092455418381
"poly18","Atrichoblast-m1","#FFFFFF","poly18",4,268.412620027435,242.092455418381
"poly18","Atrichoblast-m1","#FFFFFF","poly18",5,266.925925925926,242.092455418381
"poly18","Atrichoblast-m1","#FFFFFF","poly18",6,265.441700960219,242.092455418381
"poly18","Atrichoblast-m1","#FFFFFF","poly18",7,263.958299039781,242.092455418381
"poly18","Atrichoblast-m1","#FFFFFF","poly18",8,262.474074074074,242.092455418381
"poly18","Atrichoblast-m1","#FFFFFF","poly18",9,260.987379972565,242.092455418381
"poly18","Atrichoblast-m1","#FFFFFF","poly18",10,259.496570644719,242.092455418381
"poly18","Atrichoblast-m1","#FFFFFF","poly18",11,258,242.092455418381
"poly18","Atrichoblast-m1","#FFFFFF","poly18",12,258,242.092455418381
"poly18","Atrichoblast-m1","#FFFFFF","poly18",13,257.699862825789,242.125788751714
"poly18","Atrichoblast-m1","#FFFFFF","poly18",14,257.39890260631,242.159122085048
"poly18","Atrichoblast-m1","#FFFFFF","poly18",15,257.096296296296,242.192455418381
"poly18","Atrichoblast-m1","#FFFFFF","poly18",16,256.79122085048,242.225788751714
"poly18","Atrichoblast-m1","#FFFFFF","poly18",17,256.482853223594,242.259122085048
"poly18","Atrichoblast-m1","#FFFFFF","poly18",18,256.17037037037,242.292455418381
"poly18","Atrichoblast-m1","#FFFFFF","poly18",19,255.852949245542,242.325788751714
"poly18","Atrichoblast-m1","#FFFFFF","poly18",20,255.529766803841,242.359122085048
"poly18","Atrichoblast-m1","#FFFFFF","poly18",21,255.2,242.392455418381
"poly18","Atrichoblast-m1","#FFFFFF","poly18",22,255.2,242.392455418381
"poly18","Atrichoblast-m1","#FFFFFF","poly18",23,255.137037037037,242.636899862826
"poly18","Atrichoblast-m1","#FFFFFF","poly18",24,255.081481481481,242.903566529492
"poly18","Atrichoblast-m1","#FFFFFF","poly18",25,255.033333333333,243.192455418381
"poly18","Atrichoblast-m1","#FFFFFF","poly18",26,254.992592592593,243.503566529492
"poly18","Atrichoblast-m1","#FFFFFF","poly18",27,254.959259259259,243.836899862825
"poly18","Atrichoblast-m1","#FFFFFF","poly18",28,254.933333333333,244.192455418381
"poly18","Atrichoblast-m1","#FFFFFF","poly18",29,254.914814814815,244.570233196159
"poly18","Atrichoblast-m1","#FFFFFF","poly18",30,254.903703703704,244.970233196159
"poly18","Atrichoblast-m1","#FFFFFF","poly18",31,254.9,245.392455418381
"poly18","Atrichoblast-m1","#FFFFFF","poly18",32,254.9,245.392455418381
"poly18","Atrichoblast-m1","#FFFFFF","poly18",33,254.931001371742,245.854458161865
"poly18","Atrichoblast-m1","#FFFFFF","poly18",34,254.962825788752,246.30329218107
"poly18","Atrichoblast-m1","#FFFFFF","poly18",35,255.003703703704,246.733196159122
"poly18","Atrichoblast-m1","#FFFFFF","poly18",36,255.061865569273,247.138408779149
"poly18","Atrichoblast-m1","#FFFFFF","poly18",37,255.145541838134,247.51316872428
"poly18","Atrichoblast-m1","#FFFFFF","poly18",38,255.262962962963,247.85171467764
"poly18","Atrichoblast-m1","#FFFFFF","poly18",39,255.422359396433,248.148285322359
"poly18","Atrichoblast-m1","#FFFFFF","poly18",40,255.631961591221,248.397119341563
"poly18","Atrichoblast-m1","#FFFFFF","poly18",41,255.9,248.592455418381
"poly18","Atrichoblast-m1","#FFFFFF","poly18",42,255.9,248.592455418381
"poly18","Atrichoblast-m1","#FFFFFF","poly18",43,256.139780521262,248.70438957476
"poly18","Atrichoblast-m1","#FFFFFF","poly18",44,256.388614540466,248.776817558299
"poly18","Atrichoblast-m1","#FFFFFF","poly18",45,256.640740740741,248.814677640603
"poly18","Atrichoblast-m1","#FFFFFF","poly18",46,256.890397805213,248.822908093278
"poly18","Atrichoblast-m1","#FFFFFF","poly18",47,257.13182441701,248.806447187928
"poly18","Atrichoblast-m1","#FFFFFF","poly18",48,257.359259259259,248.770233196159
"poly18","Atrichoblast-m1","#FFFFFF","poly18",49,257.566941015089,248.719204389575
"poly18","Atrichoblast-m1","#FFFFFF","poly18",50,257.749108367627,248.65829903978
"poly18","Atrichoblast-m1","#FFFFFF","poly18",51,257.9,248.592455418381
"poly18","Atrichoblast-m1","#FFFFFF","poly18",52,257.9,248.592455418381
"poly18","Atrichoblast-m1","#FFFFFF","poly18",53,259.703429355281,248.592455418381
"poly18","Atrichoblast-m1","#FFFFFF","poly18",54,261.512620027435,248.592455418381
"poly18","Atrichoblast-m1","#FFFFFF","poly18",55,263.325925925926,248.592455418381
"poly18","Atrichoblast-m1","#FFFFFF","poly18",56,265.141700960219,248.592455418381
"poly18","Atrichoblast-m1","#FFFFFF","poly18",57,266.95829903978,248.592455418381
"poly18","Atrichoblast-m1","#FFFFFF","poly18",58,268.774074074074,248.592455418381
"poly18","Atrichoblast-m1","#FFFFFF","poly18",59,270.587379972565,248.592455418381
"poly18","Atrichoblast-m1","#FFFFFF","poly18",60,272.396570644719,248.592455418381
"poly18","Atrichoblast-m1","#FFFFFF","poly18",61,274.2,248.592455418381
"poly18","Atrichoblast-m1","#FFFFFF","poly18",62,274.2,248.592455418381
"poly18","Atrichoblast-m1","#FFFFFF","poly18",63,274.335802469136,248.535390946502
"poly18","Atrichoblast-m1","#FFFFFF","poly18",64,274.59012345679,248.424828532236
"poly18","Atrichoblast-m1","#FFFFFF","poly18",65,274.933333333333,248.25171467764
"poly18","Atrichoblast-m1","#FFFFFF","poly18",66,275.335802469136,248.006995884773
"poly18","Atrichoblast-m1","#FFFFFF","poly18",67,275.767901234568,247.681618655692
"poly18","Atrichoblast-m1","#FFFFFF","poly18",68,276.2,247.266529492455
"poly18","Atrichoblast-m1","#FFFFFF","poly18",69,276.602469135802,246.752674897119
"poly18","Atrichoblast-m1","#FFFFFF","poly18",70,276.945679012346,246.131001371742
"poly18","Atrichoblast-m1","#FFFFFF","poly18",71,277.2,245.392455418381
"poly18","Atrichoblast-m1","#FFFFFF","poly18",72,277.2,245.392455418381
"poly18","Atrichoblast-m1","#FFFFFF","poly18",73,277.397942386831,244.642386831275
"poly18","Atrichoblast-m1","#FFFFFF","poly18",74,277.531687242798,243.932647462277
"poly18","Atrichoblast-m1","#FFFFFF","poly18",75,277.611111111111,243.273936899862
"poly18","Atrichoblast-m1","#FFFFFF","poly18",76,277.646090534979,242.67695473251
"poly18","Atrichoblast-m1","#FFFFFF","poly18",77,277.646502057613,242.152400548696
"poly18","Atrichoblast-m1","#FFFFFF","poly18",78,277.622222222222,241.7109739369
"poly18","Atrichoblast-m1","#FFFFFF","poly18",79,277.583127572016,241.363374485596
"poly18","Atrichoblast-m1","#FFFFFF","poly18",80,277.539094650206,241.120301783264
"poly18","Atrichoblast-m1","#FFFFFF","poly18",81,277.5,240.992455418381
"poly18","Atrichoblast-m1","#FFFFFF","poly18",82,277.5,240.992455418381
"poly18","Atrichoblast-m1","#FFFFFF","poly18",83,276.925377229081,241.096021947874
"poly18","Atrichoblast-m1","#FFFFFF","poly18",84,276.280795610425,241.206172839506
"poly18","Atrichoblast-m1","#FFFFFF","poly18",85,275.585185185185,241.322085048011
"poly18","Atrichoblast-m1","#FFFFFF","poly18",86,274.857475994513,241.44293552812
"poly18","Atrichoblast-m1","#FFFFFF","poly18",87,274.116598079561,241.567901234568
"poly18","Atrichoblast-m1","#FFFFFF","poly18",88,273.381481481481,241.696159122085
"poly18","Atrichoblast-m1","#FFFFFF","poly18",89,272.671056241427,241.826886145404
"poly18","Atrichoblast-m1","#FFFFFF","poly18",90,272.004252400549,241.959259259259
"poly18","Atrichoblast-m1","#FFFFFF","poly18",91,271.4,242.092455418381
"poly19","Atrichoblast-m2","#DBD3D2","poly19",1,272.6,247.792455418381
"poly19","Atrichoblast-m2","#DBD3D2","poly19",2,272.6,247.792455418381
"poly19","Atrichoblast-m2","#DBD3D2","poly19",3,271.392866941015,247.878189300411
"poly19","Atrichoblast-m2","#DBD3D2","poly19",4,270.239231824417,247.937585733882
"poly19","Atrichoblast-m2","#DBD3D2","poly19",5,269.140740740741,247.973936899862
"poly19","Atrichoblast-m2","#DBD3D2","poly19",6,268.099039780521,247.990534979424
"poly19","Atrichoblast-m2","#DBD3D2","poly19",7,267.115775034294,247.990672153635
"poly19","Atrichoblast-m2","#DBD3D2","poly19",8,266.192592592593,247.977640603566
"poly19","Atrichoblast-m2","#DBD3D2","poly19",9,265.331138545953,247.954732510288
"poly19","Atrichoblast-m2","#DBD3D2","poly19",10,264.533058984911,247.925240054869
"poly19","Atrichoblast-m2","#DBD3D2","poly19",11,263.8,247.892455418381
"poly19","Atrichoblast-m2","#DBD3D2","poly19",12,263.8,247.892455418381
"poly19","Atrichoblast-m2","#DBD3D2","poly19",13,262.230315500686,247.78134430727
"poly19","Atrichoblast-m2","#DBD3D2","poly19",14,260.790672153635,247.662825788751
"poly19","Atrichoblast-m2","#DBD3D2","poly19",15,259.485185185185,247.559122085048
"poly19","Atrichoblast-m2","#DBD3D2","poly19",16,258.317969821674,247.492455418381
"poly19","Atrichoblast-m2","#DBD3D2","poly19",17,257.293141289438,247.485048010974
"poly19","Atrichoblast-m2","#DBD3D2","poly19",18,256.414814814815,247.559122085048
"poly19","Atrichoblast-m2","#DBD3D2","poly19",19,255.687105624143,247.736899862825
"poly19","Atrichoblast-m2","#DBD3D2","poly19",20,255.114128943759,248.040603566529
"poly19","Atrichoblast-m2","#DBD3D2","poly19",21,254.7,248.492455418381
"poly19","Atrichoblast-m2","#DBD3D2","poly19",22,254.7,248.492455418381
"poly19","Atrichoblast-m2","#DBD3D2","poly19",23,254.558161865569,248.773251028806
"poly19","Atrichoblast-m2","#DBD3D2","poly19",24,254.46159122085,249.079561042524
"poly19","Atrichoblast-m2","#DBD3D2","poly19",25,254.403703703704,249.407270233196
"poly19","Atrichoblast-m2","#DBD3D2","poly19",26,254.377914951989,249.752263374485
"poly19","Atrichoblast-m2","#DBD3D2","poly19",27,254.377640603567,250.110425240054
"poly19","Atrichoblast-m2","#DBD3D2","poly19",28,254.396296296296,250.477640603566
"poly19","Atrichoblast-m2","#DBD3D2","poly19",29,254.427297668038,250.849794238683
"poly19","Atrichoblast-m2","#DBD3D2","poly19",30,254.464060356653,251.222770919067
"poly19","Atrichoblast-m2","#DBD3D2","poly19",31,254.5,251.592455418381
"poly19","Atrichoblast-m2","#DBD3D2","poly19",32,254.5,251.592455418381
"poly19","Atrichoblast-m2","#DBD3D2","poly19",33,254.577229080933,252.047873799725
"poly19","Atrichoblast-m2","#DBD3D2","poly19",34,254.673388203018,252.48024691358
"poly19","Atrichoblast-m2","#DBD3D2","poly19",35,254.785185185185,252.888751714677
"poly19","Atrichoblast-m2","#DBD3D2","poly19",36,254.909327846365,253.27256515775
"poly19","Atrichoblast-m2","#DBD3D2","poly19",37,255.042524005487,253.63086419753
"poly19","Atrichoblast-m2","#DBD3D2","poly19",38,255.181481481481,253.962825788751
"poly19","Atrichoblast-m2","#DBD3D2","poly19",39,255.322908093278,254.267626886145
"poly19","Atrichoblast-m2","#DBD3D2","poly19",40,255.463511659808,254.544444444444
"poly19","Atrichoblast-m2","#DBD3D2","poly19",41,255.6,254.792455418381
"poly19","Atrichoblast-m2","#DBD3D2","poly19",42,255.6,254.792455418381
"poly19","Atrichoblast-m2","#DBD3D2","poly19",43,257.763237311385,254.792592592592
"poly19","Atrichoblast-m2","#DBD3D2","poly19",44,259.920713305899,254.793552812071
"poly19","Atrichoblast-m2","#DBD3D2","poly19",45,262.074074074074,254.796159122085
"poly19","Atrichoblast-m2","#DBD3D2","poly19",46,264.224965706447,254.801234567901
"poly19","Atrichoblast-m2","#DBD3D2","poly19",47,266.375034293553,254.809602194787
"poly19","Atrichoblast-m2","#DBD3D2","poly19",48,268.525925925926,254.822085048011
"poly19","Atrichoblast-m2","#DBD3D2","poly19",49,270.679286694102,254.839506172839
"poly19","Atrichoblast-m2","#DBD3D2","poly19",50,272.836762688614,254.86268861454
"poly19","Atrichoblast-m2","#DBD3D2","poly19",51,275,254.892455418381
"poly19","Atrichoblast-m2","#DBD3D2","poly19",52,275,254.892455418381
"poly19","Atrichoblast-m2","#DBD3D2","poly19",53,275.146364883402,254.962139917695
"poly19","Atrichoblast-m2","#DBD3D2","poly19",54,275.430178326475,255.086968449931
"poly19","Atrichoblast-m2","#DBD3D2","poly19",55,275.818518518519,255.240603566529
"poly19","Atrichoblast-m2","#DBD3D2","poly19",56,276.278463648834,255.39670781893
"poly19","Atrichoblast-m2","#DBD3D2","poly19",57,276.777091906722,255.528943758573
"poly19","Atrichoblast-m2","#DBD3D2","poly19",58,277.281481481481,255.6109739369
"poly19","Atrichoblast-m2","#DBD3D2","poly19",59,277.758710562414,255.61646090535
"poly19","Atrichoblast-m2","#DBD3D2","poly19",60,278.17585733882,255.519067215363
"poly19","Atrichoblast-m2","#DBD3D2","poly19",61,278.5,255.292455418381
"poly19","Atrichoblast-m2","#DBD3D2","poly19",62,278.5,255.292455418381
"poly19","Atrichoblast-m2","#DBD3D2","poly19",63,278.588477366255,255.155829903978
"poly19","Atrichoblast-m2","#DBD3D2","poly19",64,278.652263374486,254.999451303155
"poly19","Atrichoblast-m2","#DBD3D2","poly19",65,278.688888888889,254.803566529492
"poly19","Atrichoblast-m2","#DBD3D2","poly19",66,278.695884773663,254.54842249657
"poly19","Atrichoblast-m2","#DBD3D2","poly19",67,278.670781893004,254.21426611797
"poly19","Atrichoblast-m2","#DBD3D2","poly19",68,278.611111111111,253.78134430727
"poly19","Atrichoblast-m2","#DBD3D2","poly19",69,278.514403292181,253.229903978052
"poly19","Atrichoblast-m2","#DBD3D2","poly19",70,278.378189300412,252.540192043896
"poly19","Atrichoblast-m2","#DBD3D2","poly19",71,278.2,251.692455418381
"poly19","Atrichoblast-m2","#DBD3D2","poly19",72,278.2,251.692455418381
"poly19","Atrichoblast-m2","#DBD3D2","poly19",73,277.954320987654,250.547187928669
"poly19","Atrichoblast-m2","#DBD3D2","poly19",74,277.745679012346,249.626611796982
"poly19","Atrichoblast-m2","#DBD3D2","poly19",75,277.566666666667,248.903566529492
"poly19","Atrichoblast-m2","#DBD3D2","poly19",76,277.40987654321,248.350891632373
"poly19","Atrichoblast-m2","#DBD3D2","poly19",77,277.267901234568,247.941426611797
"poly19","Atrichoblast-m2","#DBD3D2","poly19",78,277.133333333333,247.648010973937
"poly19","Atrichoblast-m2","#DBD3D2","poly19",79,276.998765432099,247.443484224965
"poly19","Atrichoblast-m2","#DBD3D2","poly19",80,276.856790123457,247.300685871056
"poly19","Atrichoblast-m2","#DBD3D2","poly19",81,276.7,247.192455418381
"poly19","Atrichoblast-m2","#DBD3D2","poly19",82,276.7,247.192455418381
"poly19","Atrichoblast-m2","#DBD3D2","poly19",83,276.207133058985,246.966117969821
"poly19","Atrichoblast-m2","#DBD3D2","poly19",84,275.675582990398,246.870644718792
"poly19","Atrichoblast-m2","#DBD3D2","poly19",85,275.125925925926,246.88134430727
"poly19","Atrichoblast-m2","#DBD3D2","poly19",86,274.578737997257,246.973525377229
"poly19","Atrichoblast-m2","#DBD3D2","poly19",87,274.054595336077,247.122496570644
"poly19","Atrichoblast-m2","#DBD3D2","poly19",88,273.574074074074,247.303566529492
"poly19","Atrichoblast-m2","#DBD3D2","poly19",89,273.157750342936,247.492043895747
"poly19","Atrichoblast-m2","#DBD3D2","poly19",90,272.826200274348,247.663237311385
"poly19","Atrichoblast-m2","#DBD3D2","poly19",91,272.6,247.792455418381
"poly20","Atrichoblast-m2","#DBD3D2","poly20",1,258.5,254.692455418381
"poly20","Atrichoblast-m2","#DBD3D2","poly20",2,276.5,254.692455418381
"poly20","Atrichoblast-m2","#DBD3D2","poly20",3,276.5,254.692455418381
"poly20","Atrichoblast-m2","#DBD3D2","poly20",4,277.216598079561,254.75720164609
"poly20","Atrichoblast-m2","#DBD3D2","poly20",5,277.892043895748,254.943758573388
"poly20","Atrichoblast-m2","#DBD3D2","poly20",6,278.514814814815,255.240603566529
"poly20","Atrichoblast-m2","#DBD3D2","poly20",7,279.073388203018,255.636213991769
"poly20","Atrichoblast-m2","#DBD3D2","poly20",8,279.556241426612,256.119067215363
"poly20","Atrichoblast-m2","#DBD3D2","poly20",9,279.951851851852,256.677640603566
"poly20","Atrichoblast-m2","#DBD3D2","poly20",10,280.248696844993,257.300411522634
"poly20","Atrichoblast-m2","#DBD3D2","poly20",11,280.435253772291,257.97585733882
"poly20","Atrichoblast-m2","#DBD3D2","poly20",12,280.5,258.692455418381
"poly20","Atrichoblast-m2","#DBD3D2","poly20",13,280.5,258.692455418381
"poly20","Atrichoblast-m2","#DBD3D2","poly20",14,280.435253772291,259.409053497942
"poly20","Atrichoblast-m2","#DBD3D2","poly20",15,280.248696844993,260.084499314129
"poly20","Atrichoblast-m2","#DBD3D2","poly20",16,279.951851851852,260.707270233196
"poly20","Atrichoblast-m2","#DBD3D2","poly20",17,279.556241426612,261.265843621399
"poly20","Atrichoblast-m2","#DBD3D2","poly20",18,279.073388203018,261.748696844993
"poly20","Atrichoblast-m2","#DBD3D2","poly20",19,278.514814814815,262.144307270233
"poly20","Atrichoblast-m2","#DBD3D2","poly20",20,277.892043895748,262.441152263374
"poly20","Atrichoblast-m2","#DBD3D2","poly20",21,277.216598079561,262.627709190672
"poly20","Atrichoblast-m2","#DBD3D2","poly20",22,276.5,262.692455418381
"poly20","Atrichoblast-m2","#DBD3D2","poly20",23,258.5,262.692455418381
"poly20","Atrichoblast-m2","#DBD3D2","poly20",24,258.5,262.692455418381
"poly20","Atrichoblast-m2","#DBD3D2","poly20",25,258.129903978052,262.592455418381
"poly20","Atrichoblast-m2","#DBD3D2","poly20",26,257.754046639232,262.492455418381
"poly20","Atrichoblast-m2","#DBD3D2","poly20",27,257.374074074074,262.392455418381
"poly20","Atrichoblast-m2","#DBD3D2","poly20",28,256.991632373114,262.292455418381
"poly20","Atrichoblast-m2","#DBD3D2","poly20",29,256.608367626886,262.192455418381
"poly20","Atrichoblast-m2","#DBD3D2","poly20",30,256.225925925926,262.092455418381
"poly20","Atrichoblast-m2","#DBD3D2","poly20",31,255.845953360768,261.992455418381
"poly20","Atrichoblast-m2","#DBD3D2","poly20",32,255.470096021948,261.892455418381
"poly20","Atrichoblast-m2","#DBD3D2","poly20",33,255.1,261.792455418381
"poly20","Atrichoblast-m2","#DBD3D2","poly20",34,255.1,261.792455418381
"poly20","Atrichoblast-m2","#DBD3D2","poly20",35,254.643072702332,260.795198902606
"poly20","Atrichoblast-m2","#DBD3D2","poly20",36,254.333470507545,259.814403292181
"poly20","Atrichoblast-m2","#DBD3D2","poly20",37,254.162962962963,258.866529492455
"poly20","Atrichoblast-m2","#DBD3D2","poly20",38,254.123319615912,257.968038408779
"poly20","Atrichoblast-m2","#DBD3D2","poly20",39,254.206310013717,257.135390946502
"poly20","Atrichoblast-m2","#DBD3D2","poly20",40,254.403703703704,256.385048010974
"poly20","Atrichoblast-m2","#DBD3D2","poly20",41,254.707270233196,255.733470507544
"poly20","Atrichoblast-m2","#DBD3D2","poly20",42,255.10877914952,255.197119341564
"poly20","Atrichoblast-m2","#DBD3D2","poly20",43,255.6,254.792455418381
"poly20","Atrichoblast-m2","#DBD3D2","poly20",44,255.6,254.792455418381
"poly20","Atrichoblast-m2","#DBD3D2","poly20",45,255.943072702332,254.624417009602
"poly20","Atrichoblast-m2","#DBD3D2","poly20",46,256.300137174211,254.514814814815
"poly20","Atrichoblast-m2","#DBD3D2","poly20",47,256.662962962963,254.455418381344
"poly20","Atrichoblast-m2","#DBD3D2","poly20",48,257.023319615912,254.437997256516
"poly20","Atrichoblast-m2","#DBD3D2","poly20",49,257.372976680384,254.454320987654
"poly20","Atrichoblast-m2","#DBD3D2","poly20",50,257.703703703704,254.496159122085
"poly20","Atrichoblast-m2","#DBD3D2","poly20",51,258.007270233196,254.555281207133
"poly20","Atrichoblast-m2","#DBD3D2","poly20",52,258.275445816187,254.623456790123
"poly20","Atrichoblast-m2","#DBD3D2","poly20",53,258.5,254.692455418381
"poly21","Atrichoblast-m2","#DBD3D2","poly21",1,257.7,262.192455418381
"poly21","Atrichoblast-m2","#DBD3D2","poly21",2,257.7,262.192455418381
"poly21","Atrichoblast-m2","#DBD3D2","poly21",3,260.092729766804,262.043758573388
"poly21","Atrichoblast-m2","#DBD3D2","poly21",4,262.338134430727,261.928806584362
"poly21","Atrichoblast-m2","#DBD3D2","poly21",5,264.437037037037,261.844307270233
"poly21","Atrichoblast-m2","#DBD3D2","poly21",6,266.390260631001,261.786968449931
"poly21","Atrichoblast-m2","#DBD3D2","poly21",7,268.198628257887,261.753497942387
"poly21","Atrichoblast-m2","#DBD3D2","poly21",8,269.862962962963,261.740603566529
"poly21","Atrichoblast-m2","#DBD3D2","poly21",9,271.384087791495,261.744993141289
"poly21","Atrichoblast-m2","#DBD3D2","poly21",10,272.762825788752,261.763374485596
"poly21","Atrichoblast-m2","#DBD3D2","poly21",11,274,261.792455418381
"poly21","Atrichoblast-m2","#DBD3D2","poly21",12,274,261.792455418381
"poly21","Atrichoblast-m2","#DBD3D2","poly21",13,274.629080932785,261.79780521262
"poly21","Atrichoblast-m2","#DBD3D2","poly21",14,275.299314128944,261.820438957476
"poly21","Atrichoblast-m2","#DBD3D2","poly21",15,275.985185185185,261.870233196159
"poly21","Atrichoblast-m2","#DBD3D2","poly21",16,276.661179698217,261.957064471879
"poly21","Atrichoblast-m2","#DBD3D2","poly21",17,277.301783264746,262.090809327846
"poly21","Atrichoblast-m2","#DBD3D2","poly21",18,277.881481481481,262.28134430727
"poly21","Atrichoblast-m2","#DBD3D2","poly21",19,278.37475994513,262.538545953361
"poly21","Atrichoblast-m2","#DBD3D2","poly21",20,278.756104252401,262.872290809328
"poly21","Atrichoblast-m2","#DBD3D2","poly21",21,279,263.292455418381
"poly21","Atrichoblast-m2","#DBD3D2","poly21",22,279,263.292455418381
"poly21","Atrichoblast-m2","#DBD3D2","poly21",23,279.077091906721,263.668861454046
"poly21","Atrichoblast-m2","#DBD3D2","poly21",24,279.053772290809,264.059259259259
"poly21","Atrichoblast-m2","#DBD3D2","poly21",25,278.948148148148,264.455418381344
"poly21","Atrichoblast-m2","#DBD3D2","poly21",26,278.778326474623,264.849108367627
"poly21","Atrichoblast-m2","#DBD3D2","poly21",27,278.562414266118,265.232098765432
"poly21","Atrichoblast-m2","#DBD3D2","poly21",28,278.318518518518,265.596159122085
"poly21","Atrichoblast-m2","#DBD3D2","poly21",29,278.064746227709,265.933058984911
"poly21","Atrichoblast-m2","#DBD3D2","poly21",30,277.819204389575,266.234567901234
"poly21","Atrichoblast-m2","#DBD3D2","poly21",31,277.6,266.492455418381
"poly21","Atrichoblast-m2","#DBD3D2","poly21",32,277.6,266.892455418381
"poly21","Atrichoblast-m2","#DBD3D2","poly21",33,277.6,266.892455418381
"poly21","Atrichoblast-m2","#DBD3D2","poly21",34,277.538957475994,267.546090534979
"poly21","Atrichoblast-m2","#DBD3D2","poly21",35,277.363511659808,268.16598079561
"poly21","Atrichoblast-m2","#DBD3D2","poly21",36,277.085185185185,268.740603566529
"poly21","Atrichoblast-m2","#DBD3D2","poly21",37,276.715500685871,269.258436213991
"poly21","Atrichoblast-m2","#DBD3D2","poly21",38,276.26598079561,269.707956104252
"poly21","Atrichoblast-m2","#DBD3D2","poly21",39,275.748148148148,270.077640603566
"poly21","Atrichoblast-m2","#DBD3D2","poly21",40,275.173525377229,270.355967078189
"poly21","Atrichoblast-m2","#DBD3D2","poly21",41,274.553635116598,270.531412894376
"poly21","Atrichoblast-m2","#DBD3D2","poly21",42,273.9,270.592455418381
"poly21","Atrichoblast-m2","#DBD3D2","poly21",43,257.5,270.592455418381
"poly21","Atrichoblast-m2","#DBD3D2","poly21",44,257.5,270.592455418381
"poly21","Atrichoblast-m2","#DBD3D2","poly21",45,256.843758573388,270.872839506173
"poly21","Atrichoblast-m2","#DBD3D2","poly21",46,256.272290809328,271.057750342935
"poly21","Atrichoblast-m2","#DBD3D2","poly21",47,255.781481481482,271.162825788752
"poly21","Atrichoblast-m2","#DBD3D2","poly21",48,255.367215363512,271.203703703703
"poly21","Atrichoblast-m2","#DBD3D2","poly21",49,255.025377229081,271.196021947874
"poly21","Atrichoblast-m2","#DBD3D2","poly21",50,254.751851851852,271.155418381344
"poly21","Atrichoblast-m2","#DBD3D2","poly21",51,254.542524005487,271.097530864197
"poly21","Atrichoblast-m2","#DBD3D2","poly21",52,254.393278463649,271.037997256516
"poly21","Atrichoblast-m2","#DBD3D2","poly21",53,254.3,270.992455418381
"poly21","Atrichoblast-m2","#DBD3D2","poly21",54,254.3,270.992455418381
"poly21","Atrichoblast-m2","#DBD3D2","poly21",55,253.953909465021,270.673525377229
"poly21","Atrichoblast-m2","#DBD3D2","poly21",56,253.709053497942,270.24842249657
"poly21","Atrichoblast-m2","#DBD3D2","poly21",57,253.555555555556,269.714677640603
"poly21","Atrichoblast-m2","#DBD3D2","poly21",58,253.48353909465,269.069821673525
"poly21","Atrichoblast-m2","#DBD3D2","poly21",59,253.483127572017,268.311385459533
"poly21","Atrichoblast-m2","#DBD3D2","poly21",60,253.544444444444,267.436899862826
"poly21","Atrichoblast-m2","#DBD3D2","poly21",61,253.657613168724,266.443895747599
"poly21","Atrichoblast-m2","#DBD3D2","poly21",62,253.812757201646,265.329903978052
"poly21","Atrichoblast-m2","#DBD3D2","poly21",63,254,264.092455418381
"poly21","Atrichoblast-m2","#DBD3D2","poly21",64,254,264.092455418381
"poly21","Atrichoblast-m2","#DBD3D2","poly21",65,254.067215363512,263.710699588477
"poly21","Atrichoblast-m2","#DBD3D2","poly21",66,254.137722908093,263.364334705075
"poly21","Atrichoblast-m2","#DBD3D2","poly21",67,254.214814814815,263.05171467764
"poly21","Atrichoblast-m2","#DBD3D2","poly21",68,254.301783264746,262.771193415638
"poly21","Atrichoblast-m2","#DBD3D2","poly21",69,254.401920438958,262.521124828532
"poly21","Atrichoblast-m2","#DBD3D2","poly21",70,254.518518518519,262.299862825789
"poly21","Atrichoblast-m2","#DBD3D2","poly21",71,254.654869684499,262.105761316872
"poly21","Atrichoblast-m2","#DBD3D2","poly21",72,254.81426611797,261.937174211248
"poly21","Atrichoblast-m2","#DBD3D2","poly21",73,255,261.792455418381
"poly21","Atrichoblast-m2","#DBD3D2","poly21",74,255,261.792455418381
"poly21","Atrichoblast-m2","#DBD3D2","poly21",75,255.375720164609,261.641563786008
"poly21","Atrichoblast-m2","#DBD3D2","poly21",76,255.761316872428,261.577914951989
"poly21","Atrichoblast-m2","#DBD3D2","poly21",77,256.144444444445,261.585048010974
"poly21","Atrichoblast-m2","#DBD3D2","poly21",78,256.512757201646,261.646502057613
"poly21","Atrichoblast-m2","#DBD3D2","poly21",79,256.853909465021,261.745816186557
"poly21","Atrichoblast-m2","#DBD3D2","poly21",80,257.155555555556,261.866529492455
"poly21","Atrichoblast-m2","#DBD3D2","poly21",81,257.405349794239,261.992181069959
"poly21","Atrichoblast-m2","#DBD3D2","poly21",82,257.590946502058,262.106310013717
"poly21","Atrichoblast-m2","#DBD3D2","poly21",83,257.7,262.192455418381
"poly22","Atrichoblast-t","#EBF5EA","poly22",1,258.8,270.092455418381
"poly22","Atrichoblast-t","#EBF5EA","poly22",2,258.8,270.092455418381
"poly22","Atrichoblast-t","#EBF5EA","poly22",3,259.971604938272,270.2109739369
"poly22","Atrichoblast-t","#EBF5EA","poly22",4,261.291358024691,270.299862825788
"poly22","Atrichoblast-t","#EBF5EA","poly22",5,262.766666666667,270.359122085048
"poly22","Atrichoblast-t","#EBF5EA","poly22",6,264.404938271605,270.388751714677
"poly22","Atrichoblast-t","#EBF5EA","poly22",7,266.213580246914,270.388751714677
"poly22","Atrichoblast-t","#EBF5EA","poly22",8,268.2,270.359122085048
"poly22","Atrichoblast-t","#EBF5EA","poly22",9,270.371604938272,270.299862825788
"poly22","Atrichoblast-t","#EBF5EA","poly22",10,272.735802469136,270.2109739369
"poly22","Atrichoblast-t","#EBF5EA","poly22",11,275.3,270.092455418381
"poly22","Atrichoblast-t","#EBF5EA","poly22",12,275.3,270.092455418381
"poly22","Atrichoblast-t","#EBF5EA","poly22",13,276.016598079561,270.15720164609
"poly22","Atrichoblast-t","#EBF5EA","poly22",14,276.692043895748,270.343758573388
"poly22","Atrichoblast-t","#EBF5EA","poly22",15,277.314814814815,270.640603566529
"poly22","Atrichoblast-t","#EBF5EA","poly22",16,277.873388203018,271.036213991769
"poly22","Atrichoblast-t","#EBF5EA","poly22",17,278.356241426612,271.519067215363
"poly22","Atrichoblast-t","#EBF5EA","poly22",18,278.751851851852,272.077640603566
"poly22","Atrichoblast-t","#EBF5EA","poly22",19,279.048696844993,272.700411522633
"poly22","Atrichoblast-t","#EBF5EA","poly22",20,279.235253772291,273.37585733882
"poly22","Atrichoblast-t","#EBF5EA","poly22",21,279.3,274.092455418381
"poly22","Atrichoblast-t","#EBF5EA","poly22",22,279.3,274.792455418381
"poly22","Atrichoblast-t","#EBF5EA","poly22",23,279.3,274.792455418381
"poly22","Atrichoblast-t","#EBF5EA","poly22",24,279.235253772291,275.509053497942
"poly22","Atrichoblast-t","#EBF5EA","poly22",25,279.048696844993,276.184499314129
"poly22","Atrichoblast-t","#EBF5EA","poly22",26,278.751851851852,276.807270233196
"poly22","Atrichoblast-t","#EBF5EA","poly22",27,278.356241426612,277.365843621399
"poly22","Atrichoblast-t","#EBF5EA","poly22",28,277.873388203018,277.848696844993
"poly22","Atrichoblast-t","#EBF5EA","poly22",29,277.314814814815,278.244307270233
"poly22","Atrichoblast-t","#EBF5EA","poly22",30,276.692043895748,278.541152263374
"poly22","Atrichoblast-t","#EBF5EA","poly22",31,276.016598079561,278.727709190672
"poly22","Atrichoblast-t","#EBF5EA","poly22",32,275.3,278.792455418381
"poly22","Atrichoblast-t","#EBF5EA","poly22",33,258.8,278.792455418381
"poly22","Atrichoblast-t","#EBF5EA","poly22",34,258.8,278.792455418381
"poly22","Atrichoblast-t","#EBF5EA","poly22",35,258.582030178326,278.751303155007
"poly22","Atrichoblast-t","#EBF5EA","poly22",36,258.330315500686,278.692866941015
"poly22","Atrichoblast-t","#EBF5EA","poly22",37,258.048148148148,278.614677640603
"poly22","Atrichoblast-t","#EBF5EA","poly22",38,257.738820301783,278.51426611797
"poly22","Atrichoblast-t","#EBF5EA","poly22",39,257.405624142661,278.389163237311
"poly22","Atrichoblast-t","#EBF5EA","poly22",40,257.051851851852,278.236899862826
"poly22","Atrichoblast-t","#EBF5EA","poly22",41,256.680795610425,278.05500685871
"poly22","Atrichoblast-t","#EBF5EA","poly22",42,256.295747599451,277.841015089163
"poly22","Atrichoblast-t","#EBF5EA","poly22",43,255.9,277.592455418381
"poly22","Atrichoblast-t","#EBF5EA","poly22",44,255.9,277.592455418381
"poly22","Atrichoblast-t","#EBF5EA","poly22",45,255.518381344307,277.289437585734
"poly22","Atrichoblast-t","#EBF5EA","poly22",46,255.172976680384,276.983127572016
"poly22","Atrichoblast-t","#EBF5EA","poly22",47,254.862962962963,276.677640603566
"poly22","Atrichoblast-t","#EBF5EA","poly22",48,254.587517146776,276.377091906721
"poly22","Atrichoblast-t","#EBF5EA","poly22",49,254.345816186557,276.085596707819
"poly22","Atrichoblast-t","#EBF5EA","poly22",50,254.137037037037,275.807270233196
"poly22","Atrichoblast-t","#EBF5EA","poly22",51,253.960356652949,275.54622770919
"poly22","Atrichoblast-t","#EBF5EA","poly22",52,253.814951989026,275.30658436214
"poly22","Atrichoblast-t","#EBF5EA","poly22",53,253.7,275.092455418381
"poly22","Atrichoblast-t","#EBF5EA","poly22",54,253.7,275.092455418381
"poly22","Atrichoblast-t","#EBF5EA","poly22",55,253.700137174211,274.918518518518
"poly22","Atrichoblast-t","#EBF5EA","poly22",56,253.70109739369,274.730589849108
"poly22","Atrichoblast-t","#EBF5EA","poly22",57,253.703703703704,274.529492455418
"poly22","Atrichoblast-t","#EBF5EA","poly22",58,253.70877914952,274.316049382716
"poly22","Atrichoblast-t","#EBF5EA","poly22",59,253.717146776406,274.091083676269
"poly22","Atrichoblast-t","#EBF5EA","poly22",60,253.72962962963,273.855418381344
"poly22","Atrichoblast-t","#EBF5EA","poly22",61,253.747050754458,273.60987654321
"poly22","Atrichoblast-t","#EBF5EA","poly22",62,253.770233196159,273.355281207133
"poly22","Atrichoblast-t","#EBF5EA","poly22",63,253.8,273.092455418381
"poly22","Atrichoblast-t","#EBF5EA","poly22",64,253.8,273.092455418381
"poly22","Atrichoblast-t","#EBF5EA","poly22",65,253.833470507545,272.71426611797
"poly22","Atrichoblast-t","#EBF5EA","poly22",66,253.867764060357,272.3780521262
"poly22","Atrichoblast-t","#EBF5EA","poly22",67,253.903703703704,272.08134430727
"poly22","Atrichoblast-t","#EBF5EA","poly22",68,253.942112482853,271.821673525377
"poly22","Atrichoblast-t","#EBF5EA","poly22",69,253.983813443073,271.596570644719
"poly22","Atrichoblast-t","#EBF5EA","poly22",70,254.02962962963,271.403566529492
"poly22","Atrichoblast-t","#EBF5EA","poly22",71,254.080384087792,271.240192043895
"poly22","Atrichoblast-t","#EBF5EA","poly22",72,254.136899862826,271.103978052126
"poly22","Atrichoblast-t","#EBF5EA","poly22",73,254.2,270.992455418381
"poly22","Atrichoblast-t","#EBF5EA","poly22",74,254.2,270.992455418381
"poly22","Atrichoblast-t","#EBF5EA","poly22",75,254.575034293553,270.589574759945
"poly22","Atrichoblast-t","#EBF5EA","poly22",76,255.074348422497,270.302743484225
"poly22","Atrichoblast-t","#EBF5EA","poly22",77,255.659259259259,270.114677640603
"poly22","Atrichoblast-t","#EBF5EA","poly22",78,256.291083676269,270.008093278463
"poly22","Atrichoblast-t","#EBF5EA","poly22",79,256.931138545953,269.965706447188
"poly22","Atrichoblast-t","#EBF5EA","poly22",80,257.540740740741,269.970233196159
"poly22","Atrichoblast-t","#EBF5EA","poly22",81,258.081207133059,270.00438957476
"poly22","Atrichoblast-t","#EBF5EA","poly22",82,258.513854595336,270.050891632373
"poly22","Atrichoblast-t","#EBF5EA","poly22",83,258.8,270.092455418381
"poly23","Atrichoblast-t","#EBF5EA","poly23",1,258.4,276.692455418381
"poly23","Atrichoblast-t","#EBF5EA","poly23",2,258.4,276.692455418381
"poly23","Atrichoblast-t","#EBF5EA","poly23",3,259.402331961591,276.978875171468
"poly23","Atrichoblast-t","#EBF5EA","poly23",4,260.551989026063,277.228257887517
"poly23","Atrichoblast-t","#EBF5EA","poly23",5,261.862962962963,277.425788751714
"poly23","Atrichoblast-t","#EBF5EA","poly23",6,263.349245541838,277.556652949245
"poly23","Atrichoblast-t","#EBF5EA","poly23",7,265.024828532236,277.606035665295
"poly23","Atrichoblast-t","#EBF5EA","poly23",8,266.903703703704,277.559122085048
"poly23","Atrichoblast-t","#EBF5EA","poly23",9,268.999862825789,277.40109739369
"poly23","Atrichoblast-t","#EBF5EA","poly23",10,271.327297668038,277.117146776406
"poly23","Atrichoblast-t","#EBF5EA","poly23",11,273.9,276.692455418381
"poly23","Atrichoblast-t","#EBF5EA","poly23",12,273.9,276.692455418381
"poly23","Atrichoblast-t","#EBF5EA","poly23",13,274.712757201646,276.764471879286
"poly23","Atrichoblast-t","#EBF5EA","poly23",14,275.476131687243,276.972290809328
"poly23","Atrichoblast-t","#EBF5EA","poly23",15,276.177777777778,277.303566529492
"poly23","Atrichoblast-t","#EBF5EA","poly23",16,276.805349794239,277.745953360768
"poly23","Atrichoblast-t","#EBF5EA","poly23",17,277.346502057613,278.287105624142
"poly23","Atrichoblast-t","#EBF5EA","poly23",18,277.788888888889,278.914677640603
"poly23","Atrichoblast-t","#EBF5EA","poly23",19,278.120164609054,279.616323731138
"poly23","Atrichoblast-t","#EBF5EA","poly23",20,278.327983539095,280.379698216735
"poly23","Atrichoblast-t","#EBF5EA","poly23",21,278.4,281.192455418381
"poly23","Atrichoblast-t","#EBF5EA","poly23",22,278.4,284.192455418381
"poly23","Atrichoblast-t","#EBF5EA","poly23",23,278.4,284.192455418381
"poly23","Atrichoblast-t","#EBF5EA","poly23",24,278.327983539095,285.005212620027
"poly23","Atrichoblast-t","#EBF5EA","poly23",25,278.120164609054,285.768587105624
"poly23","Atrichoblast-t","#EBF5EA","poly23",26,277.788888888889,286.470233196159
"poly23","Atrichoblast-t","#EBF5EA","poly23",27,277.346502057613,287.09780521262
"poly23","Atrichoblast-t","#EBF5EA","poly23",28,276.805349794239,287.638957475994
"poly23","Atrichoblast-t","#EBF5EA","poly23",29,276.177777777778,288.08134430727
"poly23","Atrichoblast-t","#EBF5EA","poly23",30,275.476131687243,288.412620027435
"poly23","Atrichoblast-t","#EBF5EA","poly23",31,274.712757201646,288.620438957476
"poly23","Atrichoblast-t","#EBF5EA","poly23",32,273.9,288.692455418381
"poly23","Atrichoblast-t","#EBF5EA","poly23",33,258.4,288.692455418381
"poly23","Atrichoblast-t","#EBF5EA","poly23",34,258.4,288.692455418381
"poly23","Atrichoblast-t","#EBF5EA","poly23",35,257.654183813443,288.538271604938
"poly23","Atrichoblast-t","#EBF5EA","poly23",36,257.011248285322,288.347873799725
"poly23","Atrichoblast-t","#EBF5EA","poly23",37,256.462962962963,288.129492455418
"poly23","Atrichoblast-t","#EBF5EA","poly23",38,256.00109739369,287.891358024691
"poly23","Atrichoblast-t","#EBF5EA","poly23",39,255.617421124829,287.641700960219
"poly23","Atrichoblast-t","#EBF5EA","poly23",40,255.303703703704,287.388751714677
"poly23","Atrichoblast-t","#EBF5EA","poly23",41,255.051714677641,287.14074074074
"poly23","Atrichoblast-t","#EBF5EA","poly23",42,254.853223593964,286.905898491083
"poly23","Atrichoblast-t","#EBF5EA","poly23",43,254.7,286.692455418381
"poly23","Atrichoblast-t","#EBF5EA","poly23",44,254.7,286.692455418381
"poly23","Atrichoblast-t","#EBF5EA","poly23",45,254.452263374486,286.275034293553
"poly23","Atrichoblast-t","#EBF5EA","poly23",46,254.295884773663,285.864197530864
"poly23","Atrichoblast-t","#EBF5EA","poly23",47,254.211111111111,285.422085048011
"poly23","Atrichoblast-t","#EBF5EA","poly23",48,254.178189300412,284.910836762688
"poly23","Atrichoblast-t","#EBF5EA","poly23",49,254.177366255144,284.292592592592
"poly23","Atrichoblast-t","#EBF5EA","poly23",50,254.188888888889,283.529492455418
"poly23","Atrichoblast-t","#EBF5EA","poly23",51,254.193004115226,282.583676268861
"poly23","Atrichoblast-t","#EBF5EA","poly23",52,254.169958847737,281.417283950617
"poly23","Atrichoblast-t","#EBF5EA","poly23",53,254.1,279.992455418381
"poly23","Atrichoblast-t","#EBF5EA","poly23",54,254.1,279.992455418381
"poly23","Atrichoblast-t","#EBF5EA","poly23",55,254.037722908093,279.342524005487
"poly23","Atrichoblast-t","#EBF5EA","poly23",56,253.986968449931,278.785596707819
"poly23","Atrichoblast-t","#EBF5EA","poly23",57,253.951851851852,278.310973936899
"poly23","Atrichoblast-t","#EBF5EA","poly23",58,253.936488340192,277.907956104252
"poly23","Atrichoblast-t","#EBF5EA","poly23",59,253.944993141289,277.565843621399
"poly23","Atrichoblast-t","#EBF5EA","poly23",60,253.981481481481,277.273936899862
"poly23","Atrichoblast-t","#EBF5EA","poly23",61,254.050068587106,277.021536351166
"poly23","Atrichoblast-t","#EBF5EA","poly23",62,254.154869684499,276.797942386831
"poly23","Atrichoblast-t","#EBF5EA","poly23",63,254.3,276.592455418381
"poly23","Atrichoblast-t","#EBF5EA","poly23",64,254.3,276.592455418381
"poly23","Atrichoblast-t","#EBF5EA","poly23",65,254.677640603566,276.296296296296
"poly23","Atrichoblast-t","#EBF5EA","poly23",66,255.12853223594,276.126886145404
"poly23","Atrichoblast-t","#EBF5EA","poly23",67,255.62962962963,276.062825788751
"poly23","Atrichoblast-t","#EBF5EA","poly23",68,256.157887517147,276.082716049382
"poly23","Atrichoblast-t","#EBF5EA","poly23",69,256.690260631001,276.165157750343
"poly23","Atrichoblast-t","#EBF5EA","poly23",70,257.203703703704,276.288751714677
"poly23","Atrichoblast-t","#EBF5EA","poly23",71,257.675171467764,276.432098765432
"poly23","Atrichoblast-t","#EBF5EA","poly23",72,258.081618655693,276.573799725651
"poly23","Atrichoblast-t","#EBF5EA","poly23",73,258.4,276.692455418381
"poly24","Atrichoblast-t","#EBF5EA","poly24",1,258.4,287.692455418381
"poly24","Atrichoblast-t","#EBF5EA","poly24",2,258.4,287.692455418381
"poly24","Atrichoblast-t","#EBF5EA","poly24",3,260.503429355281,287.592592592592
"poly24","Atrichoblast-t","#EBF5EA","poly24",4,262.612620027435,287.493552812071
"poly24","Atrichoblast-t","#EBF5EA","poly24",5,264.725925925926,287.396159122085
"poly24","Atrichoblast-t","#EBF5EA","poly24",6,266.841700960219,287.301234567901
"poly24","Atrichoblast-t","#EBF5EA","poly24",7,268.958299039781,287.209602194787
"poly24","Atrichoblast-t","#EBF5EA","poly24",8,271.074074074074,287.122085048011
"poly24","Atrichoblast-t","#EBF5EA","poly24",9,273.187379972565,287.039506172839
"poly24","Atrichoblast-t","#EBF5EA","poly24",10,275.296570644719,286.96268861454
"poly24","Atrichoblast-t","#EBF5EA","poly24",11,277.4,286.892455418381
"poly24","Atrichoblast-t","#EBF5EA","poly24",12,277.4,286.892455418381
"poly24","Atrichoblast-t","#EBF5EA","poly24",13,277.663237311385,287.225925925926
"poly24","Atrichoblast-t","#EBF5EA","poly24",14,277.920713305899,287.560219478738
"poly24","Atrichoblast-t","#EBF5EA","poly24",15,278.174074074074,287.896159122085
"poly24","Atrichoblast-t","#EBF5EA","poly24",16,278.424965706447,288.234567901234
"poly24","Atrichoblast-t","#EBF5EA","poly24",17,278.675034293553,288.576268861454
"poly24","Atrichoblast-t","#EBF5EA","poly24",18,278.925925925926,288.922085048011
"poly24","Atrichoblast-t","#EBF5EA","poly24",19,279.179286694102,289.272839506173
"poly24","Atrichoblast-t","#EBF5EA","poly24",20,279.436762688615,289.629355281207
"poly24","Atrichoblast-t","#EBF5EA","poly24",21,279.7,289.992455418381
"poly24","Atrichoblast-t","#EBF5EA","poly24",22,279.7,289.992455418381
"poly24","Atrichoblast-t","#EBF5EA","poly24",23,279.536762688614,290.355692729767
"poly24","Atrichoblast-t","#EBF5EA","poly24",24,279.379286694102,290.71316872428
"poly24","Atrichoblast-t","#EBF5EA","poly24",25,279.225925925926,291.066529492455
"poly24","Atrichoblast-t","#EBF5EA","poly24",26,279.075034293553,291.417421124828
"poly24","Atrichoblast-t","#EBF5EA","poly24",27,278.924965706447,291.767489711934
"poly24","Atrichoblast-t","#EBF5EA","poly24",28,278.774074074074,292.118381344307
"poly24","Atrichoblast-t","#EBF5EA","poly24",29,278.620713305898,292.471742112483
"poly24","Atrichoblast-t","#EBF5EA","poly24",30,278.463237311385,292.829218106996
"poly24","Atrichoblast-t","#EBF5EA","poly24",31,278.3,293.192455418381
"poly24","Atrichoblast-t","#EBF5EA","poly24",32,278.3,299.392455418381
"poly24","Atrichoblast-t","#EBF5EA","poly24",33,278.3,299.392455418381
"poly24","Atrichoblast-t","#EBF5EA","poly24",34,278.213580246914,300.367764060357
"poly24","Atrichoblast-t","#EBF5EA","poly24",35,277.964197530864,301.283813443072
"poly24","Atrichoblast-t","#EBF5EA","poly24",36,277.566666666667,302.125788751714
"poly24","Atrichoblast-t","#EBF5EA","poly24",37,277.035802469136,302.878875171468
"poly24","Atrichoblast-t","#EBF5EA","poly24",38,276.386419753086,303.528257887517
"poly24","Atrichoblast-t","#EBF5EA","poly24",39,275.633333333333,304.059122085048
"poly24","Atrichoblast-t","#EBF5EA","poly24",40,274.791358024691,304.456652949245
"poly24","Atrichoblast-t","#EBF5EA","poly24",41,273.875308641975,304.706035665295
"poly24","Atrichoblast-t","#EBF5EA","poly24",42,272.9,304.792455418381
"poly24","Atrichoblast-t","#EBF5EA","poly24",43,258.4,304.792455418381
"poly24","Atrichoblast-t","#EBF5EA","poly24",44,258.4,304.792455418381
"poly24","Atrichoblast-t","#EBF5EA","poly24",45,257.424691358025,304.706035665295
"poly24","Atrichoblast-t","#EBF5EA","poly24",46,256.508641975309,304.456652949245
"poly24","Atrichoblast-t","#EBF5EA","poly24",47,255.666666666667,304.059122085048
"poly24","Atrichoblast-t","#EBF5EA","poly24",48,254.913580246914,303.528257887517
"poly24","Atrichoblast-t","#EBF5EA","poly24",49,254.264197530864,302.878875171468
"poly24","Atrichoblast-t","#EBF5EA","poly24",50,253.733333333333,302.125788751715
"poly24","Atrichoblast-t","#EBF5EA","poly24",51,253.335802469136,301.283813443073
"poly24","Atrichoblast-t","#EBF5EA","poly24",52,253.086419753086,300.367764060357
"poly24","Atrichoblast-t","#EBF5EA","poly24",53,253,299.392455418381
"poly24","Atrichoblast-t","#EBF5EA","poly24",54,253,293.192455418381
"poly24","Atrichoblast-t","#EBF5EA","poly24",55,253,293.192455418381
"poly24","Atrichoblast-t","#EBF5EA","poly24",56,253.196570644719,292.462551440329
"poly24","Atrichoblast-t","#EBF5EA","poly24",57,253.387379972565,291.738408779149
"poly24","Atrichoblast-t","#EBF5EA","poly24",58,253.574074074074,291.018381344307
"poly24","Atrichoblast-t","#EBF5EA","poly24",59,253.758299039781,290.300823045267
"poly24","Atrichoblast-t","#EBF5EA","poly24",60,253.94170096022,289.584087791495
"poly24","Atrichoblast-t","#EBF5EA","poly24",61,254.125925925926,288.866529492455
"poly24","Atrichoblast-t","#EBF5EA","poly24",62,254.312620027435,288.146502057613
"poly24","Atrichoblast-t","#EBF5EA","poly24",63,254.503429355281,287.422359396433
"poly24","Atrichoblast-t","#EBF5EA","poly24",64,254.7,286.692455418381
"poly24","Atrichoblast-t","#EBF5EA","poly24",65,254.7,286.692455418381
"poly24","Atrichoblast-t","#EBF5EA","poly24",66,255.103429355281,286.795884773662
"poly24","Atrichoblast-t","#EBF5EA","poly24",67,255.512620027435,286.905075445816
"poly24","Atrichoblast-t","#EBF5EA","poly24",68,255.925925925926,287.018381344307
"poly24","Atrichoblast-t","#EBF5EA","poly24",69,256.341700960219,287.134156378601
"poly24","Atrichoblast-t","#EBF5EA","poly24",70,256.758299039781,287.250754458162
"poly24","Atrichoblast-t","#EBF5EA","poly24",71,257.174074074074,287.366529492455
"poly24","Atrichoblast-t","#EBF5EA","poly24",72,257.587379972565,287.479835390946
"poly24","Atrichoblast-t","#EBF5EA","poly24",73,257.996570644719,287.5890260631
"poly24","Atrichoblast-t","#EBF5EA","poly24",74,258.4,287.692455418381
"poly25","Trichoblast-m2","#A2A1BF","poly25",1,280.5,256.092455418381
"poly25","Trichoblast-m2","#A2A1BF","poly25",2,298.5,256.092455418381
"poly25","Trichoblast-m2","#A2A1BF","poly25",3,298.5,256.092455418381
"poly25","Trichoblast-m2","#A2A1BF","poly25",4,298.888065843621,256.121124828532
"poly25","Trichoblast-m2","#A2A1BF","poly25",5,299.248971193416,256.20329218107
"poly25","Trichoblast-m2","#A2A1BF","poly25",6,299.577777777778,256.333196159122
"poly25","Trichoblast-m2","#A2A1BF","poly25",7,299.869547325103,256.505075445816
"poly25","Trichoblast-m2","#A2A1BF","poly25",8,300.119341563786,256.713168724279
"poly25","Trichoblast-m2","#A2A1BF","poly25",9,300.322222222222,256.95171467764
"poly25","Trichoblast-m2","#A2A1BF","poly25",10,300.473251028807,257.214951989026
"poly25","Trichoblast-m2","#A2A1BF","poly25",11,300.567489711934,257.497119341564
"poly25","Trichoblast-m2","#A2A1BF","poly25",12,300.6,257.792455418381
"poly25","Trichoblast-m2","#A2A1BF","poly25",13,300.6,261.592455418381
"poly25","Trichoblast-m2","#A2A1BF","poly25",14,300.6,261.592455418381
"poly25","Trichoblast-m2","#A2A1BF","poly25",15,300.567489711934,261.914128943758
"poly25","Trichoblast-m2","#A2A1BF","poly25",16,300.473251028807,262.210288065843
"poly25","Trichoblast-m2","#A2A1BF","poly25",17,300.322222222222,262.477640603566
"poly25","Trichoblast-m2","#A2A1BF","poly25",18,300.119341563786,262.712894375857
"poly25","Trichoblast-m2","#A2A1BF","poly25",19,299.869547325103,262.912757201646
"poly25","Trichoblast-m2","#A2A1BF","poly25",20,299.577777777778,263.073936899863
"poly25","Trichoblast-m2","#A2A1BF","poly25",21,299.248971193416,263.193141289437
"poly25","Trichoblast-m2","#A2A1BF","poly25",22,298.888065843621,263.2670781893
"poly25","Trichoblast-m2","#A2A1BF","poly25",23,298.5,263.292455418381
"poly25","Trichoblast-m2","#A2A1BF","poly25",24,280.5,263.292455418381
"poly25","Trichoblast-m2","#A2A1BF","poly25",25,280.5,263.292455418381
"poly25","Trichoblast-m2","#A2A1BF","poly25",26,280.111934156379,263.26378600823
"poly25","Trichoblast-m2","#A2A1BF","poly25",27,279.751028806584,263.181618655692
"poly25","Trichoblast-m2","#A2A1BF","poly25",28,279.422222222222,263.05171467764
"poly25","Trichoblast-m2","#A2A1BF","poly25",29,279.130452674897,262.879835390946
"poly25","Trichoblast-m2","#A2A1BF","poly25",30,278.880658436214,262.671742112483
"poly25","Trichoblast-m2","#A2A1BF","poly25",31,278.677777777778,262.433196159122
"poly25","Trichoblast-m2","#A2A1BF","poly25",32,278.526748971193,262.169958847736
"poly25","Trichoblast-m2","#A2A1BF","poly25",33,278.432510288066,261.887791495199
"poly25","Trichoblast-m2","#A2A1BF","poly25",34,278.4,261.592455418381
"poly25","Trichoblast-m2","#A2A1BF","poly25",35,278.4,261.592455418381
"poly25","Trichoblast-m2","#A2A1BF","poly25",36,278.432510288066,261.430178326474
"poly25","Trichoblast-m2","#A2A1BF","poly25",37,278.526748971193,260.938683127572
"poly25","Trichoblast-m2","#A2A1BF","poly25",38,278.677777777778,260.2109739369
"poly25","Trichoblast-m2","#A2A1BF","poly25",39,278.880658436214,259.340054869684
"poly25","Trichoblast-m2","#A2A1BF","poly25",40,279.130452674897,258.418930041152
"poly25","Trichoblast-m2","#A2A1BF","poly25",41,279.422222222222,257.540603566529
"poly25","Trichoblast-m2","#A2A1BF","poly25",42,279.751028806584,256.798079561042
"poly25","Trichoblast-m2","#A2A1BF","poly25",43,280.111934156379,256.284362139917
"poly25","Trichoblast-m2","#A2A1BF","poly25",44,280.5,256.092455418381
"poly26","Trichoblast-m2","#A2A1BF","poly26",1,279.1,263.292455418381
"poly26","Trichoblast-m2","#A2A1BF","poly26",2,297.1,263.292455418381
"poly26","Trichoblast-m2","#A2A1BF","poly26",3,297.1,263.292455418381
"poly26","Trichoblast-m2","#A2A1BF","poly26",4,297.488065843621,263.321124828532
"poly26","Trichoblast-m2","#A2A1BF","poly26",5,297.848971193416,263.40329218107
"poly26","Trichoblast-m2","#A2A1BF","poly26",6,298.177777777778,263.533196159122
"poly26","Trichoblast-m2","#A2A1BF","poly26",7,298.469547325103,263.705075445816
"poly26","Trichoblast-m2","#A2A1BF","poly26",8,298.719341563786,263.913168724279
"poly26","Trichoblast-m2","#A2A1BF","poly26",9,298.922222222222,264.15171467764
"poly26","Trichoblast-m2","#A2A1BF","poly26",10,299.073251028807,264.414951989026
"poly26","Trichoblast-m2","#A2A1BF","poly26",11,299.167489711934,264.697119341563
"poly26","Trichoblast-m2","#A2A1BF","poly26",12,299.2,264.992455418381
"poly26","Trichoblast-m2","#A2A1BF","poly26",13,299.2,268.792455418381
"poly26","Trichoblast-m2","#A2A1BF","poly26",14,299.2,268.792455418381
"poly26","Trichoblast-m2","#A2A1BF","poly26",15,299.167489711934,269.114128943758
"poly26","Trichoblast-m2","#A2A1BF","poly26",16,299.073251028807,269.410288065843
"poly26","Trichoblast-m2","#A2A1BF","poly26",17,298.922222222222,269.677640603566
"poly26","Trichoblast-m2","#A2A1BF","poly26",18,298.719341563786,269.912894375857
"poly26","Trichoblast-m2","#A2A1BF","poly26",19,298.469547325103,270.112757201646
"poly26","Trichoblast-m2","#A2A1BF","poly26",20,298.177777777778,270.273936899862
"poly26","Trichoblast-m2","#A2A1BF","poly26",21,297.848971193416,270.393141289437
"poly26","Trichoblast-m2","#A2A1BF","poly26",22,297.488065843621,270.4670781893
"poly26","Trichoblast-m2","#A2A1BF","poly26",23,297.1,270.492455418381
"poly26","Trichoblast-m2","#A2A1BF","poly26",24,279.1,270.492455418381
"poly26","Trichoblast-m2","#A2A1BF","poly26",25,279.1,270.492455418381
"poly26","Trichoblast-m2","#A2A1BF","poly26",26,278.711934156379,270.46378600823
"poly26","Trichoblast-m2","#A2A1BF","poly26",27,278.351028806584,270.381618655692
"poly26","Trichoblast-m2","#A2A1BF","poly26",28,278.022222222222,270.25171467764
"poly26","Trichoblast-m2","#A2A1BF","poly26",29,277.730452674897,270.079835390946
"poly26","Trichoblast-m2","#A2A1BF","poly26",30,277.480658436214,269.871742112483
"poly26","Trichoblast-m2","#A2A1BF","poly26",31,277.277777777778,269.633196159122
"poly26","Trichoblast-m2","#A2A1BF","poly26",32,277.126748971193,269.369958847736
"poly26","Trichoblast-m2","#A2A1BF","poly26",33,277.032510288066,269.087791495199
"poly26","Trichoblast-m2","#A2A1BF","poly26",34,277,268.792455418381
"poly26","Trichoblast-m2","#A2A1BF","poly26",35,277,268.792455418381
"poly26","Trichoblast-m2","#A2A1BF","poly26",36,277.032510288066,268.603840877915
"poly26","Trichoblast-m2","#A2A1BF","poly26",37,277.126748971193,268.098353909465
"poly26","Trichoblast-m2","#A2A1BF","poly26",38,277.277777777778,267.366529492455
"poly26","Trichoblast-m2","#A2A1BF","poly26",39,277.480658436214,266.49890260631
"poly26","Trichoblast-m2","#A2A1BF","poly26",40,277.730452674897,265.586008230452
"poly26","Trichoblast-m2","#A2A1BF","poly26",41,278.022222222222,264.718381344307
"poly26","Trichoblast-m2","#A2A1BF","poly26",42,278.351028806584,263.986556927297
"poly26","Trichoblast-m2","#A2A1BF","poly26",43,278.711934156379,263.481069958847
"poly26","Trichoblast-m2","#A2A1BF","poly26",44,279.1,263.292455418381
"poly27","Trichoblast-t","#908FB3","poly27",1,279.1,270.992455418381
"poly27","Trichoblast-t","#908FB3","poly27",2,297.1,270.992455418381
"poly27","Trichoblast-t","#908FB3","poly27",3,297.1,270.992455418381
"poly27","Trichoblast-t","#908FB3","poly27",4,297.166803840878,270.989163237311
"poly27","Trichoblast-t","#908FB3","poly27",5,297.234430727023,270.980932784636
"poly27","Trichoblast-t","#908FB3","poly27",6,297.303703703704,270.970233196159
"poly27","Trichoblast-t","#908FB3","poly27",7,297.375445816187,270.959533607681
"poly27","Trichoblast-t","#908FB3","poly27",8,297.450480109739,270.951303155007
"poly27","Trichoblast-t","#908FB3","poly27",9,297.52962962963,270.948010973937
"poly27","Trichoblast-t","#908FB3","poly27",10,297.613717421125,270.952126200274
"poly27","Trichoblast-t","#908FB3","poly27",11,297.703566529492,270.966117969821
"poly27","Trichoblast-t","#908FB3","poly27",12,297.8,270.992455418381
"poly27","Trichoblast-t","#908FB3","poly27",13,297.8,270.992455418381
"poly27","Trichoblast-t","#908FB3","poly27",14,298.348422496571,271.40658436214
"poly27","Trichoblast-t","#908FB3","poly27",15,298.742935528121,272.120301783264
"poly27","Trichoblast-t","#908FB3","poly27",16,299.007407407407,273.040603566529
"poly27","Trichoblast-t","#908FB3","poly27",17,299.165706447188,274.074485596707
"poly27","Trichoblast-t","#908FB3","poly27",18,299.241700960219,275.128943758573
"poly27","Trichoblast-t","#908FB3","poly27",19,299.259259259259,276.1109739369
"poly27","Trichoblast-t","#908FB3","poly27",20,299.242249657064,276.927572016461
"poly27","Trichoblast-t","#908FB3","poly27",21,299.214540466392,277.48573388203
"poly27","Trichoblast-t","#908FB3","poly27",22,299.2,277.692455418381
"poly27","Trichoblast-t","#908FB3","poly27",23,299.2,277.692455418381
"poly27","Trichoblast-t","#908FB3","poly27",24,299.2,277.692455418381
"poly27","Trichoblast-t","#908FB3","poly27",25,299.167489711934,278.054183813443
"poly27","Trichoblast-t","#908FB3","poly27",26,299.073251028807,278.40109739369
"poly27","Trichoblast-t","#908FB3","poly27",27,298.922222222222,278.725788751714
"poly27","Trichoblast-t","#908FB3","poly27",28,298.719341563786,279.020850480109
"poly27","Trichoblast-t","#908FB3","poly27",29,298.469547325103,279.278875171467
"poly27","Trichoblast-t","#908FB3","poly27",30,298.177777777778,279.492455418381
"poly27","Trichoblast-t","#908FB3","poly27",31,297.848971193416,279.654183813443
"poly27","Trichoblast-t","#908FB3","poly27",32,297.488065843621,279.756652949245
"poly27","Trichoblast-t","#908FB3","poly27",33,297.1,279.792455418381
"poly27","Trichoblast-t","#908FB3","poly27",34,279.1,279.792455418381
"poly27","Trichoblast-t","#908FB3","poly27",35,279.1,279.792455418381
"poly27","Trichoblast-t","#908FB3","poly27",36,278.711934156379,279.759945130315
"poly27","Trichoblast-t","#908FB3","poly27",37,278.351028806584,279.665706447188
"poly27","Trichoblast-t","#908FB3","poly27",38,278.022222222222,279.514677640603
"poly27","Trichoblast-t","#908FB3","poly27",39,277.730452674897,279.311796982167
"poly27","Trichoblast-t","#908FB3","poly27",40,277.480658436214,279.062002743484
"poly27","Trichoblast-t","#908FB3","poly27",41,277.277777777778,278.770233196159
"poly27","Trichoblast-t","#908FB3","poly27",42,277.126748971193,278.441426611797
"poly27","Trichoblast-t","#908FB3","poly27",43,277.032510288066,278.080521262003
"poly27","Trichoblast-t","#908FB3","poly27",44,277,277.692455418381
"poly27","Trichoblast-t","#908FB3","poly27",45,277,277.692455418381
"poly27","Trichoblast-t","#908FB3","poly27",46,277.006172839506,277.46268861454
"poly27","Trichoblast-t","#908FB3","poly27",47,277.086419753086,276.846913580247
"poly27","Trichoblast-t","#908FB3","poly27",48,277.233333333333,275.955418381344
"poly27","Trichoblast-t","#908FB3","poly27",49,277.43950617284,274.898491083676
"poly27","Trichoblast-t","#908FB3","poly27",50,277.697530864198,273.786419753086
"poly27","Trichoblast-t","#908FB3","poly27",51,278,272.729492455418
"poly27","Trichoblast-t","#908FB3","poly27",52,278.339506172839,271.837997256516
"poly27","Trichoblast-t","#908FB3","poly27",53,278.708641975309,271.222222222222
"poly27","Trichoblast-t","#908FB3","poly27",54,279.1,270.992455418381
"poly28","Trichoblast-t","#908FB3","poly28",1,279.3,280.092455418381
"poly28","Trichoblast-t","#908FB3","poly28",2,297.3,280.092455418381
"poly28","Trichoblast-t","#908FB3","poly28",3,297.3,280.092455418381
"poly28","Trichoblast-t","#908FB3","poly28",4,297.688065843621,280.135528120713
"poly28","Trichoblast-t","#908FB3","poly28",5,298.048971193416,280.259259259259
"poly28","Trichoblast-t","#908FB3","poly28",6,298.377777777778,280.455418381344
"poly28","Trichoblast-t","#908FB3","poly28",7,298.669547325103,280.715775034293
"poly28","Trichoblast-t","#908FB3","poly28",8,298.919341563786,281.032098765432
"poly28","Trichoblast-t","#908FB3","poly28",9,299.122222222222,281.396159122085
"poly28","Trichoblast-t","#908FB3","poly28",10,299.273251028807,281.799725651577
"poly28","Trichoblast-t","#908FB3","poly28",11,299.367489711934,282.234567901234
"poly28","Trichoblast-t","#908FB3","poly28",12,299.4,282.692455418381
"poly28","Trichoblast-t","#908FB3","poly28",13,299.4,288.492455418381
"poly28","Trichoblast-t","#908FB3","poly28",14,299.4,288.492455418381
"poly28","Trichoblast-t","#908FB3","poly28",15,299.367489711934,288.976680384088
"poly28","Trichoblast-t","#908FB3","poly28",16,299.273251028807,289.425514403292
"poly28","Trichoblast-t","#908FB3","poly28",17,299.122222222222,289.833196159122
"poly28","Trichoblast-t","#908FB3","poly28",18,298.919341563786,290.193964334705
"poly28","Trichoblast-t","#908FB3","poly28",19,298.669547325103,290.502057613168
"poly28","Trichoblast-t","#908FB3","poly28",20,298.377777777778,290.75171467764
"poly28","Trichoblast-t","#908FB3","poly28",21,298.048971193416,290.937174211248
"poly28","Trichoblast-t","#908FB3","poly28",22,297.688065843621,291.052674897119
"poly28","Trichoblast-t","#908FB3","poly28",23,297.3,291.092455418381
"poly28","Trichoblast-t","#908FB3","poly28",24,279.3,291.092455418381
"poly28","Trichoblast-t","#908FB3","poly28",25,279.3,291.092455418381
"poly28","Trichoblast-t","#908FB3","poly28",26,278.911934156379,291.049382716049
"poly28","Trichoblast-t","#908FB3","poly28",27,278.551028806584,290.925651577503
"poly28","Trichoblast-t","#908FB3","poly28",28,278.222222222222,290.729492455418
"poly28","Trichoblast-t","#908FB3","poly28",29,277.930452674897,290.469135802469
"poly28","Trichoblast-t","#908FB3","poly28",30,277.680658436214,290.15281207133
"poly28","Trichoblast-t","#908FB3","poly28",31,277.477777777778,289.788751714677
"poly28","Trichoblast-t","#908FB3","poly28",32,277.326748971193,289.385185185185
"poly28","Trichoblast-t","#908FB3","poly28",33,277.232510288066,288.950342935528
"poly28","Trichoblast-t","#908FB3","poly28",34,277.2,288.492455418381
"poly28","Trichoblast-t","#908FB3","poly28",35,277.2,288.492455418381
"poly28","Trichoblast-t","#908FB3","poly28",36,277.232510288066,288.230727023319
"poly28","Trichoblast-t","#908FB3","poly28",37,277.326748971193,287.472702331961
"poly28","Trichoblast-t","#908FB3","poly28",38,277.477777777778,286.359122085048
"poly28","Trichoblast-t","#908FB3","poly28",39,277.680658436214,285.030727023319
"poly28","Trichoblast-t","#908FB3","poly28",40,277.930452674897,283.628257887517
"poly28","Trichoblast-t","#908FB3","poly28",41,278.222222222222,282.292455418381
"poly28","Trichoblast-t","#908FB3","poly28",42,278.551028806584,281.164060356653
"poly28","Trichoblast-t","#908FB3","poly28",43,278.911934156379,280.383813443072
"poly28","Trichoblast-t","#908FB3","poly28",44,279.3,280.092455418381
"poly29","Trichoblast-t","#908FB3","poly29",1,278.7,291.892455418381
"poly29","Trichoblast-t","#908FB3","poly29",2,299,291.892455418381
"poly29","Trichoblast-t","#908FB3","poly29",3,299,291.892455418381
"poly29","Trichoblast-t","#908FB3","poly29",4,299.424691358025,291.942661179698
"poly29","Trichoblast-t","#908FB3","poly29",5,299.827160493827,292.086694101509
"poly29","Trichoblast-t","#908FB3","poly29",6,300.2,292.314677640603
"poly29","Trichoblast-t","#908FB3","poly29",7,300.535802469136,292.616735253772
"poly29","Trichoblast-t","#908FB3","poly29",8,300.827160493827,292.982990397805
"poly29","Trichoblast-t","#908FB3","poly29",9,301.066666666667,293.403566529492
"poly29","Trichoblast-t","#908FB3","poly29",10,301.246913580247,293.868587105624
"poly29","Trichoblast-t","#908FB3","poly29",11,301.36049382716,294.36817558299
"poly29","Trichoblast-t","#908FB3","poly29",12,301.4,294.892455418381
"poly29","Trichoblast-t","#908FB3","poly29",13,301.4,301.592455418381
"poly29","Trichoblast-t","#908FB3","poly29",14,301.4,301.592455418381
"poly29","Trichoblast-t","#908FB3","poly29",15,301.36049382716,302.143072702332
"poly29","Trichoblast-t","#908FB3","poly29",16,301.246913580247,302.656652949245
"poly29","Trichoblast-t","#908FB3","poly29",17,301.066666666667,303.125788751714
"poly29","Trichoblast-t","#908FB3","poly29",18,300.827160493827,303.543072702332
"poly29","Trichoblast-t","#908FB3","poly29",19,300.535802469136,303.90109739369
"poly29","Trichoblast-t","#908FB3","poly29",20,300.2,304.192455418381
"poly29","Trichoblast-t","#908FB3","poly29",21,299.827160493827,304.409739368998
"poly29","Trichoblast-t","#908FB3","poly29",22,299.424691358025,304.545541838134
"poly29","Trichoblast-t","#908FB3","poly29",23,299,304.592455418381
"poly29","Trichoblast-t","#908FB3","poly29",24,278.8,304.592455418381
"poly29","Trichoblast-t","#908FB3","poly29",25,278.8,304.592455418381
"poly29","Trichoblast-t","#908FB3","poly29",26,278.375308641975,304.542249657064
"poly29","Trichoblast-t","#908FB3","poly29",27,277.972839506173,304.398216735253
"poly29","Trichoblast-t","#908FB3","poly29",28,277.6,304.170233196159
"poly29","Trichoblast-t","#908FB3","poly29",29,277.264197530864,303.86817558299
"poly29","Trichoblast-t","#908FB3","poly29",30,276.972839506173,303.501920438957
"poly29","Trichoblast-t","#908FB3","poly29",31,276.733333333333,303.08134430727
"poly29","Trichoblast-t","#908FB3","poly29",32,276.553086419753,302.616323731138
"poly29","Trichoblast-t","#908FB3","poly29",33,276.43950617284,302.116735253772
"poly29","Trichoblast-t","#908FB3","poly29",34,276.4,301.592455418381
"poly29","Trichoblast-t","#908FB3","poly29",35,276.4,301.592455418381
"poly29","Trichoblast-t","#908FB3","poly29",36,276.436076817558,301.286145404664
"poly29","Trichoblast-t","#908FB3","poly29",37,276.540466392318,300.408641975308
"poly29","Trichoblast-t","#908FB3","poly29",38,276.707407407407,299.122085048011
"poly29","Trichoblast-t","#908FB3","poly29",39,276.931138545953,297.588614540466
"poly29","Trichoblast-t","#908FB3","poly29",40,277.205898491084,295.97037037037
"poly29","Trichoblast-t","#908FB3","poly29",41,277.525925925926,294.429492455418
"poly29","Trichoblast-t","#908FB3","poly29",42,277.885459533608,293.128120713306
"poly29","Trichoblast-t","#908FB3","poly29",43,278.278737997256,292.228395061728
"poly29","Trichoblast-t","#908FB3","poly29",44,278.7,291.892455418381
"poly30","Atrichoblast-e1","#D1E9D1","poly30",1,257.1,302.092455418381
"poly30","Atrichoblast-e1","#D1E9D1","poly30",2,257.1,302.092455418381
"poly30","Atrichoblast-e1","#D1E9D1","poly30",3,259.055281207133,301.921262002743
"poly30","Atrichoblast-e1","#D1E9D1","poly30",4,260.920027434842,301.80438957476
"poly30","Atrichoblast-e1","#D1E9D1","poly30",5,262.692592592593,301.736899862825
"poly30","Atrichoblast-e1","#D1E9D1","poly30",6,264.371330589849,301.713854595336
"poly30","Atrichoblast-e1","#D1E9D1","poly30",7,265.954595336077,301.730315500685
"poly30","Atrichoblast-e1","#D1E9D1","poly30",8,267.440740740741,301.78134430727
"poly30","Atrichoblast-e1","#D1E9D1","poly30",9,268.828120713306,301.862002743484
"poly30","Atrichoblast-e1","#D1E9D1","poly30",10,270.115089163237,301.967352537723
"poly30","Atrichoblast-e1","#D1E9D1","poly30",11,271.3,302.092455418381
"poly30","Atrichoblast-e1","#D1E9D1","poly30",12,271.3,302.092455418381
"poly30","Atrichoblast-e1","#D1E9D1","poly30",13,272.566803840878,302.237585733882
"poly30","Atrichoblast-e1","#D1E9D1","poly30",14,273.70109739369,302.409053497942
"poly30","Atrichoblast-e1","#D1E9D1","poly30",15,274.703703703704,302.610973936899
"poly30","Atrichoblast-e1","#D1E9D1","poly30",16,275.575445816187,302.847462277092
"poly30","Atrichoblast-e1","#D1E9D1","poly30",17,276.317146776406,303.122633744856
"poly30","Atrichoblast-e1","#D1E9D1","poly30",18,276.92962962963,303.440603566529
"poly30","Atrichoblast-e1","#D1E9D1","poly30",19,277.413717421125,303.80548696845
"poly30","Atrichoblast-e1","#D1E9D1","poly30",20,277.770233196159,304.221399176954
"poly30","Atrichoblast-e1","#D1E9D1","poly30",21,278,304.692455418381
"poly30","Atrichoblast-e1","#D1E9D1","poly30",22,278,304.692455418381
"poly30","Atrichoblast-e1","#D1E9D1","poly30",23,278.090809327846,305.065843621399
"poly30","Atrichoblast-e1","#D1E9D1","poly30",24,278.104252400549,305.449931412894
"poly30","Atrichoblast-e1","#D1E9D1","poly30",25,278.051851851852,305.840603566529
"poly30","Atrichoblast-e1","#D1E9D1","poly30",26,277.945130315501,306.233744855967
"poly30","Atrichoblast-e1","#D1E9D1","poly30",27,277.79561042524,306.625240054869
"poly30","Atrichoblast-e1","#D1E9D1","poly30",28,277.614814814815,307.0109739369
"poly30","Atrichoblast-e1","#D1E9D1","poly30",29,277.41426611797,307.38683127572
"poly30","Atrichoblast-e1","#D1E9D1","poly30",30,277.20548696845,307.748696844993
"poly30","Atrichoblast-e1","#D1E9D1","poly30",31,277,308.092455418381
"poly30","Atrichoblast-e1","#D1E9D1","poly30",32,277,332.792455418381
"poly30","Atrichoblast-e1","#D1E9D1","poly30",33,277,332.792455418381
"poly30","Atrichoblast-e1","#D1E9D1","poly30",34,276.910013717421,333.867352537723
"poly30","Atrichoblast-e1","#D1E9D1","poly30",35,276.650480109739,334.880521262002
"poly30","Atrichoblast-e1","#D1E9D1","poly30",36,276.237037037037,335.814677640603
"poly30","Atrichoblast-e1","#D1E9D1","poly30",37,275.685322359396,336.652537722908
"poly30","Atrichoblast-e1","#D1E9D1","poly30",38,275.0109739369,337.376817558299
"poly30","Atrichoblast-e1","#D1E9D1","poly30",39,274.22962962963,337.970233196159
"poly30","Atrichoblast-e1","#D1E9D1","poly30",40,273.356927297668,338.415500685871
"poly30","Atrichoblast-e1","#D1E9D1","poly30",41,272.408504801097,338.695336076817
"poly30","Atrichoblast-e1","#D1E9D1","poly30",42,271.4,338.792455418381
"poly30","Atrichoblast-e1","#D1E9D1","poly30",43,257.2,338.792455418381
"poly30","Atrichoblast-e1","#D1E9D1","poly30",44,257.2,338.792455418381
"poly30","Atrichoblast-e1","#D1E9D1","poly30",45,256.812620027435,338.75061728395
"poly30","Atrichoblast-e1","#D1E9D1","poly30",46,256.389849108368,338.687379972565
"poly30","Atrichoblast-e1","#D1E9D1","poly30",47,255.940740740741,338.596159122085
"poly30","Atrichoblast-e1","#D1E9D1","poly30",48,255.474348422497,338.47037037037
"poly30","Atrichoblast-e1","#D1E9D1","poly30",49,254.999725651577,338.303429355281
"poly30","Atrichoblast-e1","#D1E9D1","poly30",50,254.525925925926,338.088751714677
"poly30","Atrichoblast-e1","#D1E9D1","poly30",51,254.062002743484,337.819753086419
"poly30","Atrichoblast-e1","#D1E9D1","poly30",52,253.617009602195,337.489849108367
"poly30","Atrichoblast-e1","#D1E9D1","poly30",53,253.2,337.092455418381
"poly30","Atrichoblast-e1","#D1E9D1","poly30",54,253.2,337.092455418381
"poly30","Atrichoblast-e1","#D1E9D1","poly30",55,252.701371742112,336.455967078189
"poly30","Atrichoblast-e1","#D1E9D1","poly30",56,252.329492455418,335.748696844993
"poly30","Atrichoblast-e1","#D1E9D1","poly30",57,252.07037037037,334.973936899862
"poly30","Atrichoblast-e1","#D1E9D1","poly30",58,251.910013717421,334.134979423868
"poly30","Atrichoblast-e1","#D1E9D1","poly30",59,251.834430727023,333.235116598079
"poly30","Atrichoblast-e1","#D1E9D1","poly30",60,251.82962962963,332.277640603566
"poly30","Atrichoblast-e1","#D1E9D1","poly30",61,251.881618655693,331.265843621399
"poly30","Atrichoblast-e1","#D1E9D1","poly30",62,251.976406035665,330.203017832647
"poly30","Atrichoblast-e1","#D1E9D1","poly30",63,252.1,329.092455418381
"poly30","Atrichoblast-e1","#D1E9D1","poly30",64,252.1,329.092455418381
"poly30","Atrichoblast-e1","#D1E9D1","poly30",65,252.241152263374,327.785322359396
"poly30","Atrichoblast-e1","#D1E9D1","poly30",66,252.399588477366,326.398353909465
"poly30","Atrichoblast-e1","#D1E9D1","poly30",67,252.577777777778,324.933196159122
"poly30","Atrichoblast-e1","#D1E9D1","poly30",68,252.778189300412,323.391495198902
"poly30","Atrichoblast-e1","#D1E9D1","poly30",69,253.00329218107,321.774897119341
"poly30","Atrichoblast-e1","#D1E9D1","poly30",70,253.255555555556,320.085048010974
"poly30","Atrichoblast-e1","#D1E9D1","poly30",71,253.537448559671,318.323593964334
"poly30","Atrichoblast-e1","#D1E9D1","poly30",72,253.851440329218,316.492181069959
"poly30","Atrichoblast-e1","#D1E9D1","poly30",73,254.2,314.592455418381
"poly30","Atrichoblast-e1","#D1E9D1","poly30",74,254.2,314.592455418381
"poly30","Atrichoblast-e1","#D1E9D1","poly30",75,254.133333333333,313.159122085048
"poly30","Atrichoblast-e1","#D1E9D1","poly30",76,254.066666666667,311.725788751714
"poly30","Atrichoblast-e1","#D1E9D1","poly30",77,254,310.292455418381
"poly30","Atrichoblast-e1","#D1E9D1","poly30",78,253.933333333333,308.859122085048
"poly30","Atrichoblast-e1","#D1E9D1","poly30",79,253.866666666667,307.425788751714
"poly30","Atrichoblast-e1","#D1E9D1","poly30",80,253.8,305.992455418381
"poly30","Atrichoblast-e1","#D1E9D1","poly30",81,253.733333333333,304.559122085048
"poly30","Atrichoblast-e1","#D1E9D1","poly30",82,253.666666666667,303.125788751714
"poly30","Atrichoblast-e1","#D1E9D1","poly30",83,253.6,301.692455418381
"poly30","Atrichoblast-e1","#D1E9D1","poly30",84,253.6,301.692455418381
"poly30","Atrichoblast-e1","#D1E9D1","poly30",85,253.970233196159,301.699588477366
"poly30","Atrichoblast-e1","#D1E9D1","poly30",86,254.347050754458,301.719890260631
"poly30","Atrichoblast-e1","#D1E9D1","poly30",87,254.72962962963,301.75171467764
"poly30","Atrichoblast-e1","#D1E9D1","poly30",88,255.117146776406,301.79341563786
"poly30","Atrichoblast-e1","#D1E9D1","poly30",89,255.50877914952,301.843347050754
"poly30","Atrichoblast-e1","#D1E9D1","poly30",90,255.903703703704,301.899862825788
"poly30","Atrichoblast-e1","#D1E9D1","poly30",91,256.30109739369,301.961316872428
"poly30","Atrichoblast-e1","#D1E9D1","poly30",92,256.700137174211,302.026063100137
"poly30","Atrichoblast-e1","#D1E9D1","poly30",93,257.1,302.092455418381
"poly31","Atrichoblast-e1","#D1E9D1","poly31",1,253.4,331.892455418381
"poly31","Atrichoblast-e1","#D1E9D1","poly31",2,274.4,331.892455418381
"poly31","Atrichoblast-e1","#D1E9D1","poly31",3,274.4,331.892455418381
"poly31","Atrichoblast-e1","#D1E9D1","poly31",4,274.75829903978,331.924828532236
"poly31","Atrichoblast-e1","#D1E9D1","poly31",5,275.096021947874,332.018106995884
"poly31","Atrichoblast-e1","#D1E9D1","poly31",6,275.407407407407,332.166529492455
"poly31","Atrichoblast-e1","#D1E9D1","poly31",7,275.686694101509,332.364334705075
"poly31","Atrichoblast-e1","#D1E9D1","poly31",8,275.928120713306,332.605761316872
"poly31","Atrichoblast-e1","#D1E9D1","poly31",9,276.125925925926,332.885048010974
"poly31","Atrichoblast-e1","#D1E9D1","poly31",10,276.274348422497,333.196433470507
"poly31","Atrichoblast-e1","#D1E9D1","poly31",11,276.367626886145,333.5341563786
"poly31","Atrichoblast-e1","#D1E9D1","poly31",12,276.4,333.892455418381
"poly31","Atrichoblast-e1","#D1E9D1","poly31",13,276.4,368.492455418381
"poly31","Atrichoblast-e1","#D1E9D1","poly31",14,276.4,368.492455418381
"poly31","Atrichoblast-e1","#D1E9D1","poly31",15,276.367626886145,368.850754458162
"poly31","Atrichoblast-e1","#D1E9D1","poly31",16,276.274348422497,369.188477366255
"poly31","Atrichoblast-e1","#D1E9D1","poly31",17,276.125925925926,369.499862825788
"poly31","Atrichoblast-e1","#D1E9D1","poly31",18,275.928120713306,369.77914951989
"poly31","Atrichoblast-e1","#D1E9D1","poly31",19,275.686694101509,370.020576131687
"poly31","Atrichoblast-e1","#D1E9D1","poly31",20,275.407407407407,370.218381344307
"poly31","Atrichoblast-e1","#D1E9D1","poly31",21,275.096021947874,370.366803840878
"poly31","Atrichoblast-e1","#D1E9D1","poly31",22,274.75829903978,370.460082304526
"poly31","Atrichoblast-e1","#D1E9D1","poly31",23,274.4,370.492455418381
"poly31","Atrichoblast-e1","#D1E9D1","poly31",24,253.4,370.492455418381
"poly31","Atrichoblast-e1","#D1E9D1","poly31",25,253.4,370.492455418381
"poly31","Atrichoblast-e1","#D1E9D1","poly31",26,253.041700960219,370.460082304527
"poly31","Atrichoblast-e1","#D1E9D1","poly31",27,252.703978052126,370.366803840878
"poly31","Atrichoblast-e1","#D1E9D1","poly31",28,252.392592592593,370.218381344307
"poly31","Atrichoblast-e1","#D1E9D1","poly31",29,252.113305898491,370.020576131687
"poly31","Atrichoblast-e1","#D1E9D1","poly31",30,251.871879286694,369.77914951989
"poly31","Atrichoblast-e1","#D1E9D1","poly31",31,251.674074074074,369.499862825788
"poly31","Atrichoblast-e1","#D1E9D1","poly31",32,251.525651577503,369.188477366255
"poly31","Atrichoblast-e1","#D1E9D1","poly31",33,251.432373113855,368.850754458162
"poly31","Atrichoblast-e1","#D1E9D1","poly31",34,251.4,368.492455418381
"poly31","Atrichoblast-e1","#D1E9D1","poly31",35,251.4,333.892455418381
"poly31","Atrichoblast-e1","#D1E9D1","poly31",36,251.4,333.892455418381
"poly31","Atrichoblast-e1","#D1E9D1","poly31",37,251.432373113855,333.534156378601
"poly31","Atrichoblast-e1","#D1E9D1","poly31",38,251.525651577503,333.196433470507
"poly31","Atrichoblast-e1","#D1E9D1","poly31",39,251.674074074074,332.885048010974
"poly31","Atrichoblast-e1","#D1E9D1","poly31",40,251.871879286694,332.605761316872
"poly31","Atrichoblast-e1","#D1E9D1","poly31",41,252.113305898491,332.364334705075
"poly31","Atrichoblast-e1","#D1E9D1","poly31",42,252.392592592593,332.166529492455
"poly31","Atrichoblast-e1","#D1E9D1","poly31",43,252.703978052126,332.018106995884
"poly31","Atrichoblast-e1","#D1E9D1","poly31",44,253.041700960219,331.924828532236
"poly31","Atrichoblast-e1","#D1E9D1","poly31",45,253.4,331.892455418381
"poly32","Atrichoblast-e2","#ADBCAF","poly32",1,262.5,369.492455418381
"poly32","Atrichoblast-e2","#ADBCAF","poly32",2,262.5,369.492455418381
"poly32","Atrichoblast-e2","#ADBCAF","poly32",3,263.833333333333,369.447050754458
"poly32","Atrichoblast-e2","#ADBCAF","poly32",4,265.1,369.440329218107
"poly32","Atrichoblast-e2","#ADBCAF","poly32",5,266.3,369.466529492455
"poly32","Atrichoblast-e2","#ADBCAF","poly32",6,267.433333333333,369.519890260631
"poly32","Atrichoblast-e2","#ADBCAF","poly32",7,268.5,369.594650205761
"poly32","Atrichoblast-e2","#ADBCAF","poly32",8,269.5,369.685048010974
"poly32","Atrichoblast-e2","#ADBCAF","poly32",9,270.433333333333,369.785322359396
"poly32","Atrichoblast-e2","#ADBCAF","poly32",10,271.3,369.889711934156
"poly32","Atrichoblast-e2","#ADBCAF","poly32",11,272.1,369.992455418381
"poly32","Atrichoblast-e2","#ADBCAF","poly32",12,272.1,369.992455418381
"poly32","Atrichoblast-e2","#ADBCAF","poly32",13,273.318792866941,370.192455418381
"poly32","Atrichoblast-e2","#ADBCAF","poly32",14,274.324417009602,370.392455418381
"poly32","Atrichoblast-e2","#ADBCAF","poly32",15,275.140740740741,370.592455418381
"poly32","Atrichoblast-e2","#ADBCAF","poly32",16,275.791632373114,370.792455418381
"poly32","Atrichoblast-e2","#ADBCAF","poly32",17,276.300960219479,370.992455418381
"poly32","Atrichoblast-e2","#ADBCAF","poly32",18,276.692592592593,371.192455418381
"poly32","Atrichoblast-e2","#ADBCAF","poly32",19,276.990397805213,371.392455418381
"poly32","Atrichoblast-e2","#ADBCAF","poly32",20,277.218244170096,371.592455418381
"poly32","Atrichoblast-e2","#ADBCAF","poly32",21,277.4,371.792455418381
"poly32","Atrichoblast-e2","#ADBCAF","poly32",22,277.4,371.792455418381
"poly32","Atrichoblast-e2","#ADBCAF","poly32",23,277.978737997256,372.713305898491
"poly32","Atrichoblast-e2","#ADBCAF","poly32",24,278.281755829904,373.774074074074
"poly32","Atrichoblast-e2","#ADBCAF","poly32",25,278.359259259259,374.922085048011
"poly32","Atrichoblast-e2","#ADBCAF","poly32",26,278.261454046639,376.104663923182
"poly32","Atrichoblast-e2","#ADBCAF","poly32",27,278.038545953361,377.269135802469
"poly32","Atrichoblast-e2","#ADBCAF","poly32",28,277.740740740741,378.362825788751
"poly32","Atrichoblast-e2","#ADBCAF","poly32",29,277.418244170096,379.33305898491
"poly32","Atrichoblast-e2","#ADBCAF","poly32",30,277.121262002743,380.127160493827
"poly32","Atrichoblast-e2","#ADBCAF","poly32",31,276.9,380.692455418381
"poly32","Atrichoblast-e2","#ADBCAF","poly32",32,276.9,380.692455418381
"poly32","Atrichoblast-e2","#ADBCAF","poly32",33,276.226611796982,382.67037037037
"poly32","Atrichoblast-e2","#ADBCAF","poly32",34,275.624005486968,385.034293552812
"poly32","Atrichoblast-e2","#ADBCAF","poly32",35,275.118518518519,387.829492455418
"poly32","Atrichoblast-e2","#ADBCAF","poly32",36,274.736488340192,391.101234567901
"poly32","Atrichoblast-e2","#ADBCAF","poly32",37,274.504252400549,394.894787379972
"poly32","Atrichoblast-e2","#ADBCAF","poly32",38,274.448148148148,399.255418381344
"poly32","Atrichoblast-e2","#ADBCAF","poly32",39,274.59451303155,404.228395061728
"poly32","Atrichoblast-e2","#ADBCAF","poly32",40,274.969684499314,409.858984910836
"poly32","Atrichoblast-e2","#ADBCAF","poly32",41,275.6,416.192455418381
"poly32","Atrichoblast-e2","#ADBCAF","poly32",42,275.6,416.192455418381
"poly32","Atrichoblast-e2","#ADBCAF","poly32",43,275.665294924554,417.41316872428
"poly32","Atrichoblast-e2","#ADBCAF","poly32",44,275.603840877915,418.535939643347
"poly32","Atrichoblast-e2","#ADBCAF","poly32",45,275.42962962963,419.55171467764
"poly32","Atrichoblast-e2","#ADBCAF","poly32",46,275.156652949246,420.451440329218
"poly32","Atrichoblast-e2","#ADBCAF","poly32",47,274.79890260631,421.226063100137
"poly32","Atrichoblast-e2","#ADBCAF","poly32",48,274.37037037037,421.866529492455
"poly32","Atrichoblast-e2","#ADBCAF","poly32",49,273.885048010974,422.36378600823
"poly32","Atrichoblast-e2","#ADBCAF","poly32",50,273.356927297668,422.70877914952
"poly32","Atrichoblast-e2","#ADBCAF","poly32",51,272.8,422.892455418381
"poly32","Atrichoblast-e2","#ADBCAF","poly32",52,272.8,422.892455418381
"poly32","Atrichoblast-e2","#ADBCAF","poly32",53,272.404663923182,422.910425240055
"poly32","Atrichoblast-e2","#ADBCAF","poly32",54,272.022496570645,422.843621399177
"poly32","Atrichoblast-e2","#ADBCAF","poly32",55,271.659259259259,422.7109739369
"poly32","Atrichoblast-e2","#ADBCAF","poly32",56,271.320713305898,422.531412894375
"poly32","Atrichoblast-e2","#ADBCAF","poly32",57,271.012620027435,422.323868312757
"poly32","Atrichoblast-e2","#ADBCAF","poly32",58,270.740740740741,422.107270233196
"poly32","Atrichoblast-e2","#ADBCAF","poly32",59,270.510836762689,421.900548696845
"poly32","Atrichoblast-e2","#ADBCAF","poly32",60,270.328669410151,421.722633744856
"poly32","Atrichoblast-e2","#ADBCAF","poly32",61,270.2,421.592455418381
"poly32","Atrichoblast-e2","#ADBCAF","poly32",62,254.3,421.592455418381
"poly32","Atrichoblast-e2","#ADBCAF","poly32",63,254.3,421.592455418381
"poly32","Atrichoblast-e2","#ADBCAF","poly32",64,253.573799725651,422.630727023319
"poly32","Atrichoblast-e2","#ADBCAF","poly32",65,252.92743484225,423.43196159122
"poly32","Atrichoblast-e2","#ADBCAF","poly32",66,252.359259259259,424.025788751714
"poly32","Atrichoblast-e2","#ADBCAF","poly32",67,251.867626886145,424.44183813443
"poly32","Atrichoblast-e2","#ADBCAF","poly32",68,251.450891632373,424.709739368998
"poly32","Atrichoblast-e2","#ADBCAF","poly32",69,251.107407407407,424.859122085048
"poly32","Atrichoblast-e2","#ADBCAF","poly32",70,250.835528120713,424.919615912208
"poly32","Atrichoblast-e2","#ADBCAF","poly32",71,250.633607681756,424.920850480109
"poly32","Atrichoblast-e2","#ADBCAF","poly32",72,250.5,424.892455418381
"poly32","Atrichoblast-e2","#ADBCAF","poly32",73,250.5,424.892455418381
"poly32","Atrichoblast-e2","#ADBCAF","poly32",74,249.888751714678,424.482167352538
"poly32","Atrichoblast-e2","#ADBCAF","poly32",75,249.439643347051,423.662002743484
"poly32","Atrichoblast-e2","#ADBCAF","poly32",76,249.12962962963,422.548010973936
"poly32","Atrichoblast-e2","#ADBCAF","poly32",77,248.935665294925,421.256241426611
"poly32","Atrichoblast-e2","#ADBCAF","poly32",78,248.834705075446,419.902743484225
"poly32","Atrichoblast-e2","#ADBCAF","poly32",79,248.803703703704,418.603566529492
"poly32","Atrichoblast-e2","#ADBCAF","poly32",80,248.819615912208,417.47475994513
"poly32","Atrichoblast-e2","#ADBCAF","poly32",81,248.85939643347,416.632373113854
"poly32","Atrichoblast-e2","#ADBCAF","poly32",82,248.9,416.192455418381
"poly32","Atrichoblast-e2","#ADBCAF","poly32",83,248.9,416.192455418381
"poly32","Atrichoblast-e2","#ADBCAF","poly32",84,248.985322359396,411.774211248285
"poly32","Atrichoblast-e2","#ADBCAF","poly32",85,249.108504801097,407.320576131687
"poly32","Atrichoblast-e2","#ADBCAF","poly32",86,249.27037037037,402.833196159122
"poly32","Atrichoblast-e2","#ADBCAF","poly32",87,249.471742112483,398.313717421125
"poly32","Atrichoblast-e2","#ADBCAF","poly32",88,249.713443072702,393.76378600823
"poly32","Atrichoblast-e2","#ADBCAF","poly32",89,249.996296296296,389.185048010974
"poly32","Atrichoblast-e2","#ADBCAF","poly32",90,250.321124828532,384.57914951989
"poly32","Atrichoblast-e2","#ADBCAF","poly32",91,250.688751714678,379.947736625514
"poly32","Atrichoblast-e2","#ADBCAF","poly32",92,251.1,375.292455418381
"poly32","Atrichoblast-e2","#ADBCAF","poly32",93,251.1,375.292455418381
"poly32","Atrichoblast-e2","#ADBCAF","poly32",94,251.166666666667,374.655692729767
"poly32","Atrichoblast-e2","#ADBCAF","poly32",95,251.233333333333,374.013168724279
"poly32","Atrichoblast-e2","#ADBCAF","poly32",96,251.3,373.366529492455
"poly32","Atrichoblast-e2","#ADBCAF","poly32",97,251.366666666667,372.717421124828
"poly32","Atrichoblast-e2","#ADBCAF","poly32",98,251.433333333333,372.067489711934
"poly32","Atrichoblast-e2","#ADBCAF","poly32",99,251.5,371.418381344307
"poly32","Atrichoblast-e2","#ADBCAF","poly32",100,251.566666666667,370.771742112483
"poly32","Atrichoblast-e2","#ADBCAF","poly32",101,251.633333333333,370.129218106996
"poly32","Atrichoblast-e2","#ADBCAF","poly32",102,251.7,369.492455418381
"poly32","Atrichoblast-e2","#ADBCAF","poly32",103,251.7,369.492455418381
"poly32","Atrichoblast-e2","#ADBCAF","poly32",104,252.9,369.518792866941
"poly32","Atrichoblast-e2","#ADBCAF","poly32",105,254.1,369.532784636488
"poly32","Atrichoblast-e2","#ADBCAF","poly32",106,255.3,369.536899862825
"poly32","Atrichoblast-e2","#ADBCAF","poly32",107,256.5,369.533607681755
"poly32","Atrichoblast-e2","#ADBCAF","poly32",108,257.7,369.525377229081
"poly32","Atrichoblast-e2","#ADBCAF","poly32",109,258.9,369.514677640603
"poly32","Atrichoblast-e2","#ADBCAF","poly32",110,260.1,369.503978052126
"poly32","Atrichoblast-e2","#ADBCAF","poly32",111,261.3,369.495747599451
"poly32","Atrichoblast-e2","#ADBCAF","poly32",112,262.5,369.492455418381
"poly33","Atrichoblast-e2","#ADBCAF","poly33",1,255.6,421.592455418381
"poly33","Atrichoblast-e2","#ADBCAF","poly33",2,269.3,421.592455418381
"poly33","Atrichoblast-e2","#ADBCAF","poly33",3,269.3,421.592455418381
"poly33","Atrichoblast-e2","#ADBCAF","poly33",4,270.275308641975,421.678875171468
"poly33","Atrichoblast-e2","#ADBCAF","poly33",5,271.191358024691,421.928257887517
"poly33","Atrichoblast-e2","#ADBCAF","poly33",6,272.033333333333,422.325788751714
"poly33","Atrichoblast-e2","#ADBCAF","poly33",7,272.786419753086,422.856652949245
"poly33","Atrichoblast-e2","#ADBCAF","poly33",8,273.435802469136,423.506035665295
"poly33","Atrichoblast-e2","#ADBCAF","poly33",9,273.966666666667,424.259122085048
"poly33","Atrichoblast-e2","#ADBCAF","poly33",10,274.364197530864,425.10109739369
"poly33","Atrichoblast-e2","#ADBCAF","poly33",11,274.613580246914,426.017146776406
"poly33","Atrichoblast-e2","#ADBCAF","poly33",12,274.7,426.992455418381
"poly33","Atrichoblast-e2","#ADBCAF","poly33",13,274.7,466.992455418381
"poly33","Atrichoblast-e2","#ADBCAF","poly33",14,274.7,466.992455418381
"poly33","Atrichoblast-e2","#ADBCAF","poly33",15,274.613580246914,467.967764060356
"poly33","Atrichoblast-e2","#ADBCAF","poly33",16,274.364197530864,468.883813443072
"poly33","Atrichoblast-e2","#ADBCAF","poly33",17,273.966666666667,469.725788751714
"poly33","Atrichoblast-e2","#ADBCAF","poly33",18,273.435802469136,470.478875171467
"poly33","Atrichoblast-e2","#ADBCAF","poly33",19,272.786419753086,471.128257887517
"poly33","Atrichoblast-e2","#ADBCAF","poly33",20,272.033333333333,471.659122085048
"poly33","Atrichoblast-e2","#ADBCAF","poly33",21,271.191358024691,472.056652949245
"poly33","Atrichoblast-e2","#ADBCAF","poly33",22,270.275308641975,472.306035665295
"poly33","Atrichoblast-e2","#ADBCAF","poly33",23,269.3,472.392455418381
"poly33","Atrichoblast-e2","#ADBCAF","poly33",24,255.6,472.392455418381
"poly33","Atrichoblast-e2","#ADBCAF","poly33",25,255.6,472.392455418381
"poly33","Atrichoblast-e2","#ADBCAF","poly33",26,254.624691358025,472.306035665295
"poly33","Atrichoblast-e2","#ADBCAF","poly33",27,253.708641975309,472.056652949245
"poly33","Atrichoblast-e2","#ADBCAF","poly33",28,252.866666666667,471.659122085048
"poly33","Atrichoblast-e2","#ADBCAF","poly33",29,252.113580246914,471.128257887517
"poly33","Atrichoblast-e2","#ADBCAF","poly33",30,251.464197530864,470.478875171467
"poly33","Atrichoblast-e2","#ADBCAF","poly33",31,250.933333333333,469.725788751714
"poly33","Atrichoblast-e2","#ADBCAF","poly33",32,250.535802469136,468.883813443072
"poly33","Atrichoblast-e2","#ADBCAF","poly33",33,250.286419753086,467.967764060356
"poly33","Atrichoblast-e2","#ADBCAF","poly33",34,250.2,466.992455418381
"poly33","Atrichoblast-e2","#ADBCAF","poly33",35,250.2,426.992455418381
"poly33","Atrichoblast-e2","#ADBCAF","poly33",36,250.2,426.992455418381
"poly33","Atrichoblast-e2","#ADBCAF","poly33",37,250.286419753086,426.017146776406
"poly33","Atrichoblast-e2","#ADBCAF","poly33",38,250.535802469136,425.10109739369
"poly33","Atrichoblast-e2","#ADBCAF","poly33",39,250.933333333333,424.259122085048
"poly33","Atrichoblast-e2","#ADBCAF","poly33",40,251.464197530864,423.506035665295
"poly33","Atrichoblast-e2","#ADBCAF","poly33",41,252.113580246914,422.856652949245
"poly33","Atrichoblast-e2","#ADBCAF","poly33",42,252.866666666667,422.325788751714
"poly33","Atrichoblast-e2","#ADBCAF","poly33",43,253.708641975309,421.928257887517
"poly33","Atrichoblast-e2","#ADBCAF","poly33",44,254.624691358025,421.678875171467
"poly33","Atrichoblast-e2","#ADBCAF","poly33",45,255.6,421.592455418381
"poly34","Atrichoblast-d","#868F89","poly34",1,254.7,471.892455418381
"poly34","Atrichoblast-d","#868F89","poly34",2,254.7,471.892455418381
"poly34","Atrichoblast-d","#868F89","poly34",3,255.9329218107,472.270644718793
"poly34","Atrichoblast-d","#868F89","poly34",4,257.163374485597,472.488340192044
"poly34","Atrichoblast-d","#868F89","poly34",5,258.388888888889,472.570233196159
"poly34","Atrichoblast-d","#868F89","poly34",6,259.606995884774,472.541015089163
"poly34","Atrichoblast-d","#868F89","poly34",7,260.815226337449,472.425377229081
"poly34","Atrichoblast-d","#868F89","poly34",8,262.011111111111,472.248010973937
"poly34","Atrichoblast-d","#868F89","poly34",9,263.192181069959,472.033607681755
"poly34","Atrichoblast-d","#868F89","poly34",10,264.355967078189,471.806858710562
"poly34","Atrichoblast-d","#868F89","poly34",11,265.5,471.592455418381
"poly34","Atrichoblast-d","#868F89","poly34",12,265.5,471.592455418381
"poly34","Atrichoblast-d","#868F89","poly34",13,266.847873799726,471.290809327846
"poly34","Atrichoblast-d","#868F89","poly34",14,268.090397805213,470.942249657064
"poly34","Atrichoblast-d","#868F89","poly34",15,269.225925925926,470.58134430727
"poly34","Atrichoblast-d","#868F89","poly34",16,270.252812071331,470.242661179698
"poly34","Atrichoblast-d","#868F89","poly34",17,271.169410150892,469.960768175583
"poly34","Atrichoblast-d","#868F89","poly34",18,271.974074074074,469.770233196159
"poly34","Atrichoblast-d","#868F89","poly34",19,272.665157750343,469.705624142661
"poly34","Atrichoblast-d","#868F89","poly34",20,273.241015089163,469.801508916323
"poly34","Atrichoblast-d","#868F89","poly34",21,273.7,470.092455418381
"poly34","Atrichoblast-d","#868F89","poly34",22,273.7,470.092455418381
"poly34","Atrichoblast-d","#868F89","poly34",23,273.852400548697,470.30987654321
"poly34","Atrichoblast-d","#868F89","poly34",24,273.978463648834,470.557750342935
"poly34","Atrichoblast-d","#868F89","poly34",25,274.081481481482,470.829492455418
"poly34","Atrichoblast-d","#868F89","poly34",26,274.164746227709,471.118518518518
"poly34","Atrichoblast-d","#868F89","poly34",27,274.231550068587,471.418244170096
"poly34","Atrichoblast-d","#868F89","poly34",28,274.285185185185,471.722085048011
"poly34","Atrichoblast-d","#868F89","poly34",29,274.328943758573,472.023456790123
"poly34","Atrichoblast-d","#868F89","poly34",30,274.366117969822,472.315775034293
"poly34","Atrichoblast-d","#868F89","poly34",31,274.4,472.592455418381
"poly34","Atrichoblast-d","#868F89","poly34",32,274.4,472.592455418381
"poly34","Atrichoblast-d","#868F89","poly34",33,274.42304526749,472.942386831275
"poly34","Atrichoblast-d","#868F89","poly34",34,274.428806584362,473.26598079561
"poly34","Atrichoblast-d","#868F89","poly34",35,274.422222222222,473.573936899862
"poly34","Atrichoblast-d","#868F89","poly34",36,274.408230452675,473.87695473251
"poly34","Atrichoblast-d","#868F89","poly34",37,274.391769547325,474.18573388203
"poly34","Atrichoblast-d","#868F89","poly34",38,274.377777777778,474.5109739369
"poly34","Atrichoblast-d","#868F89","poly34",39,274.371193415638,474.863374485596
"poly34","Atrichoblast-d","#868F89","poly34",40,274.37695473251,475.253635116598
"poly34","Atrichoblast-d","#868F89","poly34",41,274.4,475.692455418381
"poly34","Atrichoblast-d","#868F89","poly34",42,274.4,475.692455418381
"poly34","Atrichoblast-d","#868F89","poly34",43,274.433196159122,475.921810699588
"poly34","Atrichoblast-d","#868F89","poly34",44,274.465569272977,476.142112482853
"poly34","Atrichoblast-d","#868F89","poly34",45,274.496296296296,476.35171467764
"poly34","Atrichoblast-d","#868F89","poly34",46,274.524554183813,476.548971193415
"poly34","Atrichoblast-d","#868F89","poly34",47,274.549519890261,476.732235939643
"poly34","Atrichoblast-d","#868F89","poly34",48,274.57037037037,476.899862825788
"poly34","Atrichoblast-d","#868F89","poly34",49,274.586282578875,477.050205761316
"poly34","Atrichoblast-d","#868F89","poly34",50,274.596433470507,477.181618655692
"poly34","Atrichoblast-d","#868F89","poly34",51,274.6,477.292455418381
"poly34","Atrichoblast-d","#868F89","poly34",52,274.6,517.392455418381
"poly34","Atrichoblast-d","#868F89","poly34",53,274.6,517.392455418381
"poly34","Atrichoblast-d","#868F89","poly34",54,274.513580246914,518.367764060356
"poly34","Atrichoblast-d","#868F89","poly34",55,274.264197530864,519.283813443072
"poly34","Atrichoblast-d","#868F89","poly34",56,273.866666666667,520.125788751714
"poly34","Atrichoblast-d","#868F89","poly34",57,273.335802469136,520.878875171467
"poly34","Atrichoblast-d","#868F89","poly34",58,272.686419753086,521.528257887517
"poly34","Atrichoblast-d","#868F89","poly34",59,271.933333333333,522.059122085048
"poly34","Atrichoblast-d","#868F89","poly34",60,271.091358024691,522.456652949245
"poly34","Atrichoblast-d","#868F89","poly34",61,270.175308641975,522.706035665295
"poly34","Atrichoblast-d","#868F89","poly34",62,269.2,522.792455418381
"poly34","Atrichoblast-d","#868F89","poly34",63,269.2,522.792455418381
"poly34","Atrichoblast-d","#868F89","poly34",64,267.596570644719,522.792455418381
"poly34","Atrichoblast-d","#868F89","poly34",65,265.987379972565,522.792455418381
"poly34","Atrichoblast-d","#868F89","poly34",66,264.374074074074,522.792455418381
"poly34","Atrichoblast-d","#868F89","poly34",67,262.758299039781,522.792455418381
"poly34","Atrichoblast-d","#868F89","poly34",68,261.14170096022,522.792455418381
"poly34","Atrichoblast-d","#868F89","poly34",69,259.525925925926,522.792455418381
"poly34","Atrichoblast-d","#868F89","poly34",70,257.912620027435,522.792455418381
"poly34","Atrichoblast-d","#868F89","poly34",71,256.303429355281,522.792455418381
"poly34","Atrichoblast-d","#868F89","poly34",72,254.7,522.792455418381
"poly34","Atrichoblast-d","#868F89","poly34",73,254.7,522.792455418381
"poly34","Atrichoblast-d","#868F89","poly34",74,254.305624142661,522.930864197531
"poly34","Atrichoblast-d","#868F89","poly34",75,253.863511659808,523.070096021947
"poly34","Atrichoblast-d","#868F89","poly34",76,253.385185185185,523.196159122085
"poly34","Atrichoblast-d","#868F89","poly34",77,252.882167352538,523.295061728395
"poly34","Atrichoblast-d","#868F89","poly34",78,252.36598079561,523.35281207133
"poly34","Atrichoblast-d","#868F89","poly34",79,251.848148148148,523.355418381344
"poly34","Atrichoblast-d","#868F89","poly34",80,251.340192043896,523.288888888889
"poly34","Atrichoblast-d","#868F89","poly34",81,250.853635116598,523.139231824417
"poly34","Atrichoblast-d","#868F89","poly34",82,250.4,522.892455418381
"poly34","Atrichoblast-d","#868F89","poly34",83,250.4,522.892455418381
"poly34","Atrichoblast-d","#868F89","poly34",84,249.911248285322,522.420713305898
"poly34","Atrichoblast-d","#868F89","poly34",85,249.564060356653,521.829629629629
"poly34","Atrichoblast-d","#868F89","poly34",86,249.337037037037,521.155418381344
"poly34","Atrichoblast-d","#868F89","poly34",87,249.20877914952,520.434293552812
"poly34","Atrichoblast-d","#868F89","poly34",88,249.157887517147,519.702469135802
"poly34","Atrichoblast-d","#868F89","poly34",89,249.162962962963,518.996159122085
"poly34","Atrichoblast-d","#868F89","poly34",90,249.202606310014,518.351577503429
"poly34","Atrichoblast-d","#868F89","poly34",91,249.255418381344,517.804938271605
"poly34","Atrichoblast-d","#868F89","poly34",92,249.3,517.392455418381
"poly34","Atrichoblast-d","#868F89","poly34",93,249.3,517.392455418381
"poly34","Atrichoblast-d","#868F89","poly34",94,249.522359396433,515.127023319616
"poly34","Atrichoblast-d","#868F89","poly34",95,249.723319615912,512.017146776406
"poly34","Atrichoblast-d","#868F89","poly34",96,249.903703703704,508.092455418381
"poly34","Atrichoblast-d","#868F89","poly34",97,250.064334705075,503.382578875171
"poly34","Atrichoblast-d","#868F89","poly34",98,250.206035665295,497.917146776406
"poly34","Atrichoblast-d","#868F89","poly34",99,250.32962962963,491.725788751714
"poly34","Atrichoblast-d","#868F89","poly34",100,250.435939643347,484.838134430727
"poly34","Atrichoblast-d","#868F89","poly34",101,250.525788751715,477.283813443072
"poly34","Atrichoblast-d","#868F89","poly34",102,250.6,469.092455418381
"poly34","Atrichoblast-d","#868F89","poly34",103,250.6,469.092455418381
"poly34","Atrichoblast-d","#868F89","poly34",104,250.888751714678,469.372839506173
"poly34","Atrichoblast-d","#868F89","poly34",105,251.221124828532,469.676268861454
"poly34","Atrichoblast-d","#868F89","poly34",106,251.596296296296,469.996159122085
"poly34","Atrichoblast-d","#868F89","poly34",107,252.013443072702,470.325925925926
"poly34","Atrichoblast-d","#868F89","poly34",108,252.471742112483,470.658984910836
"poly34","Atrichoblast-d","#868F89","poly34",109,252.97037037037,470.988751714677
"poly34","Atrichoblast-d","#868F89","poly34",110,253.508504801097,471.308641975308
"poly34","Atrichoblast-d","#868F89","poly34",111,254.085322359396,471.61207133059
"poly34","Atrichoblast-d","#868F89","poly34",112,254.7,471.892455418381
"poly35","Trichoblast-e1","#85859C","poly35",1,278,304.692455418381
"poly35","Trichoblast-e1","#85859C","poly35",2,298.2,304.692455418381
"poly35","Trichoblast-e1","#85859C","poly35",3,298.2,304.692455418381
"poly35","Trichoblast-e1","#85859C","poly35",4,298.624691358025,304.829355281207
"poly35","Trichoblast-e1","#85859C","poly35",5,299.027160493827,305.224691358024
"poly35","Trichoblast-e1","#85859C","poly35",6,299.4,305.855418381344
"poly35","Trichoblast-e1","#85859C","poly35",7,299.735802469136,306.698491083676
"poly35","Trichoblast-e1","#85859C","poly35",8,300.027160493827,307.73086419753
"poly35","Trichoblast-e1","#85859C","poly35",9,300.266666666667,308.929492455418
"poly35","Trichoblast-e1","#85859C","poly35",10,300.446913580247,310.271330589849
"poly35","Trichoblast-e1","#85859C","poly35",11,300.56049382716,311.733333333333
"poly35","Trichoblast-e1","#85859C","poly35",12,300.6,313.292455418381
"poly35","Trichoblast-e1","#85859C","poly35",13,300.6,332.192455418381
"poly35","Trichoblast-e1","#85859C","poly35",14,300.6,332.192455418381
"poly35","Trichoblast-e1","#85859C","poly35",15,300.56049382716,333.725240054869
"poly35","Trichoblast-e1","#85859C","poly35",16,300.446913580247,335.173251028806
"poly35","Trichoblast-e1","#85859C","poly35",17,300.266666666667,336.510973936899
"poly35","Trichoblast-e1","#85859C","poly35",18,300.027160493827,337.712894375857
"poly35","Trichoblast-e1","#85859C","poly35",19,299.735802469136,338.753497942387
"poly35","Trichoblast-e1","#85859C","poly35",20,299.4,339.607270233196
"poly35","Trichoblast-e1","#85859C","poly35",21,299.027160493827,340.248696844993
"poly35","Trichoblast-e1","#85859C","poly35",22,298.624691358025,340.652263374485
"poly35","Trichoblast-e1","#85859C","poly35",23,298.2,340.792455418381
"poly35","Trichoblast-e1","#85859C","poly35",24,278,340.792455418381
"poly35","Trichoblast-e1","#85859C","poly35",25,278,340.792455418381
"poly35","Trichoblast-e1","#85859C","poly35",26,277.575308641975,340.655555555555
"poly35","Trichoblast-e1","#85859C","poly35",27,277.172839506173,340.260219478738
"poly35","Trichoblast-e1","#85859C","poly35",28,276.8,339.629492455418
"poly35","Trichoblast-e1","#85859C","poly35",29,276.464197530864,338.786419753086
"poly35","Trichoblast-e1","#85859C","poly35",30,276.172839506173,337.754046639232
"poly35","Trichoblast-e1","#85859C","poly35",31,275.933333333333,336.555418381344
"poly35","Trichoblast-e1","#85859C","poly35",32,275.753086419753,335.213580246913
"poly35","Trichoblast-e1","#85859C","poly35",33,275.63950617284,333.751577503429
"poly35","Trichoblast-e1","#85859C","poly35",34,275.6,332.192455418381
"poly35","Trichoblast-e1","#85859C","poly35",35,275.6,332.192455418381
"poly35","Trichoblast-e1","#85859C","poly35",36,275.639506172839,331.249382716049
"poly35","Trichoblast-e1","#85859C","poly35",37,275.753086419753,328.721947873799
"poly35","Trichoblast-e1","#85859C","poly35",38,275.933333333333,325.062825788751
"poly35","Trichoblast-e1","#85859C","poly35",39,276.172839506173,320.724691358024
"poly35","Trichoblast-e1","#85859C","poly35",40,276.464197530864,316.160219478738
"poly35","Trichoblast-e1","#85859C","poly35",41,276.8,311.822085048011
"poly35","Trichoblast-e1","#85859C","poly35",42,277.172839506173,308.162962962963
"poly35","Trichoblast-e1","#85859C","poly35",43,277.575308641975,305.635528120713
"poly35","Trichoblast-e1","#85859C","poly35",44,278,304.692455418381
"poly36","Trichoblast-e1","#85859C","poly36",1,276.2,339.692455418381
"poly36","Trichoblast-e1","#85859C","poly36",2,276.2,339.692455418381
"poly36","Trichoblast-e1","#85859C","poly36",3,278.636762688615,339.855692729767
"poly36","Trichoblast-e1","#85859C","poly36",4,281.079286694101,340.013168724279
"poly36","Trichoblast-e1","#85859C","poly36",5,283.525925925926,340.166529492455
"poly36","Trichoblast-e1","#85859C","poly36",6,285.975034293553,340.317421124828
"poly36","Trichoblast-e1","#85859C","poly36",7,288.424965706447,340.467489711934
"poly36","Trichoblast-e1","#85859C","poly36",8,290.874074074074,340.618381344307
"poly36","Trichoblast-e1","#85859C","poly36",9,293.320713305898,340.771742112482
"poly36","Trichoblast-e1","#85859C","poly36",10,295.763237311385,340.929218106996
"poly36","Trichoblast-e1","#85859C","poly36",11,298.2,341.092455418381
"poly36","Trichoblast-e1","#85859C","poly36",12,298.2,341.092455418381
"poly36","Trichoblast-e1","#85859C","poly36",13,298.624691358025,341.243484224965
"poly36","Trichoblast-e1","#85859C","poly36",14,299.027160493827,341.678463648834
"poly36","Trichoblast-e1","#85859C","poly36",15,299.4,342.370233196159
"poly36","Trichoblast-e1","#85859C","poly36",16,299.735802469136,343.291632373113
"poly36","Trichoblast-e1","#85859C","poly36",17,300.027160493827,344.415500685871
"poly36","Trichoblast-e1","#85859C","poly36",18,300.266666666667,345.714677640603
"poly36","Trichoblast-e1","#85859C","poly36",19,300.446913580247,347.162002743484
"poly36","Trichoblast-e1","#85859C","poly36",20,300.56049382716,348.730315500686
"poly36","Trichoblast-e1","#85859C","poly36",21,300.6,350.392455418381
"poly36","Trichoblast-e1","#85859C","poly36",22,300.6,370.992455418381
"poly36","Trichoblast-e1","#85859C","poly36",23,300.6,370.992455418381
"poly36","Trichoblast-e1","#85859C","poly36",24,300.68463648834,371.25171467764
"poly36","Trichoblast-e1","#85859C","poly36",25,300.788203017833,371.68134430727
"poly36","Trichoblast-e1","#85859C","poly36",26,300.885185185185,372.259122085048
"poly36","Trichoblast-e1","#85859C","poly36",27,300.950068587106,372.962825788751
"poly36","Trichoblast-e1","#85859C","poly36",28,300.957338820302,373.770233196159
"poly36","Trichoblast-e1","#85859C","poly36",29,300.881481481481,374.659122085048
"poly36","Trichoblast-e1","#85859C","poly36",30,300.696982167353,375.607270233196
"poly36","Trichoblast-e1","#85859C","poly36",31,300.378326474623,376.592455418381
"poly36","Trichoblast-e1","#85859C","poly36",32,299.9,377.592455418381
"poly36","Trichoblast-e1","#85859C","poly36",33,299.9,377.592455418381
"poly36","Trichoblast-e1","#85859C","poly36",34,299.48353909465,378.222496570644
"poly36","Trichoblast-e1","#85859C","poly36",35,299.042386831276,378.780932784636
"poly36","Trichoblast-e1","#85859C","poly36",36,298.588888888889,379.270233196159
"poly36","Trichoblast-e1","#85859C","poly36",37,298.135390946502,379.692866941015
"poly36","Trichoblast-e1","#85859C","poly36",38,297.694238683128,380.051303155007
"poly36","Trichoblast-e1","#85859C","poly36",39,297.277777777778,380.348010973937
"poly36","Trichoblast-e1","#85859C","poly36",40,296.898353909465,380.585459533607
"poly36","Trichoblast-e1","#85859C","poly36",41,296.568312757202,380.766117969821
"poly36","Trichoblast-e1","#85859C","poly36",42,296.3,380.892455418381
"poly36","Trichoblast-e1","#85859C","poly36",43,296.3,380.892455418381
"poly36","Trichoblast-e1","#85859C","poly36",44,294.266666666667,380.825788751714
"poly36","Trichoblast-e1","#85859C","poly36",45,292.233333333333,380.759122085048
"poly36","Trichoblast-e1","#85859C","poly36",46,290.2,380.692455418381
"poly36","Trichoblast-e1","#85859C","poly36",47,288.166666666667,380.625788751714
"poly36","Trichoblast-e1","#85859C","poly36",48,286.133333333333,380.559122085048
"poly36","Trichoblast-e1","#85859C","poly36",49,284.1,380.492455418381
"poly36","Trichoblast-e1","#85859C","poly36",50,282.066666666667,380.425788751714
"poly36","Trichoblast-e1","#85859C","poly36",51,280.033333333333,380.359122085048
"poly36","Trichoblast-e1","#85859C","poly36",52,278,380.292455418381
"poly36","Trichoblast-e1","#85859C","poly36",53,278,380.292455418381
"poly36","Trichoblast-e1","#85859C","poly36",54,277.575308641975,380.141426611797
"poly36","Trichoblast-e1","#85859C","poly36",55,277.172839506173,379.706447187928
"poly36","Trichoblast-e1","#85859C","poly36",56,276.8,379.014677640603
"poly36","Trichoblast-e1","#85859C","poly36",57,276.464197530864,378.093278463648
"poly36","Trichoblast-e1","#85859C","poly36",58,276.172839506173,376.969410150891
"poly36","Trichoblast-e1","#85859C","poly36",59,275.933333333333,375.670233196159
"poly36","Trichoblast-e1","#85859C","poly36",60,275.753086419753,374.222908093278
"poly36","Trichoblast-e1","#85859C","poly36",61,275.639506172839,372.654595336077
"poly36","Trichoblast-e1","#85859C","poly36",62,275.6,370.992455418381
"poly36","Trichoblast-e1","#85859C","poly36",63,275.6,370.992455418381
"poly36","Trichoblast-e1","#85859C","poly36",64,275.633333333333,368.795884773662
"poly36","Trichoblast-e1","#85859C","poly36",65,275.666666666667,366.605075445816
"poly36","Trichoblast-e1","#85859C","poly36",66,275.7,364.418381344307
"poly36","Trichoblast-e1","#85859C","poly36",67,275.733333333333,362.2341563786
"poly36","Trichoblast-e1","#85859C","poly36",68,275.766666666667,360.050754458161
"poly36","Trichoblast-e1","#85859C","poly36",69,275.8,357.866529492455
"poly36","Trichoblast-e1","#85859C","poly36",70,275.833333333333,355.679835390946
"poly36","Trichoblast-e1","#85859C","poly36",71,275.866666666667,353.4890260631
"poly36","Trichoblast-e1","#85859C","poly36",72,275.9,351.292455418381
"poly36","Trichoblast-e1","#85859C","poly36",73,275.9,351.292455418381
"poly36","Trichoblast-e1","#85859C","poly36",74,275.933333333333,350.022222222222
"poly36","Trichoblast-e1","#85859C","poly36",75,275.966666666667,348.745404663923
"poly36","Trichoblast-e1","#85859C","poly36",76,276,347.462825788751
"poly36","Trichoblast-e1","#85859C","poly36",77,276.033333333333,346.175308641975
"poly36","Trichoblast-e1","#85859C","poly36",78,276.066666666667,344.883676268861
"poly36","Trichoblast-e1","#85859C","poly36",79,276.1,343.588751714677
"poly36","Trichoblast-e1","#85859C","poly36",80,276.133333333333,342.291358024691
"poly36","Trichoblast-e1","#85859C","poly36",81,276.166666666667,340.99231824417
"poly36","Trichoblast-e1","#85859C","poly36",82,276.2,339.692455418381
"poly37","Trichoblast-e2","#72727F","poly37",1,276.9,380.792455418381
"poly37","Trichoblast-e2","#72727F","poly37",2,276.9,380.792455418381
"poly37","Trichoblast-e2","#72727F","poly37",3,278.963237311385,380.792455418381
"poly37","Trichoblast-e2","#72727F","poly37",4,281.020713305898,380.792455418381
"poly37","Trichoblast-e2","#72727F","poly37",5,283.074074074074,380.792455418381
"poly37","Trichoblast-e2","#72727F","poly37",6,285.124965706447,380.792455418381
"poly37","Trichoblast-e2","#72727F","poly37",7,287.175034293553,380.792455418381
"poly37","Trichoblast-e2","#72727F","poly37",8,289.225925925926,380.792455418381
"poly37","Trichoblast-e2","#72727F","poly37",9,291.279286694101,380.792455418381
"poly37","Trichoblast-e2","#72727F","poly37",10,293.336762688614,380.792455418381
"poly37","Trichoblast-e2","#72727F","poly37",11,295.4,380.792455418381
"poly37","Trichoblast-e2","#72727F","poly37",12,295.4,380.792455418381
"poly37","Trichoblast-e2","#72727F","poly37",13,295.433470507544,380.759259259259
"poly37","Trichoblast-e2","#72727F","poly37",14,295.467764060357,380.726886145404
"poly37","Trichoblast-e2","#72727F","poly37",15,295.503703703704,380.696159122085
"poly37","Trichoblast-e2","#72727F","poly37",16,295.542112482853,380.667901234568
"poly37","Trichoblast-e2","#72727F","poly37",17,295.583813443073,380.64293552812
"poly37","Trichoblast-e2","#72727F","poly37",18,295.62962962963,380.622085048011
"poly37","Trichoblast-e2","#72727F","poly37",19,295.680384087791,380.606172839506
"poly37","Trichoblast-e2","#72727F","poly37",20,295.736899862826,380.596021947873
"poly37","Trichoblast-e2","#72727F","poly37",21,295.8,380.592455418381
"poly37","Trichoblast-e2","#72727F","poly37",22,295.8,380.592455418381
"poly37","Trichoblast-e2","#72727F","poly37",23,296.109465020576,380.555281207133
"poly37","Trichoblast-e2","#72727F","poly37",24,296.431275720165,380.628395061728
"poly37","Trichoblast-e2","#72727F","poly37",25,296.755555555556,380.788751714677
"poly37","Trichoblast-e2","#72727F","poly37",26,297.072427983539,381.013305898491
"poly37","Trichoblast-e2","#72727F","poly37",27,297.372016460905,381.279012345679
"poly37","Trichoblast-e2","#72727F","poly37",28,297.644444444444,381.562825788751
"poly37","Trichoblast-e2","#72727F","poly37",29,297.879835390946,381.841700960219
"poly37","Trichoblast-e2","#72727F","poly37",30,298.068312757202,382.092592592592
"poly37","Trichoblast-e2","#72727F","poly37",31,298.2,382.292455418381
"poly37","Trichoblast-e2","#72727F","poly37",32,298.2,382.292455418381
"poly37","Trichoblast-e2","#72727F","poly37",33,299.035665294924,384.461865569273
"poly37","Trichoblast-e2","#72727F","poly37",34,299.463100137174,388.010699588477
"poly37","Trichoblast-e2","#72727F","poly37",35,299.562962962963,392.599862825788
"poly37","Trichoblast-e2","#72727F","poly37",36,299.415912208505,397.890260631001
"poly37","Trichoblast-e2","#72727F","poly37",37,299.102606310014,403.542798353909
"poly37","Trichoblast-e2","#72727F","poly37",38,298.703703703704,409.218381344307
"poly37","Trichoblast-e2","#72727F","poly37",39,298.299862825789,414.577914951989
"poly37","Trichoblast-e2","#72727F","poly37",40,297.971742112483,419.282304526749
"poly37","Trichoblast-e2","#72727F","poly37",41,297.8,422.992455418381
"poly37","Trichoblast-e2","#72727F","poly37",42,297.8,422.992455418381
"poly37","Trichoblast-e2","#72727F","poly37",43,297.8,422.992455418381
"poly37","Trichoblast-e2","#72727F","poly37",44,297.76049382716,425.334567901234
"poly37","Trichoblast-e2","#72727F","poly37",45,297.646913580247,427.536762688614
"poly37","Trichoblast-e2","#72727F","poly37",46,297.466666666667,429.562825788751
"poly37","Trichoblast-e2","#72727F","poly37",47,297.227160493827,431.376543209876
"poly37","Trichoblast-e2","#72727F","poly37",48,296.935802469136,432.941700960219
"poly37","Trichoblast-e2","#72727F","poly37",49,296.6,434.222085048011
"poly37","Trichoblast-e2","#72727F","poly37",50,296.227160493827,435.181481481481
"poly37","Trichoblast-e2","#72727F","poly37",51,295.824691358025,435.783676268861
"poly37","Trichoblast-e2","#72727F","poly37",52,295.4,435.992455418381
"poly37","Trichoblast-e2","#72727F","poly37",53,275.2,435.992455418381
"poly37","Trichoblast-e2","#72727F","poly37",54,275.2,435.992455418381
"poly37","Trichoblast-e2","#72727F","poly37",55,274.973799725651,435.937860082304
"poly37","Trichoblast-e2","#72727F","poly37",56,274.760768175583,435.777914951989
"poly37","Trichoblast-e2","#72727F","poly37",57,274.559259259259,435.518381344307
"poly37","Trichoblast-e2","#72727F","poly37",58,274.367626886145,435.165020576131
"poly37","Trichoblast-e2","#72727F","poly37",59,274.184224965706,434.723593964334
"poly37","Trichoblast-e2","#72727F","poly37",60,274.007407407407,434.199862825788
"poly37","Trichoblast-e2","#72727F","poly37",61,273.835528120713,433.599588477366
"poly37","Trichoblast-e2","#72727F","poly37",62,273.666941015089,432.928532235939
"poly37","Trichoblast-e2","#72727F","poly37",63,273.5,432.192455418381
"poly37","Trichoblast-e2","#72727F","poly37",64,273.5,432.192455418381
"poly37","Trichoblast-e2","#72727F","poly37",65,273.258710562414,430.790534979424
"poly37","Trichoblast-e2","#72727F","poly37",66,273.06598079561,429.458573388203
"poly37","Trichoblast-e2","#72727F","poly37",67,272.918518518519,428.207270233196
"poly37","Trichoblast-e2","#72727F","poly37",68,272.813031550069,427.04732510288
"poly37","Trichoblast-e2","#72727F","poly37",69,272.746227709191,425.989437585733
"poly37","Trichoblast-e2","#72727F","poly37",70,272.714814814815,425.044307270233
"poly37","Trichoblast-e2","#72727F","poly37",71,272.715500685871,424.222633744856
"poly37","Trichoblast-e2","#72727F","poly37",72,272.744993141289,423.535116598079
"poly37","Trichoblast-e2","#72727F","poly37",73,272.8,422.992455418381
"poly37","Trichoblast-e2","#72727F","poly37",74,272.8,422.992455418381
"poly37","Trichoblast-e2","#72727F","poly37",75,273.17256515775,418.808916323731
"poly37","Trichoblast-e2","#72727F","poly37",76,273.291632373114,414.909327846364
"poly37","Trichoblast-e2","#72727F","poly37",77,273.259259259259,411.170233196159
"poly37","Trichoblast-e2","#72727F","poly37",78,273.177503429355,407.46817558299
"poly37","Trichoblast-e2","#72727F","poly37",79,273.148422496571,403.679698216735
"poly37","Trichoblast-e2","#72727F","poly37",80,273.274074074074,399.68134430727
"poly37","Trichoblast-e2","#72727F","poly37",81,273.656515775034,395.349657064472
"poly37","Trichoblast-e2","#72727F","poly37",82,274.39780521262,390.561179698216
"poly37","Trichoblast-e2","#72727F","poly37",83,275.6,385.192455418381
"poly37","Trichoblast-e2","#72727F","poly37",84,275.6,385.192455418381
"poly37","Trichoblast-e2","#72727F","poly37",85,275.796021947874,384.544444444444
"poly37","Trichoblast-e2","#72727F","poly37",86,275.982990397805,383.934293552812
"poly37","Trichoblast-e2","#72727F","poly37",87,276.159259259259,383.362825788751
"poly37","Trichoblast-e2","#72727F","poly37",88,276.323182441701,382.830864197531
"poly37","Trichoblast-e2","#72727F","poly37",89,276.473113854595,382.339231824417
"poly37","Trichoblast-e2","#72727F","poly37",90,276.607407407407,381.888751714677
"poly37","Trichoblast-e2","#72727F","poly37",91,276.724417009602,381.48024691358
"poly37","Trichoblast-e2","#72727F","poly37",92,276.822496570645,381.114540466392
"poly37","Trichoblast-e2","#72727F","poly37",93,276.9,380.792455418381
"poly38","Trichoblast-e2","#72727F","poly38",1,275.2,435.892455418381
"poly38","Trichoblast-e2","#72727F","poly38",2,275.2,435.892455418381
"poly38","Trichoblast-e2","#72727F","poly38",3,277.533333333333,435.855692729767
"poly38","Trichoblast-e2","#72727F","poly38",4,279.866666666667,435.813168724279
"poly38","Trichoblast-e2","#72727F","poly38",5,282.2,435.766529492455
"poly38","Trichoblast-e2","#72727F","poly38",6,284.533333333333,435.717421124828
"poly38","Trichoblast-e2","#72727F","poly38",7,286.866666666667,435.667489711934
"poly38","Trichoblast-e2","#72727F","poly38",8,289.2,435.618381344307
"poly38","Trichoblast-e2","#72727F","poly38",9,291.533333333333,435.571742112482
"poly38","Trichoblast-e2","#72727F","poly38",10,293.866666666667,435.529218106996
"poly38","Trichoblast-e2","#72727F","poly38",11,296.2,435.492455418381
"poly38","Trichoblast-e2","#72727F","poly38",12,296.2,435.492455418381
"poly38","Trichoblast-e2","#72727F","poly38",13,296.624691358025,435.68683127572
"poly38","Trichoblast-e2","#72727F","poly38",14,297.027160493827,436.247462277092
"poly38","Trichoblast-e2","#72727F","poly38",15,297.4,437.140603566529
"poly38","Trichoblast-e2","#72727F","poly38",16,297.735802469136,438.332510288065
"poly38","Trichoblast-e2","#72727F","poly38",17,298.027160493827,439.789437585733
"poly38","Trichoblast-e2","#72727F","poly38",18,298.266666666667,441.477640603566
"poly38","Trichoblast-e2","#72727F","poly38",19,298.446913580247,443.363374485596
"poly38","Trichoblast-e2","#72727F","poly38",20,298.56049382716,445.412894375857
"poly38","Trichoblast-e2","#72727F","poly38",21,298.6,447.592455418381
"poly38","Trichoblast-e2","#72727F","poly38",22,298.6,474.292455418381
"poly38","Trichoblast-e2","#72727F","poly38",23,298.6,474.292455418381
"poly38","Trichoblast-e2","#72727F","poly38",24,298.56049382716,476.472016460905
"poly38","Trichoblast-e2","#72727F","poly38",25,298.446913580247,478.521536351166
"poly38","Trichoblast-e2","#72727F","poly38",26,298.266666666667,480.407270233196
"poly38","Trichoblast-e2","#72727F","poly38",27,298.027160493827,482.095473251028
"poly38","Trichoblast-e2","#72727F","poly38",28,297.735802469136,483.552400548696
"poly38","Trichoblast-e2","#72727F","poly38",29,297.4,484.744307270233
"poly38","Trichoblast-e2","#72727F","poly38",30,297.027160493827,485.63744855967
"poly38","Trichoblast-e2","#72727F","poly38",31,296.624691358025,486.198079561042
"poly38","Trichoblast-e2","#72727F","poly38",32,296.2,486.392455418381
"poly38","Trichoblast-e2","#72727F","poly38",33,276,486.392455418381
"poly38","Trichoblast-e2","#72727F","poly38",34,276,486.392455418381
"poly38","Trichoblast-e2","#72727F","poly38",35,275.575308641975,486.198079561042
"poly38","Trichoblast-e2","#72727F","poly38",36,275.172839506173,485.63744855967
"poly38","Trichoblast-e2","#72727F","poly38",37,274.8,484.744307270233
"poly38","Trichoblast-e2","#72727F","poly38",38,274.464197530864,483.552400548697
"poly38","Trichoblast-e2","#72727F","poly38",39,274.172839506173,482.095473251028
"poly38","Trichoblast-e2","#72727F","poly38",40,273.933333333333,480.407270233196
"poly38","Trichoblast-e2","#72727F","poly38",41,273.753086419753,478.521536351166
"poly38","Trichoblast-e2","#72727F","poly38",42,273.63950617284,476.472016460905
"poly38","Trichoblast-e2","#72727F","poly38",43,273.6,474.292455418381
"poly38","Trichoblast-e2","#72727F","poly38",44,273.6,474.292455418381
"poly38","Trichoblast-e2","#72727F","poly38",45,273.666803840878,472.158847736625
"poly38","Trichoblast-e2","#72727F","poly38",46,273.734430727023,470.023593964334
"poly38","Trichoblast-e2","#72727F","poly38",47,273.803703703704,467.885048010974
"poly38","Trichoblast-e2","#72727F","poly38",48,273.875445816187,465.741563786008
"poly38","Trichoblast-e2","#72727F","poly38",49,273.950480109739,463.591495198902
"poly38","Trichoblast-e2","#72727F","poly38",50,274.02962962963,461.433196159122
"poly38","Trichoblast-e2","#72727F","poly38",51,274.113717421125,459.265020576131
"poly38","Trichoblast-e2","#72727F","poly38",52,274.203566529492,457.085322359396
"poly38","Trichoblast-e2","#72727F","poly38",53,274.3,454.892455418381
"poly38","Trichoblast-e2","#72727F","poly38",54,274.3,454.892455418381
"poly38","Trichoblast-e2","#72727F","poly38",55,274.4,452.76268861454
"poly38","Trichoblast-e2","#72727F","poly38",56,274.5,450.639506172839
"poly38","Trichoblast-e2","#72727F","poly38",57,274.6,448.522085048011
"poly38","Trichoblast-e2","#72727F","poly38",58,274.7,446.409602194787
"poly38","Trichoblast-e2","#72727F","poly38",59,274.8,444.301234567901
"poly38","Trichoblast-e2","#72727F","poly38",60,274.9,442.196159122085
"poly38","Trichoblast-e2","#72727F","poly38",61,275,440.093552812071
"poly38","Trichoblast-e2","#72727F","poly38",62,275.1,437.992592592592
"poly38","Trichoblast-e2","#72727F","poly38",63,275.2,435.892455418381
"poly39","Trichoblast-d","#56565C","poly39",1,274.6,486.692455418381
"poly39","Trichoblast-d","#56565C","poly39",2,274.6,486.692455418381
"poly39","Trichoblast-d","#56565C","poly39",3,277.063237311385,486.629218106996
"poly39","Trichoblast-d","#56565C","poly39",4,279.520713305899,486.571742112482
"poly39","Trichoblast-d","#56565C","poly39",5,281.974074074074,486.518381344307
"poly39","Trichoblast-d","#56565C","poly39",6,284.424965706447,486.467489711934
"poly39","Trichoblast-d","#56565C","poly39",7,286.875034293553,486.417421124828
"poly39","Trichoblast-d","#56565C","poly39",8,289.325925925926,486.366529492455
"poly39","Trichoblast-d","#56565C","poly39",9,291.779286694102,486.313168724279
"poly39","Trichoblast-d","#56565C","poly39",10,294.236762688615,486.255692729766
"poly39","Trichoblast-d","#56565C","poly39",11,296.7,486.192455418381
"poly39","Trichoblast-d","#56565C","poly39",12,296.7,486.192455418381
"poly39","Trichoblast-d","#56565C","poly39",13,297.611796982167,485.879698216735
"poly39","Trichoblast-d","#56565C","poly39",14,298.53511659808,485.734842249657
"poly39","Trichoblast-d","#56565C","poly39",15,299.451851851852,485.748010973937
"poly39","Trichoblast-d","#56565C","poly39",16,300.3438957476,485.909327846365
"poly39","Trichoblast-d","#56565C","poly39",17,301.193141289438,486.208916323731
"poly39","Trichoblast-d","#56565C","poly39",18,301.981481481482,486.636899862825
"poly39","Trichoblast-d","#56565C","poly39",19,302.690809327846,487.183401920439
"poly39","Trichoblast-d","#56565C","poly39",20,303.303017832648,487.83854595336
"poly39","Trichoblast-d","#56565C","poly39",21,303.8,488.592455418381
"poly39","Trichoblast-d","#56565C","poly39",22,303.8,488.592455418381
"poly39","Trichoblast-d","#56565C","poly39",23,304.167901234568,489.524828532236
"poly39","Trichoblast-d","#56565C","poly39",24,304.343209876543,490.50329218107
"poly39","Trichoblast-d","#56565C","poly39",25,304.333333333333,491.499862825788
"poly39","Trichoblast-d","#56565C","poly39",26,304.145679012346,492.486556927297
"poly39","Trichoblast-d","#56565C","poly39",27,303.787654320988,493.435390946502
"poly39","Trichoblast-d","#56565C","poly39",28,303.266666666667,494.318381344307
"poly39","Trichoblast-d","#56565C","poly39",29,302.59012345679,495.107544581618
"poly39","Trichoblast-d","#56565C","poly39",30,301.765432098765,495.774897119341
"poly39","Trichoblast-d","#56565C","poly39",31,300.8,496.292455418381
"poly39","Trichoblast-d","#56565C","poly39",32,300.8,496.292455418381
"poly39","Trichoblast-d","#56565C","poly39",33,300.603429355281,499.525925925926
"poly39","Trichoblast-d","#56565C","poly39",34,300.412620027435,502.760219478738
"poly39","Trichoblast-d","#56565C","poly39",35,300.225925925926,505.996159122085
"poly39","Trichoblast-d","#56565C","poly39",36,300.04170096022,509.234567901234
"poly39","Trichoblast-d","#56565C","poly39",37,299.858299039781,512.476268861454
"poly39","Trichoblast-d","#56565C","poly39",38,299.674074074074,515.722085048011
"poly39","Trichoblast-d","#56565C","poly39",39,299.487379972565,518.972839506172
"poly39","Trichoblast-d","#56565C","poly39",40,299.296570644719,522.229355281207
"poly39","Trichoblast-d","#56565C","poly39",41,299.1,525.492455418381
"poly39","Trichoblast-d","#56565C","poly39",42,299.1,525.492455418381
"poly39","Trichoblast-d","#56565C","poly39",43,299.06049382716,527.705212620027
"poly39","Trichoblast-d","#56565C","poly39",44,298.946913580247,529.787105624142
"poly39","Trichoblast-d","#56565C","poly39",45,298.766666666667,531.703566529492
"poly39","Trichoblast-d","#56565C","poly39",46,298.527160493827,533.420027434842
"poly39","Trichoblast-d","#56565C","poly39",47,298.235802469136,534.901920438957
"poly39","Trichoblast-d","#56565C","poly39",48,297.9,536.114677640603
"poly39","Trichoblast-d","#56565C","poly39",49,297.527160493827,537.023731138546
"poly39","Trichoblast-d","#56565C","poly39",50,297.124691358025,537.59451303155
"poly39","Trichoblast-d","#56565C","poly39",51,296.7,537.792455418381
"poly39","Trichoblast-d","#56565C","poly39",52,276.5,537.792455418381
"poly39","Trichoblast-d","#56565C","poly39",53,276.5,537.792455418381
"poly39","Trichoblast-d","#56565C","poly39",54,276.075308641975,537.59451303155
"poly39","Trichoblast-d","#56565C","poly39",55,275.672839506173,537.023731138546
"poly39","Trichoblast-d","#56565C","poly39",56,275.3,536.114677640603
"poly39","Trichoblast-d","#56565C","poly39",57,274.964197530864,534.901920438957
"poly39","Trichoblast-d","#56565C","poly39",58,274.672839506173,533.420027434842
"poly39","Trichoblast-d","#56565C","poly39",59,274.433333333333,531.703566529492
"poly39","Trichoblast-d","#56565C","poly39",60,274.253086419753,529.787105624142
"poly39","Trichoblast-d","#56565C","poly39",61,274.13950617284,527.705212620027
"poly39","Trichoblast-d","#56565C","poly39",62,274.1,525.492455418381
"poly39","Trichoblast-d","#56565C","poly39",63,274.1,525.492455418381
"poly39","Trichoblast-d","#56565C","poly39",64,274.222496570645,523.730041152263
"poly39","Trichoblast-d","#56565C","poly39",65,274.324417009602,522.044993141289
"poly39","Trichoblast-d","#56565C","poly39",66,274.407407407408,520.440603566529
"poly39","Trichoblast-d","#56565C","poly39",67,274.473113854595,518.920164609053
"poly39","Trichoblast-d","#56565C","poly39",68,274.523182441701,517.486968449931
"poly39","Trichoblast-d","#56565C","poly39",69,274.559259259259,516.144307270233
"poly39","Trichoblast-d","#56565C","poly39",70,274.582990397805,514.895473251028
"poly39","Trichoblast-d","#56565C","poly39",71,274.596021947874,513.743758573388
"poly39","Trichoblast-d","#56565C","poly39",72,274.6,512.692455418381
"poly39","Trichoblast-d","#56565C","poly39",73,274.6,512.692455418381
"poly39","Trichoblast-d","#56565C","poly39",74,274.589711934156,510.827023319616
"poly39","Trichoblast-d","#56565C","poly39",75,274.562139917696,509.124554183813
"poly39","Trichoblast-d","#56565C","poly39",76,274.522222222222,507.525788751714
"poly39","Trichoblast-d","#56565C","poly39",77,274.474897119342,505.97146776406
"poly39","Trichoblast-d","#56565C","poly39",78,274.425102880659,504.402331961591
"poly39","Trichoblast-d","#56565C","poly39",79,274.377777777778,502.759122085048
"poly39","Trichoblast-d","#56565C","poly39",80,274.337860082305,500.982578875171
"poly39","Trichoblast-d","#56565C","poly39",81,274.310288065844,499.013443072702
"poly39","Trichoblast-d","#56565C","poly39",82,274.3,496.792455418381
"poly39","Trichoblast-d","#56565C","poly39",83,274.3,496.792455418381
"poly39","Trichoblast-d","#56565C","poly39",84,274.333333333333,495.418930041152
"poly39","Trichoblast-d","#56565C","poly39",85,274.366666666667,494.100548696845
"poly39","Trichoblast-d","#56565C","poly39",86,274.4,492.840603566529
"poly39","Trichoblast-d","#56565C","poly39",87,274.433333333333,491.642386831275
"poly39","Trichoblast-d","#56565C","poly39",88,274.466666666667,490.509190672153
"poly39","Trichoblast-d","#56565C","poly39",89,274.5,489.444307270233
"poly39","Trichoblast-d","#56565C","poly39",90,274.533333333333,488.451028806584
"poly39","Trichoblast-d","#56565C","poly39",91,274.566666666667,487.532647462277
"poly39","Trichoblast-d","#56565C","poly39",92,274.6,486.692455418381
"poly40","Trichoblast-m1","#CCCADB","poly40",1,295,220.992455418381
"poly40","Trichoblast-m1","#CCCADB","poly40",2,277.6,220.992455418381
"poly40","Trichoblast-m1","#CCCADB","poly40",3,277.6,220.992455418381
"poly40","Trichoblast-m1","#CCCADB","poly40",4,277.241700960219,221.010425240055
"poly40","Trichoblast-m1","#CCCADB","poly40",5,276.903978052126,221.062139917695
"poly40","Trichoblast-m1","#CCCADB","poly40",6,276.592592592593,221.144307270233
"poly40","Trichoblast-m1","#CCCADB","poly40",7,276.313305898491,221.253635116598
"poly40","Trichoblast-m1","#CCCADB","poly40",8,276.071879286694,221.38683127572
"poly40","Trichoblast-m1","#CCCADB","poly40",9,275.874074074074,221.540603566529
"poly40","Trichoblast-m1","#CCCADB","poly40",10,275.725651577503,221.711659807956
"poly40","Trichoblast-m1","#CCCADB","poly40",11,275.632373113855,221.89670781893
"poly40","Trichoblast-m1","#CCCADB","poly40",12,275.6,222.092455418381
"poly40","Trichoblast-m1","#CCCADB","poly40",13,275.6,224.492455418381
"poly40","Trichoblast-m1","#CCCADB","poly40",14,275.6,224.492455418381
"poly40","Trichoblast-m1","#CCCADB","poly40",15,275.632373113855,224.688203017833
"poly40","Trichoblast-m1","#CCCADB","poly40",16,275.725651577503,224.873251028806
"poly40","Trichoblast-m1","#CCCADB","poly40",17,275.874074074074,225.044307270233
"poly40","Trichoblast-m1","#CCCADB","poly40",18,276.071879286694,225.198079561042
"poly40","Trichoblast-m1","#CCCADB","poly40",19,276.313305898491,225.331275720164
"poly40","Trichoblast-m1","#CCCADB","poly40",20,276.592592592593,225.440603566529
"poly40","Trichoblast-m1","#CCCADB","poly40",21,276.903978052126,225.522770919067
"poly40","Trichoblast-m1","#CCCADB","poly40",22,277.241700960219,225.574485596707
"poly40","Trichoblast-m1","#CCCADB","poly40",23,277.6,225.592455418381
"poly40","Trichoblast-m1","#CCCADB","poly40",24,295,225.592455418381
"poly40","Trichoblast-m1","#CCCADB","poly40",25,295,225.592455418381
"poly40","Trichoblast-m1","#CCCADB","poly40",26,295.35829903978,225.574485596708
"poly40","Trichoblast-m1","#CCCADB","poly40",27,295.696021947874,225.522770919067
"poly40","Trichoblast-m1","#CCCADB","poly40",28,296.007407407407,225.440603566529
"poly40","Trichoblast-m1","#CCCADB","poly40",29,296.286694101509,225.331275720164
"poly40","Trichoblast-m1","#CCCADB","poly40",30,296.528120713306,225.198079561042
"poly40","Trichoblast-m1","#CCCADB","poly40",31,296.725925925926,225.044307270233
"poly40","Trichoblast-m1","#CCCADB","poly40",32,296.874348422497,224.873251028806
"poly40","Trichoblast-m1","#CCCADB","poly40",33,296.967626886145,224.688203017832
"poly40","Trichoblast-m1","#CCCADB","poly40",34,297,224.492455418381
"poly40","Trichoblast-m1","#CCCADB","poly40",35,297,224.492455418381
"poly40","Trichoblast-m1","#CCCADB","poly40",36,296.967626886145,224.372427983539
"poly40","Trichoblast-m1","#CCCADB","poly40",37,296.874348422497,224.050754458162
"poly40","Trichoblast-m1","#CCCADB","poly40",38,296.725925925926,223.585048010973
"poly40","Trichoblast-m1","#CCCADB","poly40",39,296.528120713306,223.032921810699
"poly40","Trichoblast-m1","#CCCADB","poly40",40,296.286694101509,222.451989026063
"poly40","Trichoblast-m1","#CCCADB","poly40",41,296.007407407407,221.899862825788
"poly40","Trichoblast-m1","#CCCADB","poly40",42,295.696021947874,221.4341563786
"poly40","Trichoblast-m1","#CCCADB","poly40",43,295.35829903978,221.112482853223
"poly40","Trichoblast-m1","#CCCADB","poly40",44,295,220.992455418381
"poly41","Atrichoblast-d","#868F89","poly41",1,254.7,522.592455418381
"poly41","Atrichoblast-d","#868F89","poly41",2,269.2,522.592455418381
"poly41","Atrichoblast-d","#868F89","poly41",3,269.2,522.592455418381
"poly41","Atrichoblast-d","#868F89","poly41",4,269.766666666667,522.222359396433
"poly41","Atrichoblast-d","#868F89","poly41",5,270.333333333333,521.846502057613
"poly41","Atrichoblast-d","#868F89","poly41",6,270.9,521.466529492455
"poly41","Atrichoblast-d","#868F89","poly41",7,271.466666666667,521.084087791495
"poly41","Atrichoblast-d","#868F89","poly41",8,272.033333333333,520.700823045267
"poly41","Atrichoblast-d","#868F89","poly41",9,272.6,520.318381344307
"poly41","Atrichoblast-d","#868F89","poly41",10,273.166666666667,519.938408779149
"poly41","Atrichoblast-d","#868F89","poly41",11,273.733333333333,519.562551440329
"poly41","Atrichoblast-d","#868F89","poly41",12,274.3,519.192455418381
"poly41","Atrichoblast-d","#868F89","poly41",13,274.3,519.192455418381
"poly41","Atrichoblast-d","#868F89","poly41",14,274.333333333333,520.162551440329
"poly41","Atrichoblast-d","#868F89","poly41",15,274.366666666667,521.138408779149
"poly41","Atrichoblast-d","#868F89","poly41",16,274.4,522.118381344307
"poly41","Atrichoblast-d","#868F89","poly41",17,274.433333333333,523.100823045267
"poly41","Atrichoblast-d","#868F89","poly41",18,274.466666666667,524.084087791495
"poly41","Atrichoblast-d","#868F89","poly41",19,274.5,525.066529492455
"poly41","Atrichoblast-d","#868F89","poly41",20,274.533333333333,526.046502057613
"poly41","Atrichoblast-d","#868F89","poly41",21,274.566666666667,527.022359396433
"poly41","Atrichoblast-d","#868F89","poly41",22,274.6,527.992455418381
"poly41","Atrichoblast-d","#868F89","poly41",23,274.6,527.992455418381
"poly41","Atrichoblast-d","#868F89","poly41",24,274.85939643347,529.003429355281
"poly41","Atrichoblast-d","#868F89","poly41",25,275.104801097394,530.035802469136
"poly41","Atrichoblast-d","#868F89","poly41",26,275.337037037037,531.088751714677
"poly41","Atrichoblast-d","#868F89","poly41",27,275.556927297668,532.161454046639
"poly41","Atrichoblast-d","#868F89","poly41",28,275.765294924554,533.253086419753
"poly41","Atrichoblast-d","#868F89","poly41",29,275.962962962963,534.362825788751
"poly41","Atrichoblast-d","#868F89","poly41",30,276.150754458162,535.489849108367
"poly41","Atrichoblast-d","#868F89","poly41",31,276.329492455418,536.633333333333
"poly41","Atrichoblast-d","#868F89","poly41",32,276.5,537.792455418381
"poly41","Atrichoblast-d","#868F89","poly41",33,276.5,537.792455418381
"poly41","Atrichoblast-d","#868F89","poly41",34,276.892455418381,541.761454046639
"poly41","Atrichoblast-d","#868F89","poly41",35,277.084087791495,545.596296296296
"poly41","Atrichoblast-d","#868F89","poly41",36,277.096296296296,549.288751714677
"poly41","Atrichoblast-d","#868F89","poly41",37,276.950480109739,552.830589849108
"poly41","Atrichoblast-d","#868F89","poly41",38,276.668038408779,556.213580246913
"poly41","Atrichoblast-d","#868F89","poly41",39,276.27037037037,559.429492455418
"poly41","Atrichoblast-d","#868F89","poly41",40,275.778875171468,562.470096021948
"poly41","Atrichoblast-d","#868F89","poly41",41,275.214951989026,565.327160493827
"poly41","Atrichoblast-d","#868F89","poly41",42,274.6,567.992455418381
"poly41","Atrichoblast-d","#868F89","poly41",43,274.6,567.992455418381
"poly41","Atrichoblast-d","#868F89","poly41",44,274.59780521262,568.178737997256
"poly41","Atrichoblast-d","#868F89","poly41",45,274.58244170096,568.46049382716
"poly41","Atrichoblast-d","#868F89","poly41",46,274.540740740741,568.822085048011
"poly41","Atrichoblast-d","#868F89","poly41",47,274.459533607682,569.247873799725
"poly41","Atrichoblast-d","#868F89","poly41",48,274.325651577503,569.722222222222
"poly41","Atrichoblast-d","#868F89","poly41",49,274.125925925926,570.229492455418
"poly41","Atrichoblast-d","#868F89","poly41",50,273.847187928669,570.754046639232
"poly41","Atrichoblast-d","#868F89","poly41",51,273.476268861454,571.28024691358
"poly41","Atrichoblast-d","#868F89","poly41",52,273,571.792455418381
"poly41","Atrichoblast-d","#868F89","poly41",53,273,571.792455418381
"poly41","Atrichoblast-d","#868F89","poly41",54,272.655692729767,572.110699588477
"poly41","Atrichoblast-d","#868F89","poly41",55,272.289986282579,572.397668038408
"poly41","Atrichoblast-d","#868F89","poly41",56,271.903703703704,572.65171467764
"poly41","Atrichoblast-d","#868F89","poly41",57,271.497668038409,572.871193415638
"poly41","Atrichoblast-d","#868F89","poly41",58,271.072702331962,573.054458161865
"poly41","Atrichoblast-d","#868F89","poly41",59,270.62962962963,573.199862825789
"poly41","Atrichoblast-d","#868F89","poly41",60,270.16927297668,573.305761316872
"poly41","Atrichoblast-d","#868F89","poly41",61,269.692455418381,573.370507544581
"poly41","Atrichoblast-d","#868F89","poly41",62,269.2,573.392455418381
"poly41","Atrichoblast-d","#868F89","poly41",63,254.7,573.392455418381
"poly41","Atrichoblast-d","#868F89","poly41",64,254.7,573.392455418381
"poly41","Atrichoblast-d","#868F89","poly41",65,253.724691358025,573.306035665295
"poly41","Atrichoblast-d","#868F89","poly41",66,252.808641975309,573.056652949245
"poly41","Atrichoblast-d","#868F89","poly41",67,251.966666666667,572.659122085048
"poly41","Atrichoblast-d","#868F89","poly41",68,251.213580246914,572.128257887517
"poly41","Atrichoblast-d","#868F89","poly41",69,250.564197530864,571.478875171468
"poly41","Atrichoblast-d","#868F89","poly41",70,250.033333333333,570.725788751714
"poly41","Atrichoblast-d","#868F89","poly41",71,249.635802469136,569.883813443072
"poly41","Atrichoblast-d","#868F89","poly41",72,249.386419753086,568.967764060356
"poly41","Atrichoblast-d","#868F89","poly41",73,249.3,567.992455418381
"poly41","Atrichoblast-d","#868F89","poly41",74,249.3,527.992455418381
"poly41","Atrichoblast-d","#868F89","poly41",75,249.3,527.992455418381
"poly41","Atrichoblast-d","#868F89","poly41",76,249.333333333333,527.322359396433
"poly41","Atrichoblast-d","#868F89","poly41",77,249.366666666667,526.646502057613
"poly41","Atrichoblast-d","#868F89","poly41",78,249.4,525.966529492455
"poly41","Atrichoblast-d","#868F89","poly41",79,249.433333333333,525.284087791495
"poly41","Atrichoblast-d","#868F89","poly41",80,249.466666666667,524.600823045267
"poly41","Atrichoblast-d","#868F89","poly41",81,249.5,523.918381344307
"poly41","Atrichoblast-d","#868F89","poly41",82,249.533333333333,523.238408779149
"poly41","Atrichoblast-d","#868F89","poly41",83,249.566666666667,522.562551440329
"poly41","Atrichoblast-d","#868F89","poly41",84,249.6,521.892455418381
"poly41","Atrichoblast-d","#868F89","poly41",85,249.6,521.892455418381
"poly41","Atrichoblast-d","#868F89","poly41",86,250.166666666667,521.962551440329
"poly41","Atrichoblast-d","#868F89","poly41",87,250.733333333333,522.038408779149
"poly41","Atrichoblast-d","#868F89","poly41",88,251.3,522.118381344307
"poly41","Atrichoblast-d","#868F89","poly41",89,251.866666666667,522.200823045267
"poly41","Atrichoblast-d","#868F89","poly41",90,252.433333333333,522.284087791495
"poly41","Atrichoblast-d","#868F89","poly41",91,253,522.366529492455
"poly41","Atrichoblast-d","#868F89","poly41",92,253.566666666667,522.446502057613
"poly41","Atrichoblast-d","#868F89","poly41",93,254.133333333333,522.522359396433
"poly41","Atrichoblast-d","#868F89","poly41",94,254.7,522.592455418381
"poly42","Atrichoblast-d","#868F89","poly42",1,258.5,572.292455418381
"poly42","Atrichoblast-d","#868F89","poly42",2,258.5,572.292455418381
"poly42","Atrichoblast-d","#868F89","poly42",3,259.343621399177,572.387791495199
"poly42","Atrichoblast-d","#868F89","poly42",4,260.271193415638,572.469958847736
"poly42","Atrichoblast-d","#868F89","poly42",5,261.277777777778,572.533196159122
"poly42","Atrichoblast-d","#868F89","poly42",6,262.358436213992,572.571742112483
"poly42","Atrichoblast-d","#868F89","poly42",7,263.508230452675,572.579835390946
"poly42","Atrichoblast-d","#868F89","poly42",8,264.722222222222,572.55171467764
"poly42","Atrichoblast-d","#868F89","poly42",9,265.995473251029,572.481618655692
"poly42","Atrichoblast-d","#868F89","poly42",10,267.32304526749,572.36378600823
"poly42","Atrichoblast-d","#868F89","poly42",11,268.7,572.192455418381
"poly42","Atrichoblast-d","#868F89","poly42",12,268.7,572.192455418381
"poly42","Atrichoblast-d","#868F89","poly42",13,269.844307270233,571.990809327846
"poly42","Atrichoblast-d","#868F89","poly42",14,270.824828532236,571.794101508916
"poly42","Atrichoblast-d","#868F89","poly42",15,271.662962962963,571.614677640603
"poly42","Atrichoblast-d","#868F89","poly42",16,272.380109739369,571.46488340192
"poly42","Atrichoblast-d","#868F89","poly42",17,272.997668038409,571.357064471879
"poly42","Atrichoblast-d","#868F89","poly42",18,273.537037037037,571.303566529492
"poly42","Atrichoblast-d","#868F89","poly42",19,274.019615912208,571.316735253772
"poly42","Atrichoblast-d","#868F89","poly42",20,274.466803840878,571.408916323731
"poly42","Atrichoblast-d","#868F89","poly42",21,274.9,571.592455418381
"poly42","Atrichoblast-d","#868F89","poly42",22,274.9,571.592455418381
"poly42","Atrichoblast-d","#868F89","poly42",23,275.72524005487,572.257750342935
"poly42","Atrichoblast-d","#868F89","poly42",24,276.29451303155,573.248148148148
"poly42","Atrichoblast-d","#868F89","poly42",25,276.648148148148,574.555418381344
"poly42","Atrichoblast-d","#868F89","poly42",26,276.826474622771,576.171330589849
"poly42","Atrichoblast-d","#868F89","poly42",27,276.869821673525,578.087654320987
"poly42","Atrichoblast-d","#868F89","poly42",28,276.818518518518,580.296159122085
"poly42","Atrichoblast-d","#868F89","poly42",29,276.712894375857,582.788614540466
"poly42","Atrichoblast-d","#868F89","poly42",30,276.593278463649,585.556790123456
"poly42","Atrichoblast-d","#868F89","poly42",31,276.5,588.592455418381
"poly42","Atrichoblast-d","#868F89","poly42",32,276.5,588.592455418381
"poly42","Atrichoblast-d","#868F89","poly42",33,276.286008230453,593.983813443072
"poly42","Atrichoblast-d","#868F89","poly42",34,275.995473251029,598.523319615912
"poly42","Atrichoblast-d","#868F89","poly42",35,275.655555555556,602.359122085048
"poly42","Atrichoblast-d","#868F89","poly42",36,275.29341563786,605.639368998628
"poly42","Atrichoblast-d","#868F89","poly42",37,274.93621399177,608.512208504801
"poly42","Atrichoblast-d","#868F89","poly42",38,274.611111111111,611.125788751714
"poly42","Atrichoblast-d","#868F89","poly42",39,274.345267489712,613.628257887517
"poly42","Atrichoblast-d","#868F89","poly42",40,274.165843621399,616.167764060356
"poly42","Atrichoblast-d","#868F89","poly42",41,274.1,618.892455418381
"poly42","Atrichoblast-d","#868F89","poly42",42,274.1,618.892455418381
"poly42","Atrichoblast-d","#868F89","poly42",43,274.013580246914,619.867764060356
"poly42","Atrichoblast-d","#868F89","poly42",44,273.764197530864,620.783813443072
"poly42","Atrichoblast-d","#868F89","poly42",45,273.366666666667,621.625788751714
"poly42","Atrichoblast-d","#868F89","poly42",46,272.835802469136,622.378875171467
"poly42","Atrichoblast-d","#868F89","poly42",47,272.186419753086,623.028257887517
"poly42","Atrichoblast-d","#868F89","poly42",48,271.433333333333,623.559122085048
"poly42","Atrichoblast-d","#868F89","poly42",49,270.591358024691,623.956652949245
"poly42","Atrichoblast-d","#868F89","poly42",50,269.675308641975,624.206035665295
"poly42","Atrichoblast-d","#868F89","poly42",51,268.7,624.292455418381
"poly42","Atrichoblast-d","#868F89","poly42",52,254.2,624.292455418381
"poly42","Atrichoblast-d","#868F89","poly42",53,254.2,624.292455418381
"poly42","Atrichoblast-d","#868F89","poly42",54,253.224691358025,624.206035665295
"poly42","Atrichoblast-d","#868F89","poly42",55,252.308641975309,623.956652949245
"poly42","Atrichoblast-d","#868F89","poly42",56,251.466666666667,623.559122085048
"poly42","Atrichoblast-d","#868F89","poly42",57,250.713580246914,623.028257887517
"poly42","Atrichoblast-d","#868F89","poly42",58,250.064197530864,622.378875171467
"poly42","Atrichoblast-d","#868F89","poly42",59,249.533333333333,621.625788751714
"poly42","Atrichoblast-d","#868F89","poly42",60,249.135802469136,620.783813443072
"poly42","Atrichoblast-d","#868F89","poly42",61,248.886419753086,619.867764060356
"poly42","Atrichoblast-d","#868F89","poly42",62,248.8,618.892455418381
"poly42","Atrichoblast-d","#868F89","poly42",63,248.8,578.792455418381
"poly42","Atrichoblast-d","#868F89","poly42",64,248.8,578.792455418381
"poly42","Atrichoblast-d","#868F89","poly42",65,248.929903978052,577.859122085048
"poly42","Atrichoblast-d","#868F89","poly42",66,249.054046639232,576.925788751714
"poly42","Atrichoblast-d","#868F89","poly42",67,249.174074074074,575.992455418381
"poly42","Atrichoblast-d","#868F89","poly42",68,249.291632373114,575.059122085048
"poly42","Atrichoblast-d","#868F89","poly42",69,249.408367626886,574.125788751714
"poly42","Atrichoblast-d","#868F89","poly42",70,249.525925925926,573.192455418381
"poly42","Atrichoblast-d","#868F89","poly42",71,249.645953360768,572.259122085048
"poly42","Atrichoblast-d","#868F89","poly42",72,249.770096021948,571.325788751714
"poly42","Atrichoblast-d","#868F89","poly42",73,249.9,570.392455418381
"poly42","Atrichoblast-d","#868F89","poly42",74,249.9,570.392455418381
"poly42","Atrichoblast-d","#868F89","poly42",75,250.836899862826,570.592592592592
"poly42","Atrichoblast-d","#868F89","poly42",76,251.780384087792,570.793552812071
"poly42","Atrichoblast-d","#868F89","poly42",77,252.72962962963,570.996159122085
"poly42","Atrichoblast-d","#868F89","poly42",78,253.683813443073,571.201234567901
"poly42","Atrichoblast-d","#868F89","poly42",79,254.642112482853,571.409602194787
"poly42","Atrichoblast-d","#868F89","poly42",80,255.603703703704,571.622085048011
"poly42","Atrichoblast-d","#868F89","poly42",81,256.567764060357,571.839506172839
"poly42","Atrichoblast-d","#868F89","poly42",82,257.533470507545,572.06268861454
"poly42","Atrichoblast-d","#868F89","poly42",83,258.5,572.292455418381
"poly43","Trichoblast-d","#56565C","poly43",1,275.9,588.392455418381
"poly43","Trichoblast-d","#56565C","poly43",2,296.1,588.392455418381
"poly43","Trichoblast-d","#56565C","poly43",3,296.1,588.392455418381
"poly43","Trichoblast-d","#56565C","poly43",4,306.585185185185,588.963100137174
"poly43","Trichoblast-d","#56565C","poly43",5,315.840740740741,589.542798353909
"poly43","Trichoblast-d","#56565C","poly43",6,323.866666666667,590.133196159122
"poly43","Trichoblast-d","#56565C","poly43",7,330.662962962963,590.735939643347
"poly43","Trichoblast-d","#56565C","poly43",8,336.22962962963,591.352674897119
"poly43","Trichoblast-d","#56565C","poly43",9,340.566666666667,591.985048010974
"poly43","Trichoblast-d","#56565C","poly43",10,343.674074074074,592.634705075445
"poly43","Trichoblast-d","#56565C","poly43",11,345.551851851852,593.30329218107
"poly43","Trichoblast-d","#56565C","poly43",12,346.2,593.992455418381
"poly43","Trichoblast-d","#56565C","poly43",13,346.2,593.992455418381
"poly43","Trichoblast-d","#56565C","poly43",14,345.611111111111,594.666392318244
"poly43","Trichoblast-d","#56565C","poly43",15,343.844444444444,595.354320987654
"poly43","Trichoblast-d","#56565C","poly43",16,340.9,596.055418381344
"poly43","Trichoblast-d","#56565C","poly43",17,336.777777777778,596.768861454046
"poly43","Trichoblast-d","#56565C","poly43",18,331.477777777778,597.493827160493
"poly43","Trichoblast-d","#56565C","poly43",19,325,598.229492455418
"poly43","Trichoblast-d","#56565C","poly43",20,317.344444444444,598.975034293552
"poly43","Trichoblast-d","#56565C","poly43",21,308.511111111111,599.729629629629
"poly43","Trichoblast-d","#56565C","poly43",22,298.5,600.492455418381
"poly43","Trichoblast-d","#56565C","poly43",23,298.5,627.192455418381
"poly43","Trichoblast-d","#56565C","poly43",24,298.5,627.192455418381
"poly43","Trichoblast-d","#56565C","poly43",25,298.46049382716,629.372016460905
"poly43","Trichoblast-d","#56565C","poly43",26,298.346913580247,631.421536351166
"poly43","Trichoblast-d","#56565C","poly43",27,298.166666666667,633.307270233196
"poly43","Trichoblast-d","#56565C","poly43",28,297.927160493827,634.995473251028
"poly43","Trichoblast-d","#56565C","poly43",29,297.635802469136,636.452400548696
"poly43","Trichoblast-d","#56565C","poly43",30,297.3,637.644307270233
"poly43","Trichoblast-d","#56565C","poly43",31,296.927160493827,638.53744855967
"poly43","Trichoblast-d","#56565C","poly43",32,296.524691358025,639.098079561042
"poly43","Trichoblast-d","#56565C","poly43",33,296.1,639.292455418381
"poly43","Trichoblast-d","#56565C","poly43",34,275.9,639.292455418381
"poly43","Trichoblast-d","#56565C","poly43",35,275.9,639.292455418381
"poly43","Trichoblast-d","#56565C","poly43",36,275.475308641975,639.098079561042
"poly43","Trichoblast-d","#56565C","poly43",37,275.072839506173,638.53744855967
"poly43","Trichoblast-d","#56565C","poly43",38,274.7,637.644307270233
"poly43","Trichoblast-d","#56565C","poly43",39,274.364197530864,636.452400548696
"poly43","Trichoblast-d","#56565C","poly43",40,274.072839506173,634.995473251028
"poly43","Trichoblast-d","#56565C","poly43",41,273.833333333333,633.307270233196
"poly43","Trichoblast-d","#56565C","poly43",42,273.653086419753,631.421536351166
"poly43","Trichoblast-d","#56565C","poly43",43,273.53950617284,629.372016460905
"poly43","Trichoblast-d","#56565C","poly43",44,273.5,627.192455418381
"poly43","Trichoblast-d","#56565C","poly43",45,273.5,627.192455418381
"poly43","Trichoblast-d","#56565C","poly43",46,273.565843621399,625.861865569273
"poly43","Trichoblast-d","#56565C","poly43",47,273.69341563786,622.295884773662
"poly43","Trichoblast-d","#56565C","poly43",48,273.877777777778,617.133196159122
"poly43","Trichoblast-d","#56565C","poly43",49,274.113991769547,611.012482853223
"poly43","Trichoblast-d","#56565C","poly43",50,274.397119341564,604.572427983539
"poly43","Trichoblast-d","#56565C","poly43",51,274.722222222222,598.45171467764
"poly43","Trichoblast-d","#56565C","poly43",52,275.084362139918,593.2890260631
"poly43","Trichoblast-d","#56565C","poly43",53,275.478600823045,589.723045267489
"poly43","Trichoblast-d","#56565C","poly43",54,275.9,588.392455418381
"poly44","Trichoblast-d","#56565C","poly44",1,276.5,537.692455418381
"poly44","Trichoblast-d","#56565C","poly44",2,296.7,537.692455418381
"poly44","Trichoblast-d","#56565C","poly44",3,296.7,537.692455418381
"poly44","Trichoblast-d","#56565C","poly44",4,299.82085048011,537.953223593964
"poly44","Trichoblast-d","#56565C","poly44",5,302.696433470508,538.326748971193
"poly44","Trichoblast-d","#56565C","poly44",6,305.296296296296,538.799862825788
"poly44","Trichoblast-d","#56565C","poly44",7,307.589986282579,539.35939643347
"poly44","Trichoblast-d","#56565C","poly44",8,309.547050754458,539.992181069958
"poly44","Trichoblast-d","#56565C","poly44",9,311.137037037037,540.685048010974
"poly44","Trichoblast-d","#56565C","poly44",10,312.329492455418,541.424828532236
"poly44","Trichoblast-d","#56565C","poly44",11,313.093964334705,542.198353909465
"poly44","Trichoblast-d","#56565C","poly44",12,313.4,542.992455418381
"poly44","Trichoblast-d","#56565C","poly44",13,313.4,542.992455418381
"poly44","Trichoblast-d","#56565C","poly44",14,313.209190672154,543.775582990397
"poly44","Trichoblast-d","#56565C","poly44",15,312.592043895748,544.583401920439
"poly44","Trichoblast-d","#56565C","poly44",16,311.581481481482,545.403566529492
"poly44","Trichoblast-d","#56565C","poly44",17,310.210425240055,546.223731138546
"poly44","Trichoblast-d","#56565C","poly44",18,308.511796982167,547.031550068587
"poly44","Trichoblast-d","#56565C","poly44",19,306.518518518518,547.814677640603
"poly44","Trichoblast-d","#56565C","poly44",20,304.263511659808,548.560768175583
"poly44","Trichoblast-d","#56565C","poly44",21,301.779698216735,549.257475994513
"poly44","Trichoblast-d","#56565C","poly44",22,299.1,549.892455418381
"poly44","Trichoblast-d","#56565C","poly44",23,299.1,576.592455418381
"poly44","Trichoblast-d","#56565C","poly44",24,299.1,576.592455418381
"poly44","Trichoblast-d","#56565C","poly44",25,299.06049382716,578.772016460905
"poly44","Trichoblast-d","#56565C","poly44",26,298.946913580247,580.821536351166
"poly44","Trichoblast-d","#56565C","poly44",27,298.766666666667,582.707270233196
"poly44","Trichoblast-d","#56565C","poly44",28,298.527160493827,584.395473251028
"poly44","Trichoblast-d","#56565C","poly44",29,298.235802469136,585.852400548696
"poly44","Trichoblast-d","#56565C","poly44",30,297.9,587.044307270233
"poly44","Trichoblast-d","#56565C","poly44",31,297.527160493827,587.93744855967
"poly44","Trichoblast-d","#56565C","poly44",32,297.124691358025,588.498079561042
"poly44","Trichoblast-d","#56565C","poly44",33,296.7,588.692455418381
"poly44","Trichoblast-d","#56565C","poly44",34,276.5,588.692455418381
"poly44","Trichoblast-d","#56565C","poly44",35,276.5,588.692455418381
"poly44","Trichoblast-d","#56565C","poly44",36,276.075308641975,588.498079561042
"poly44","Trichoblast-d","#56565C","poly44",37,275.672839506173,587.93744855967
"poly44","Trichoblast-d","#56565C","poly44",38,275.3,587.044307270233
"poly44","Trichoblast-d","#56565C","poly44",39,274.964197530864,585.852400548696
"poly44","Trichoblast-d","#56565C","poly44",40,274.672839506173,584.395473251028
"poly44","Trichoblast-d","#56565C","poly44",41,274.433333333333,582.707270233196
"poly44","Trichoblast-d","#56565C","poly44",42,274.253086419753,580.821536351166
"poly44","Trichoblast-d","#56565C","poly44",43,274.13950617284,578.772016460905
"poly44","Trichoblast-d","#56565C","poly44",44,274.1,576.592455418381
"poly44","Trichoblast-d","#56565C","poly44",45,274.1,576.592455418381
"poly44","Trichoblast-d","#56565C","poly44",46,274.13950617284,575.205761316872
"poly44","Trichoblast-d","#56565C","poly44",47,274.253086419753,571.602606310013
"poly44","Trichoblast-d","#56565C","poly44",48,274.433333333333,566.418381344307
"poly44","Trichoblast-d","#56565C","poly44",49,274.672839506173,560.288477366255
"poly44","Trichoblast-d","#56565C","poly44",50,274.964197530864,553.848285322359
"poly44","Trichoblast-d","#56565C","poly44",51,275.3,547.733196159122
"poly44","Trichoblast-d","#56565C","poly44",52,275.672839506173,542.578600823045
"poly44","Trichoblast-d","#56565C","poly44",53,276.075308641975,539.019890260631
"poly44","Trichoblast-d","#56565C","poly44",54,276.5,537.692455418381
