"gene","sample","normalized_expression","orig.ident","nCount_RNA","nFeature_RNA","Batch","Type","Tissue","Duration","Author","condition","group","dataset_dir","concentration_uM","auxin_compound","label","Concentration"
"PIN1","control_1_auxin_root_2h_bargmann",0.389750687205633,"control",144895.456982637,22590,"auxin_root_2h_bargmann","control","root","2h","bargmann","Control","control","auxin_root_2h_bargmann",5,"IAA","Auxin (IAA 5uM)",0
"PIN1","control_2_auxin_root_2h_bargmann",0.382612842650347,"control",144906.492295472,22590,"auxin_root_2h_bargmann","control","root","2h","bargmann","Control","control","auxin_root_2h_bargmann",5,"IAA","Auxin (IAA 5uM)",0
"PIN1","control_3_auxin_root_2h_bargmann",0.364089470119382,"control",144895.237265024,22590,"auxin_root_2h_bargmann","control","root","2h","bargmann","Control","control","auxin_root_2h_bargmann",5,"IAA","Auxin (IAA 5uM)",0
"PIN1","treat_1_auxin_root_2h_bargmann",0.456763731807935,"treat",144778.309908173,22590,"auxin_root_2h_bargmann","treat","root","2h","bargmann","Auxin","treat","auxin_root_2h_bargmann",5,"IAA","Auxin (IAA 5uM)",5
"PIN1","treat_2_auxin_root_2h_bargmann",0.447228320697564,"treat",144798.478522725,22590,"auxin_root_2h_bargmann","treat","root","2h","bargmann","Auxin","treat","auxin_root_2h_bargmann",5,"IAA","Auxin (IAA 5uM)",5
"PIN1","treat_3_auxin_root_2h_bargmann",0.461525689624656,"treat",144783.950884411,22590,"auxin_root_2h_bargmann","treat","root","2h","bargmann","Auxin","treat","auxin_root_2h_bargmann",5,"IAA","Auxin (IAA 5uM)",5
"PIN1","control_1_auxin_seedling_05h_delker",0.390468180932677,"control",145057.545347346,22590,"auxin_seedling_05h_delker","control","seedling","05h","delker","Control","control","auxin_seedling_05h_delker",1,"IAA","Auxin (IAA 1uM)",0
"PIN1","control_2_auxin_seedling_05h_delker",0.38970711078658,"control",145115.53412366,22590,"auxin_seedling_05h_delker","control","seedling","05h","delker","Control","control","auxin_seedling_05h_delker",1,"IAA","Auxin (IAA 1uM)",0
"PIN1","control_3_auxin_seedling_05h_delker",0.372869492324343,"control",145037.247498294,22590,"auxin_seedling_05h_delker","control","seedling","05h","delker","Control","control","auxin_seedling_05h_delker",1,"IAA","Auxin (IAA 1uM)",0
"PIN1","treat_1_auxin_seedling_05h_delker",0.448044101871312,"treat",144609.97329443,22590,"auxin_seedling_05h_delker","treat","seedling","05h","delker","Auxin","treat","auxin_seedling_05h_delker",1,"IAA","Auxin (IAA 1uM)",1
"PIN1","treat_2_auxin_seedling_05h_delker",0.453279977849155,"treat",144640.316191634,22590,"auxin_seedling_05h_delker","treat","seedling","05h","delker","Auxin","treat","auxin_seedling_05h_delker",1,"IAA","Auxin (IAA 1uM)",1
"PIN1","treat_3_auxin_seedling_05h_delker",0.450885670106157,"treat",144664.523047894,22590,"auxin_seedling_05h_delker","treat","seedling","05h","delker","Auxin","treat","auxin_seedling_05h_delker",1,"IAA","Auxin (IAA 1uM)",1
"PIN1","control_1_auxin_seedling_1h_delker",0.383335635425845,"control",145044.607860462,22590,"auxin_seedling_1h_delker","control","seedling","1h","delker","Control","control","auxin_seedling_1h_delker",1,"IAA","Auxin (IAA 1uM)",0
"PIN1","control_2_auxin_seedling_1h_delker",0.380899429542726,"control",145097.717137737,22590,"auxin_seedling_1h_delker","control","seedling","1h","delker","Control","control","auxin_seedling_1h_delker",1,"IAA","Auxin (IAA 1uM)",0
"PIN1","control_3_auxin_seedling_1h_delker",0.372654492676715,"control",145000.655695384,22590,"auxin_seedling_1h_delker","control","seedling","1h","delker","Control","control","auxin_seedling_1h_delker",1,"IAA","Auxin (IAA 1uM)",0
"PIN1","treat_1_auxin_seedling_1h_delker",0.446115309231628,"treat",144632.469447688,22590,"auxin_seedling_1h_delker","treat","seedling","1h","delker","Auxin","treat","auxin_seedling_1h_delker",1,"IAA","Auxin (IAA 1uM)",1
"PIN1","treat_2_auxin_seedling_1h_delker",0.45827878422122,"treat",144651.844241064,22590,"auxin_seedling_1h_delker","treat","seedling","1h","delker","Auxin","treat","auxin_seedling_1h_delker",1,"IAA","Auxin (IAA 1uM)",1
"PIN1","treat_3_auxin_seedling_1h_delker",0.46369647798945,"treat",144709.388995078,22590,"auxin_seedling_1h_delker","treat","seedling","1h","delker","Auxin","treat","auxin_seedling_1h_delker",1,"IAA","Auxin (IAA 1uM)",1
"PIN1","control_1_auxin_seedling_3h_delker",0.406946991582016,"control",144932.688979116,22590,"auxin_seedling_3h_delker","control","seedling","3h","delker","Control","control","auxin_seedling_3h_delker",1,"IAA","Auxin (IAA 1uM)",0
"PIN1","control_2_auxin_seedling_3h_delker",0.406579564177626,"control",145003.07482206,22590,"auxin_seedling_3h_delker","control","seedling","3h","delker","Control","control","auxin_seedling_3h_delker",1,"IAA","Auxin (IAA 1uM)",0
"PIN1","control_3_auxin_seedling_3h_delker",0.389259364518556,"control",144890.327919777,22590,"auxin_seedling_3h_delker","control","seedling","3h","delker","Control","control","auxin_seedling_3h_delker",1,"IAA","Auxin (IAA 1uM)",0
"PIN1","treat_1_auxin_seedling_3h_delker",0.437804264183471,"treat",144833.185810935,22590,"auxin_seedling_3h_delker","treat","seedling","3h","delker","Auxin","treat","auxin_seedling_3h_delker",1,"IAA","Auxin (IAA 1uM)",1
"PIN1","treat_2_auxin_seedling_3h_delker",0.448090402933976,"treat",144792.738319514,22590,"auxin_seedling_3h_delker","treat","seedling","3h","delker","Auxin","treat","auxin_seedling_3h_delker",1,"IAA","Auxin (IAA 1uM)",1
"PIN1","treat_3_auxin_seedling_3h_delker",0.41815831197883,"treat",144725.803267843,22590,"auxin_seedling_3h_delker","treat","seedling","3h","delker","Auxin","treat","auxin_seedling_3h_delker",1,"IAA","Auxin (IAA 1uM)",1
"PIN1","control_1_auxin_root_2h_derybel",0.377307591596959,"control",144891.502301021,22590,"auxin_root_2h_derybel","control","root","2h","derybel","Control","control","auxin_root_2h_derybel",10,"NAA","Auxin (NAA 10uM)",0
"PIN1","control_2_auxin_root_2h_derybel",0.37747997046799,"control",144833.260795673,22590,"auxin_root_2h_derybel","control","root","2h","derybel","Control","control","auxin_root_2h_derybel",10,"NAA","Auxin (NAA 10uM)",0
"PIN1","control_3_auxin_root_2h_derybel",0.379751183145761,"control",144891.611277383,22590,"auxin_root_2h_derybel","control","root","2h","derybel","Control","control","auxin_root_2h_derybel",10,"NAA","Auxin (NAA 10uM)",0
"PIN1","treat_1_auxin_root_2h_derybel",0.463737661624221,"treat",144786.255170148,22590,"auxin_root_2h_derybel","treat","root","2h","derybel","Auxin","treat","auxin_root_2h_derybel",10,"NAA","Auxin (NAA 10uM)",10
"PIN1","treat_2_auxin_root_2h_derybel",0.451728762785177,"treat",144798.429879037,22590,"auxin_root_2h_derybel","treat","root","2h","derybel","Auxin","treat","auxin_root_2h_derybel",10,"NAA","Auxin (NAA 10uM)",10
"PIN1","treat_3_auxin_root_2h_derybel",0.463622272929211,"treat",144927.167174773,22590,"auxin_root_2h_derybel","treat","root","2h","derybel","Auxin","treat","auxin_root_2h_derybel",10,"NAA","Auxin (NAA 10uM)",10
"PIN1","control_1_auxin_root_6h_derybel",0.381314541702334,"control",145006.656817472,22590,"auxin_root_6h_derybel","control","root","6h","derybel","Control","control","auxin_root_6h_derybel",10,"NAA","Auxin (NAA 10uM)",0
"PIN1","control_2_auxin_root_6h_derybel",0.381547935580698,"control",145073.439178668,22590,"auxin_root_6h_derybel","control","root","6h","derybel","Control","control","auxin_root_6h_derybel",10,"NAA","Auxin (NAA 10uM)",0
"PIN1","control_3_auxin_root_6h_derybel",0.383426319853953,"control",144948.250796977,22590,"auxin_root_6h_derybel","control","root","6h","derybel","Control","control","auxin_root_6h_derybel",10,"NAA","Auxin (NAA 10uM)",0
"PIN1","treat_1_auxin_root_6h_derybel",0.453661353363079,"treat",144700.489295898,22590,"auxin_root_6h_derybel","treat","root","6h","derybel","Auxin","treat","auxin_root_6h_derybel",10,"NAA","Auxin (NAA 10uM)",10
"PIN1","treat_2_auxin_root_6h_derybel",0.458506229380451,"treat",144650.40590281,22590,"auxin_root_6h_derybel","treat","root","6h","derybel","Auxin","treat","auxin_root_6h_derybel",10,"NAA","Auxin (NAA 10uM)",10
"PIN1","treat_3_auxin_root_6h_derybel",0.463033784484013,"treat",144669.598889119,22590,"auxin_root_6h_derybel","treat","root","6h","derybel","Auxin","treat","auxin_root_6h_derybel",10,"NAA","Auxin (NAA 10uM)",10
"PIN1","control_1_auxin_root_05h_lewis",0.388319666541345,"control",144993.986007535,22590,"auxin_root_05h_lewis","control","root","05h","lewis","Control","control","auxin_root_05h_lewis",1,"IAA","Auxin (IAA 1uM)",0
"PIN1","control_2_auxin_root_05h_lewis",0.38969849623474,"control",144834.255957278,22590,"auxin_root_05h_lewis","control","root","05h","lewis","Control","control","auxin_root_05h_lewis",1,"IAA","Auxin (IAA 1uM)",0
"PIN1","control_3_auxin_root_05h_lewis",0.383576701003513,"control",144934.867380418,22590,"auxin_root_05h_lewis","control","root","05h","lewis","Control","control","auxin_root_05h_lewis",1,"IAA","Auxin (IAA 1uM)",0
"PIN1","treat_1_auxin_root_05h_lewis",0.441038022896868,"treat",144795.955426744,22590,"auxin_root_05h_lewis","treat","root","05h","lewis","Auxin","treat","auxin_root_05h_lewis",1,"IAA","Auxin (IAA 1uM)",1
"PIN1","treat_2_auxin_root_05h_lewis",0.455877505728024,"treat",144813.037062305,22590,"auxin_root_05h_lewis","treat","root","05h","lewis","Auxin","treat","auxin_root_05h_lewis",1,"IAA","Auxin (IAA 1uM)",1
"PIN1","treat_3_auxin_root_05h_lewis",0.448394221815526,"treat",144760.950269369,22590,"auxin_root_05h_lewis","treat","root","05h","lewis","Auxin","treat","auxin_root_05h_lewis",1,"IAA","Auxin (IAA 1uM)",1
"PIN1","control_1_auxin_root_12h_lewis",0.420629635922975,"control",144937.107269202,22590,"auxin_root_12h_lewis","control","root","12h","lewis","Control","control","auxin_root_12h_lewis",1,"IAA","Auxin (IAA 1uM)",0
"PIN1","control_2_auxin_root_12h_lewis",0.394802678339931,"control",144747.181135968,22590,"auxin_root_12h_lewis","control","root","12h","lewis","Control","control","auxin_root_12h_lewis",1,"IAA","Auxin (IAA 1uM)",0
"PIN1","control_3_auxin_root_12h_lewis",0.413828442640312,"control",144896.880393328,22590,"auxin_root_12h_lewis","control","root","12h","lewis","Control","control","auxin_root_12h_lewis",1,"IAA","Auxin (IAA 1uM)",0
"PIN1","treat_1_auxin_root_12h_lewis",0.435966645457736,"treat",144898.768413632,22590,"auxin_root_12h_lewis","treat","root","12h","lewis","Auxin","treat","auxin_root_12h_lewis",1,"IAA","Auxin (IAA 1uM)",1
"PIN1","treat_2_auxin_root_12h_lewis",0.426593138482673,"treat",144856.381492436,22590,"auxin_root_12h_lewis","treat","root","12h","lewis","Auxin","treat","auxin_root_12h_lewis",1,"IAA","Auxin (IAA 1uM)",1
"PIN1","treat_3_auxin_root_12h_lewis",0.416712015116095,"treat",144831.695854087,22590,"auxin_root_12h_lewis","treat","root","12h","lewis","Auxin","treat","auxin_root_12h_lewis",1,"IAA","Auxin (IAA 1uM)",1
"PIN1","control_1_auxin_root_1h_lewis",0.388525736013109,"control",144865.138523716,22590,"auxin_root_1h_lewis","control","root","1h","lewis","Control","control","auxin_root_1h_lewis",1,"IAA","Auxin (IAA 1uM)",0
"PIN1","control_2_auxin_root_1h_lewis",0.392773542147031,"control",144866.692878786,22590,"auxin_root_1h_lewis","control","root","1h","lewis","Control","control","auxin_root_1h_lewis",1,"IAA","Auxin (IAA 1uM)",0
"PIN1","control_3_auxin_root_1h_lewis",0.372725943169641,"control",144866.668191885,22590,"auxin_root_1h_lewis","control","root","1h","lewis","Control","control","auxin_root_1h_lewis",1,"IAA","Auxin (IAA 1uM)",0
"PIN1","treat_1_auxin_root_1h_lewis",0.458676842477233,"treat",144901.609678118,22590,"auxin_root_1h_lewis","treat","root","1h","lewis","Auxin","treat","auxin_root_1h_lewis",1,"IAA","Auxin (IAA 1uM)",1
"PIN1","treat_2_auxin_root_1h_lewis",0.458208871470573,"treat",144897.780935278,22590,"auxin_root_1h_lewis","treat","root","1h","lewis","Auxin","treat","auxin_root_1h_lewis",1,"IAA","Auxin (IAA 1uM)",1
"PIN1","treat_3_auxin_root_1h_lewis",0.43682982453091,"treat",144836.604840951,22590,"auxin_root_1h_lewis","treat","root","1h","lewis","Auxin","treat","auxin_root_1h_lewis",1,"IAA","Auxin (IAA 1uM)",1
"PIN1","control_1_auxin_root_24h_lewis",0.404490710451836,"control",144932.489080945,22590,"auxin_root_24h_lewis","control","root","24h","lewis","Control","control","auxin_root_24h_lewis",1,"IAA","Auxin (IAA 1uM)",0
"PIN1","control_2_auxin_root_24h_lewis",0.40493716648196,"control",144808.73497657,22590,"auxin_root_24h_lewis","control","root","24h","lewis","Control","control","auxin_root_24h_lewis",1,"IAA","Auxin (IAA 1uM)",0
"PIN1","control_3_auxin_root_24h_lewis",0.404237560756235,"control",144921.340258979,22590,"auxin_root_24h_lewis","control","root","24h","lewis","Control","control","auxin_root_24h_lewis",1,"IAA","Auxin (IAA 1uM)",0
"PIN1","treat_1_auxin_root_24h_lewis",0.438812706178535,"treat",144917.793032522,22590,"auxin_root_24h_lewis","treat","root","24h","lewis","Auxin","treat","auxin_root_24h_lewis",1,"IAA","Auxin (IAA 1uM)",1
"PIN1","treat_2_auxin_root_24h_lewis",0.430876423683063,"treat",144802.538469348,22590,"auxin_root_24h_lewis","treat","root","24h","lewis","Auxin","treat","auxin_root_24h_lewis",1,"IAA","Auxin (IAA 1uM)",1
"PIN1","treat_3_auxin_root_24h_lewis",0.423645942115716,"treat",144875.202963885,22590,"auxin_root_24h_lewis","treat","root","24h","lewis","Auxin","treat","auxin_root_24h_lewis",1,"IAA","Auxin (IAA 1uM)",1
"PIN1","control_1_auxin_root_2h_lewis",0.38493696506617,"control",144905.159803495,22590,"auxin_root_2h_lewis","control","root","2h","lewis","Control","control","auxin_root_2h_lewis",1,"IAA","Auxin (IAA 1uM)",0
"PIN1","control_2_auxin_root_2h_lewis",0.373364264945066,"control",144845.655514571,22590,"auxin_root_2h_lewis","control","root","2h","lewis","Control","control","auxin_root_2h_lewis",1,"IAA","Auxin (IAA 1uM)",0
"PIN1","control_3_auxin_root_2h_lewis",0.39515330543634,"control",144718.580595369,22590,"auxin_root_2h_lewis","control","root","2h","lewis","Control","control","auxin_root_2h_lewis",1,"IAA","Auxin (IAA 1uM)",0
"PIN1","treat_1_auxin_root_2h_lewis",0.463208912280347,"treat",144940.700015881,22590,"auxin_root_2h_lewis","treat","root","2h","lewis","Auxin","treat","auxin_root_2h_lewis",1,"IAA","Auxin (IAA 1uM)",1
"PIN1","treat_2_auxin_root_2h_lewis",0.473923887128126,"treat",144960.52331451,22590,"auxin_root_2h_lewis","treat","root","2h","lewis","Auxin","treat","auxin_root_2h_lewis",1,"IAA","Auxin (IAA 1uM)",1
"PIN1","treat_3_auxin_root_2h_lewis",0.425138854184168,"treat",144883.688098146,22590,"auxin_root_2h_lewis","treat","root","2h","lewis","Auxin","treat","auxin_root_2h_lewis",1,"IAA","Auxin (IAA 1uM)",1
"PIN1","control_1_auxin_root_4h_lewis",0.40253901877696,"control",144848.651448325,22590,"auxin_root_4h_lewis","control","root","4h","lewis","Control","control","auxin_root_4h_lewis",1,"IAA","Auxin (IAA 1uM)",0
"PIN1","control_2_auxin_root_4h_lewis",0.382304662371914,"control",144826.343414401,22590,"auxin_root_4h_lewis","control","root","4h","lewis","Control","control","auxin_root_4h_lewis",1,"IAA","Auxin (IAA 1uM)",0
"PIN1","control_3_auxin_root_4h_lewis",0.376863288179435,"control",144812.395935967,22590,"auxin_root_4h_lewis","control","root","4h","lewis","Control","control","auxin_root_4h_lewis",1,"IAA","Auxin (IAA 1uM)",0
"PIN1","treat_1_auxin_root_4h_lewis",0.44467485091235,"treat",144886.920727317,22590,"auxin_root_4h_lewis","treat","root","4h","lewis","Auxin","treat","auxin_root_4h_lewis",1,"IAA","Auxin (IAA 1uM)",1
"PIN1","treat_2_auxin_root_4h_lewis",0.446295910867509,"treat",144894.144383529,22590,"auxin_root_4h_lewis","treat","root","4h","lewis","Auxin","treat","auxin_root_4h_lewis",1,"IAA","Auxin (IAA 1uM)",1
"PIN1","treat_3_auxin_root_4h_lewis",0.458693766736069,"treat",144862.849666918,22590,"auxin_root_4h_lewis","treat","root","4h","lewis","Auxin","treat","auxin_root_4h_lewis",1,"IAA","Auxin (IAA 1uM)",1
"PIN1","control_1_auxin_root_8h_lewis",0.413519904489353,"control",144812.499230489,22590,"auxin_root_8h_lewis","control","root","8h","lewis","Control","control","auxin_root_8h_lewis",1,"IAA","Auxin (IAA 1uM)",0
"PIN1","control_2_auxin_root_8h_lewis",0.391902603985047,"control",144823.513422043,22590,"auxin_root_8h_lewis","control","root","8h","lewis","Control","control","auxin_root_8h_lewis",1,"IAA","Auxin (IAA 1uM)",0
"PIN1","control_3_auxin_root_8h_lewis",0.399676333384904,"control",144744.097409198,22590,"auxin_root_8h_lewis","control","root","8h","lewis","Control","control","auxin_root_8h_lewis",1,"IAA","Auxin (IAA 1uM)",0
"PIN1","treat_1_auxin_root_8h_lewis",0.435601049310663,"treat",144950.172806519,22590,"auxin_root_8h_lewis","treat","root","8h","lewis","Auxin","treat","auxin_root_8h_lewis",1,"IAA","Auxin (IAA 1uM)",1
"PIN1","treat_2_auxin_root_8h_lewis",0.454084577641168,"treat",144916.250531644,22590,"auxin_root_8h_lewis","treat","root","8h","lewis","Auxin","treat","auxin_root_8h_lewis",1,"IAA","Auxin (IAA 1uM)",1
"PIN1","treat_3_auxin_root_8h_lewis",0.413805869150383,"treat",144868.756145071,22590,"auxin_root_8h_lewis","treat","root","8h","lewis","Auxin","treat","auxin_root_8h_lewis",1,"IAA","Auxin (IAA 1uM)",1
"PIN1","control_1_auxin_seedling_2h_okushima",0.368490978006962,"control",144850.414454846,22590,"auxin_seedling_2h_okushima","control","seedling","2h","okushima","Control","control","auxin_seedling_2h_okushima",5,"IAA","Auxin (IAA 5uM)",0
"PIN1","control_2_auxin_seedling_2h_okushima",0.367111627945324,"control",144852.755342067,22590,"auxin_seedling_2h_okushima","control","seedling","2h","okushima","Control","control","auxin_seedling_2h_okushima",5,"IAA","Auxin (IAA 5uM)",0
"PIN1","control_3_auxin_seedling_2h_okushima",0.406242026517164,"control",145027.418420535,22590,"auxin_seedling_2h_okushima","control","seedling","2h","okushima","Control","control","auxin_seedling_2h_okushima",5,"IAA","Auxin (IAA 5uM)",0
"PIN1","treat_1_auxin_seedling_2h_okushima",0.446776083241832,"treat",144752.38393162,22590,"auxin_seedling_2h_okushima","treat","seedling","2h","okushima","Auxin","treat","auxin_seedling_2h_okushima",5,"IAA","Auxin (IAA 5uM)",5
"PIN1","treat_2_auxin_seedling_2h_okushima",0.44681787118072,"treat",144785.81138481,22590,"auxin_seedling_2h_okushima","treat","seedling","2h","okushima","Auxin","treat","auxin_seedling_2h_okushima",5,"IAA","Auxin (IAA 5uM)",5
"PIN1","treat_3_auxin_seedling_2h_okushima",0.468210101024851,"treat",144786.604613882,22590,"auxin_seedling_2h_okushima","treat","seedling","2h","okushima","Auxin","treat","auxin_seedling_2h_okushima",5,"IAA","Auxin (IAA 5uM)",5
"PIN1","control_1_auxin_leaves_72h_romero-puertas",0.416360743187859,"control",144834.927944919,22590,"auxin_leaves_72h_romero-puertas","control","leaves","72h","romero-puertas","Control","control","auxin_leaves_72h_romero-puertas",10,"NAA","Auxin (NAA 10uM)",0
"PIN1","control_2_auxin_leaves_72h_romero-puertas",0.394636400861702,"control",144820.13560876,22590,"auxin_leaves_72h_romero-puertas","control","leaves","72h","romero-puertas","Control","control","auxin_leaves_72h_romero-puertas",10,"NAA","Auxin (NAA 10uM)",0
"PIN1","control_3_auxin_leaves_72h_romero-puertas",0.38860765493535,"control",144795.749595683,22590,"auxin_leaves_72h_romero-puertas","control","leaves","72h","romero-puertas","Control","control","auxin_leaves_72h_romero-puertas",10,"NAA","Auxin (NAA 10uM)",0
"PIN1","treat_1_auxin_leaves_72h_romero-puertas",0.429695622171352,"treat",144904.813770844,22590,"auxin_leaves_72h_romero-puertas","treat","leaves","72h","romero-puertas","Auxin","treat","auxin_leaves_72h_romero-puertas",10,"NAA","Auxin (NAA 10uM)",10
"PIN1","treat_2_auxin_leaves_72h_romero-puertas",0.444505686568699,"treat",144867.605003919,22590,"auxin_leaves_72h_romero-puertas","treat","leaves","72h","romero-puertas","Auxin","treat","auxin_leaves_72h_romero-puertas",10,"NAA","Auxin (NAA 10uM)",10
"PIN1","treat_3_auxin_leaves_72h_romero-puertas",0.427535010661554,"treat",144895.691298338,22590,"auxin_leaves_72h_romero-puertas","treat","leaves","72h","romero-puertas","Auxin","treat","auxin_leaves_72h_romero-puertas",10,"NAA","Auxin (NAA 10uM)",10
"PIN1","control_1_auxin_seedling_3h_shimada",0.402558851673257,"control",144936.148632461,22590,"auxin_seedling_3h_shimada","control","seedling","3h","shimada","Control","control","auxin_seedling_3h_shimada",1,"IAA","Auxin (IAA 1uM)",0
"PIN1","control_2_auxin_seedling_3h_shimada",0.393393307346073,"control",144826.947354206,22590,"auxin_seedling_3h_shimada","control","seedling","3h","shimada","Control","control","auxin_seedling_3h_shimada",1,"IAA","Auxin (IAA 1uM)",0
"PIN1","control_3_auxin_seedling_3h_shimada",0.39073368611849,"control",144820.075522564,22590,"auxin_seedling_3h_shimada","control","seedling","3h","shimada","Control","control","auxin_seedling_3h_shimada",1,"IAA","Auxin (IAA 1uM)",0
"PIN1","treat_1_auxin_seedling_3h_shimada",0.439803396322009,"treat",144885.553254898,22590,"auxin_seedling_3h_shimada","treat","seedling","3h","shimada","Auxin","treat","auxin_seedling_3h_shimada",1,"IAA","Auxin (IAA 1uM)",1
"PIN1","treat_2_auxin_seedling_3h_shimada",0.426882542428673,"treat",144878.829063559,22590,"auxin_seedling_3h_shimada","treat","seedling","3h","shimada","Auxin","treat","auxin_seedling_3h_shimada",1,"IAA","Auxin (IAA 1uM)",1
"PIN1","treat_3_auxin_seedling_3h_shimada",0.45046814894128,"treat",144781.035680359,22590,"auxin_seedling_3h_shimada","treat","seedling","3h","shimada","Auxin","treat","auxin_seedling_3h_shimada",1,"IAA","Auxin (IAA 1uM)",1
"PIN1","control_1_auxin_root_4h_stepanova",0.394295404728948,"control",144745.431466715,22590,"auxin_root_4h_stepanova","control","root","4h","stepanova","Control","control","auxin_root_4h_stepanova",1,"IAA","Auxin (IAA 1uM)",0
"PIN1","control_2_auxin_root_4h_stepanova",0.396958894258315,"control",144900.51460241,22590,"auxin_root_4h_stepanova","control","root","4h","stepanova","Control","control","auxin_root_4h_stepanova",1,"IAA","Auxin (IAA 1uM)",0
"PIN1","treat_1_auxin_root_4h_stepanova",0.444887597289675,"treat",144826.342266078,22590,"auxin_root_4h_stepanova","treat","root","4h","stepanova","Auxin","treat","auxin_root_4h_stepanova",1,"IAA","Auxin (IAA 1uM)",1
"PIN1","treat_2_auxin_root_4h_stepanova",0.437541929778756,"treat",144796.225628749,22590,"auxin_root_4h_stepanova","treat","root","4h","stepanova","Auxin","treat","auxin_root_4h_stepanova",1,"IAA","Auxin (IAA 1uM)",1
"PIN1","control_1_auxin_root_2h_vanneste",0.374260263602517,"control",144966.939261077,22590,"auxin_root_2h_vanneste","control","root","2h","vanneste","Control","control","auxin_root_2h_vanneste",10,"IAA","Auxin (IAA 10uM)",0
"PIN1","control_2_auxin_root_2h_vanneste",0.37517524175829,"control",144922.474082519,22590,"auxin_root_2h_vanneste","control","root","2h","vanneste","Control","control","auxin_root_2h_vanneste",10,"IAA","Auxin (IAA 10uM)",0
"PIN1","treat_1_auxin_root_2h_vanneste",0.461469334333532,"treat",144706.519274053,22590,"auxin_root_2h_vanneste","treat","root","2h","vanneste","Auxin","treat","auxin_root_2h_vanneste",10,"IAA","Auxin (IAA 10uM)",10
"PIN1","treat_2_auxin_root_2h_vanneste",0.465873552413908,"treat",144721.611518547,22590,"auxin_root_2h_vanneste","treat","root","2h","vanneste","Auxin","treat","auxin_root_2h_vanneste",10,"IAA","Auxin (IAA 10uM)",10
"PIN1","control_1_auxin_root_6h_vanneste",0.378392208690923,"control",145026.156491784,22590,"auxin_root_6h_vanneste","control","root","6h","vanneste","Control","control","auxin_root_6h_vanneste",10,"IAA","Auxin (IAA 10uM)",0
"PIN1","control_2_auxin_root_6h_vanneste",0.378755841375565,"control",145031.752703641,22590,"auxin_root_6h_vanneste","control","root","6h","vanneste","Control","control","auxin_root_6h_vanneste",10,"IAA","Auxin (IAA 10uM)",0
"PIN1","treat_1_auxin_root_6h_vanneste",0.462136799436863,"treat",144524.822905649,22590,"auxin_root_6h_vanneste","treat","root","6h","vanneste","Auxin","treat","auxin_root_6h_vanneste",10,"IAA","Auxin (IAA 10uM)",10
"PIN1","treat_2_auxin_root_6h_vanneste",0.461936016373192,"treat",144628.818837339,22590,"auxin_root_6h_vanneste","treat","root","6h","vanneste","Auxin","treat","auxin_root_6h_vanneste",10,"IAA","Auxin (IAA 10uM)",10
"PIN1","control_1_auxin_root-apex_6h_xuan",0.406147714098271,"control",144924.81239729,22590,"auxin_root-apex_6h_xuan","control","root-apex","6h","xuan","Control","control","auxin_root-apex_6h_xuan",10,"IBA","Auxin (IBA 10uM)",0
"PIN1","control_2_auxin_root-apex_6h_xuan",0.398714551039767,"control",144926.036288684,22590,"auxin_root-apex_6h_xuan","control","root-apex","6h","xuan","Control","control","auxin_root-apex_6h_xuan",10,"IBA","Auxin (IBA 10uM)",0
"PIN1","control_3_auxin_root-apex_6h_xuan",0.396959528001889,"control",144906.327627783,22590,"auxin_root-apex_6h_xuan","control","root-apex","6h","xuan","Control","control","auxin_root-apex_6h_xuan",10,"IBA","Auxin (IBA 10uM)",0
"PIN1","treat_1_auxin_root-apex_6h_xuan",0.441593511890812,"treat",144725.564784712,22590,"auxin_root-apex_6h_xuan","treat","root-apex","6h","xuan","Auxin","treat","auxin_root-apex_6h_xuan",10,"IBA","Auxin (IBA 10uM)",10
"PIN1","treat_2_auxin_root-apex_6h_xuan",0.440024848024418,"treat",144714.319614003,22590,"auxin_root-apex_6h_xuan","treat","root-apex","6h","xuan","Auxin","treat","auxin_root-apex_6h_xuan",10,"IBA","Auxin (IBA 10uM)",10
"PIN1","treat_3_auxin_root-apex_6h_xuan",0.424806845422545,"treat",144602.097876745,22590,"auxin_root-apex_6h_xuan","treat","root-apex","6h","xuan","Auxin","treat","auxin_root-apex_6h_xuan",10,"IBA","Auxin (IBA 10uM)",10
"PIN2","control_1_auxin_root_2h_bargmann",0.457254332645004,"control",144895.456982637,22590,"auxin_root_2h_bargmann","control","root","2h","bargmann","Control","control","auxin_root_2h_bargmann",5,"IAA","Auxin (IAA 5uM)",0
"PIN2","control_2_auxin_root_2h_bargmann",0.442696011493018,"control",144906.492295472,22590,"auxin_root_2h_bargmann","control","root","2h","bargmann","Control","control","auxin_root_2h_bargmann",5,"IAA","Auxin (IAA 5uM)",0
"PIN2","control_3_auxin_root_2h_bargmann",0.437668174185354,"control",144895.237265024,22590,"auxin_root_2h_bargmann","control","root","2h","bargmann","Control","control","auxin_root_2h_bargmann",5,"IAA","Auxin (IAA 5uM)",0
"PIN2","treat_1_auxin_root_2h_bargmann",0.469602783173951,"treat",144778.309908173,22590,"auxin_root_2h_bargmann","treat","root","2h","bargmann","Auxin","treat","auxin_root_2h_bargmann",5,"IAA","Auxin (IAA 5uM)",5
"PIN2","treat_2_auxin_root_2h_bargmann",0.457291961002797,"treat",144798.478522725,22590,"auxin_root_2h_bargmann","treat","root","2h","bargmann","Auxin","treat","auxin_root_2h_bargmann",5,"IAA","Auxin (IAA 5uM)",5
"PIN2","treat_3_auxin_root_2h_bargmann",0.46745145928635,"treat",144783.950884411,22590,"auxin_root_2h_bargmann","treat","root","2h","bargmann","Auxin","treat","auxin_root_2h_bargmann",5,"IAA","Auxin (IAA 5uM)",5
"PIN2","control_1_auxin_seedling_05h_delker",0.465633019009928,"control",145057.545347346,22590,"auxin_seedling_05h_delker","control","seedling","05h","delker","Control","control","auxin_seedling_05h_delker",1,"IAA","Auxin (IAA 1uM)",0
"PIN2","control_2_auxin_seedling_05h_delker",0.464388567438397,"control",145115.53412366,22590,"auxin_seedling_05h_delker","control","seedling","05h","delker","Control","control","auxin_seedling_05h_delker",1,"IAA","Auxin (IAA 1uM)",0
"PIN2","control_3_auxin_seedling_05h_delker",0.445659561357599,"control",145037.247498294,22590,"auxin_seedling_05h_delker","control","seedling","05h","delker","Control","control","auxin_seedling_05h_delker",1,"IAA","Auxin (IAA 1uM)",0
"PIN2","treat_1_auxin_seedling_05h_delker",0.441280261588783,"treat",144609.97329443,22590,"auxin_seedling_05h_delker","treat","seedling","05h","delker","Auxin","treat","auxin_seedling_05h_delker",1,"IAA","Auxin (IAA 1uM)",1
"PIN2","treat_2_auxin_seedling_05h_delker",0.45787767913888,"treat",144640.316191634,22590,"auxin_seedling_05h_delker","treat","seedling","05h","delker","Auxin","treat","auxin_seedling_05h_delker",1,"IAA","Auxin (IAA 1uM)",1
"PIN2","treat_3_auxin_seedling_05h_delker",0.457065210988919,"treat",144664.523047894,22590,"auxin_seedling_05h_delker","treat","seedling","05h","delker","Auxin","treat","auxin_seedling_05h_delker",1,"IAA","Auxin (IAA 1uM)",1
"PIN2","control_1_auxin_seedling_1h_delker",0.452255922966027,"control",145044.607860462,22590,"auxin_seedling_1h_delker","control","seedling","1h","delker","Control","control","auxin_seedling_1h_delker",1,"IAA","Auxin (IAA 1uM)",0
"PIN2","control_2_auxin_seedling_1h_delker",0.454860364524361,"control",145097.717137737,22590,"auxin_seedling_1h_delker","control","seedling","1h","delker","Control","control","auxin_seedling_1h_delker",1,"IAA","Auxin (IAA 1uM)",0
"PIN2","control_3_auxin_seedling_1h_delker",0.435908781235533,"control",145000.655695384,22590,"auxin_seedling_1h_delker","control","seedling","1h","delker","Control","control","auxin_seedling_1h_delker",1,"IAA","Auxin (IAA 1uM)",0
"PIN2","treat_1_auxin_seedling_1h_delker",0.457764102897783,"treat",144632.469447688,22590,"auxin_seedling_1h_delker","treat","seedling","1h","delker","Auxin","treat","auxin_seedling_1h_delker",1,"IAA","Auxin (IAA 1uM)",1
"PIN2","treat_2_auxin_seedling_1h_delker",0.470618580290073,"treat",144651.844241064,22590,"auxin_seedling_1h_delker","treat","seedling","1h","delker","Auxin","treat","auxin_seedling_1h_delker",1,"IAA","Auxin (IAA 1uM)",1
"PIN2","treat_3_auxin_seedling_1h_delker",0.461236312959429,"treat",144709.388995078,22590,"auxin_seedling_1h_delker","treat","seedling","1h","delker","Auxin","treat","auxin_seedling_1h_delker",1,"IAA","Auxin (IAA 1uM)",1
"PIN2","control_1_auxin_seedling_3h_delker",0.454142913432383,"control",144932.688979116,22590,"auxin_seedling_3h_delker","control","seedling","3h","delker","Control","control","auxin_seedling_3h_delker",1,"IAA","Auxin (IAA 1uM)",0
"PIN2","control_2_auxin_seedling_3h_delker",0.459347057035751,"control",145003.07482206,22590,"auxin_seedling_3h_delker","control","seedling","3h","delker","Control","control","auxin_seedling_3h_delker",1,"IAA","Auxin (IAA 1uM)",0
"PIN2","control_3_auxin_seedling_3h_delker",0.44328801125419,"control",144890.327919777,22590,"auxin_seedling_3h_delker","control","seedling","3h","delker","Control","control","auxin_seedling_3h_delker",1,"IAA","Auxin (IAA 1uM)",0
"PIN2","treat_1_auxin_seedling_3h_delker",0.466084208070316,"treat",144833.185810935,22590,"auxin_seedling_3h_delker","treat","seedling","3h","delker","Auxin","treat","auxin_seedling_3h_delker",1,"IAA","Auxin (IAA 1uM)",1
"PIN2","treat_2_auxin_seedling_3h_delker",0.468069403710439,"treat",144792.738319514,22590,"auxin_seedling_3h_delker","treat","seedling","3h","delker","Auxin","treat","auxin_seedling_3h_delker",1,"IAA","Auxin (IAA 1uM)",1
"PIN2","treat_3_auxin_seedling_3h_delker",0.440418885840285,"treat",144725.803267843,22590,"auxin_seedling_3h_delker","treat","seedling","3h","delker","Auxin","treat","auxin_seedling_3h_delker",1,"IAA","Auxin (IAA 1uM)",1
"PIN2","control_1_auxin_root_2h_derybel",0.447438023977953,"control",144891.502301021,22590,"auxin_root_2h_derybel","control","root","2h","derybel","Control","control","auxin_root_2h_derybel",10,"NAA","Auxin (NAA 10uM)",0
"PIN2","control_2_auxin_root_2h_derybel",0.450350626009883,"control",144833.260795673,22590,"auxin_root_2h_derybel","control","root","2h","derybel","Control","control","auxin_root_2h_derybel",10,"NAA","Auxin (NAA 10uM)",0
"PIN2","control_3_auxin_root_2h_derybel",0.434793132476129,"control",144891.611277383,22590,"auxin_root_2h_derybel","control","root","2h","derybel","Control","control","auxin_root_2h_derybel",10,"NAA","Auxin (NAA 10uM)",0
"PIN2","treat_1_auxin_root_2h_derybel",0.467229311230666,"treat",144786.255170148,22590,"auxin_root_2h_derybel","treat","root","2h","derybel","Auxin","treat","auxin_root_2h_derybel",10,"NAA","Auxin (NAA 10uM)",10
"PIN2","treat_2_auxin_root_2h_derybel",0.453593693647373,"treat",144798.429879037,22590,"auxin_root_2h_derybel","treat","root","2h","derybel","Auxin","treat","auxin_root_2h_derybel",10,"NAA","Auxin (NAA 10uM)",10
"PIN2","treat_3_auxin_root_2h_derybel",0.463335868761679,"treat",144927.167174773,22590,"auxin_root_2h_derybel","treat","root","2h","derybel","Auxin","treat","auxin_root_2h_derybel",10,"NAA","Auxin (NAA 10uM)",10
"PIN2","control_1_auxin_root_6h_derybel",0.444750936713355,"control",145006.656817472,22590,"auxin_root_6h_derybel","control","root","6h","derybel","Control","control","auxin_root_6h_derybel",10,"NAA","Auxin (NAA 10uM)",0
"PIN2","control_2_auxin_root_6h_derybel",0.450610255849423,"control",145073.439178668,22590,"auxin_root_6h_derybel","control","root","6h","derybel","Control","control","auxin_root_6h_derybel",10,"NAA","Auxin (NAA 10uM)",0
"PIN2","control_3_auxin_root_6h_derybel",0.436478496432311,"control",144948.250796977,22590,"auxin_root_6h_derybel","control","root","6h","derybel","Control","control","auxin_root_6h_derybel",10,"NAA","Auxin (NAA 10uM)",0
"PIN2","treat_1_auxin_root_6h_derybel",0.464077467800372,"treat",144700.489295898,22590,"auxin_root_6h_derybel","treat","root","6h","derybel","Auxin","treat","auxin_root_6h_derybel",10,"NAA","Auxin (NAA 10uM)",10
"PIN2","treat_2_auxin_root_6h_derybel",0.453449392835679,"treat",144650.40590281,22590,"auxin_root_6h_derybel","treat","root","6h","derybel","Auxin","treat","auxin_root_6h_derybel",10,"NAA","Auxin (NAA 10uM)",10
"PIN2","treat_3_auxin_root_6h_derybel",0.460329991084511,"treat",144669.598889119,22590,"auxin_root_6h_derybel","treat","root","6h","derybel","Auxin","treat","auxin_root_6h_derybel",10,"NAA","Auxin (NAA 10uM)",10
"PIN2","control_1_auxin_root_05h_lewis",0.453028863393843,"control",144993.986007535,22590,"auxin_root_05h_lewis","control","root","05h","lewis","Control","control","auxin_root_05h_lewis",1,"IAA","Auxin (IAA 1uM)",0
"PIN2","control_2_auxin_root_05h_lewis",0.447192682049107,"control",144834.255957278,22590,"auxin_root_05h_lewis","control","root","05h","lewis","Control","control","auxin_root_05h_lewis",1,"IAA","Auxin (IAA 1uM)",0
"PIN2","control_3_auxin_root_05h_lewis",0.455116172573118,"control",144934.867380418,22590,"auxin_root_05h_lewis","control","root","05h","lewis","Control","control","auxin_root_05h_lewis",1,"IAA","Auxin (IAA 1uM)",0
"PIN2","treat_1_auxin_root_05h_lewis",0.461584419628792,"treat",144795.955426744,22590,"auxin_root_05h_lewis","treat","root","05h","lewis","Auxin","treat","auxin_root_05h_lewis",1,"IAA","Auxin (IAA 1uM)",1
"PIN2","treat_2_auxin_root_05h_lewis",0.453014016073138,"treat",144813.037062305,22590,"auxin_root_05h_lewis","treat","root","05h","lewis","Auxin","treat","auxin_root_05h_lewis",1,"IAA","Auxin (IAA 1uM)",1
"PIN2","treat_3_auxin_root_05h_lewis",0.470733946453255,"treat",144760.950269369,22590,"auxin_root_05h_lewis","treat","root","05h","lewis","Auxin","treat","auxin_root_05h_lewis",1,"IAA","Auxin (IAA 1uM)",1
"PIN2","control_1_auxin_root_12h_lewis",0.462480610783363,"control",144937.107269202,22590,"auxin_root_12h_lewis","control","root","12h","lewis","Control","control","auxin_root_12h_lewis",1,"IAA","Auxin (IAA 1uM)",0
"PIN2","control_2_auxin_root_12h_lewis",0.459268762824103,"control",144747.181135968,22590,"auxin_root_12h_lewis","control","root","12h","lewis","Control","control","auxin_root_12h_lewis",1,"IAA","Auxin (IAA 1uM)",0
"PIN2","control_3_auxin_root_12h_lewis",0.470899953935892,"control",144896.880393328,22590,"auxin_root_12h_lewis","control","root","12h","lewis","Control","control","auxin_root_12h_lewis",1,"IAA","Auxin (IAA 1uM)",0
"PIN2","treat_1_auxin_root_12h_lewis",0.448057065194161,"treat",144898.768413632,22590,"auxin_root_12h_lewis","treat","root","12h","lewis","Auxin","treat","auxin_root_12h_lewis",1,"IAA","Auxin (IAA 1uM)",1
"PIN2","treat_2_auxin_root_12h_lewis",0.454284556375722,"treat",144856.381492436,22590,"auxin_root_12h_lewis","treat","root","12h","lewis","Auxin","treat","auxin_root_12h_lewis",1,"IAA","Auxin (IAA 1uM)",1
"PIN2","treat_3_auxin_root_12h_lewis",0.44648010096734,"treat",144831.695854087,22590,"auxin_root_12h_lewis","treat","root","12h","lewis","Auxin","treat","auxin_root_12h_lewis",1,"IAA","Auxin (IAA 1uM)",1
"PIN2","control_1_auxin_root_1h_lewis",0.447415615967705,"control",144865.138523716,22590,"auxin_root_1h_lewis","control","root","1h","lewis","Control","control","auxin_root_1h_lewis",1,"IAA","Auxin (IAA 1uM)",0
"PIN2","control_2_auxin_root_1h_lewis",0.44942024585513,"control",144866.692878786,22590,"auxin_root_1h_lewis","control","root","1h","lewis","Control","control","auxin_root_1h_lewis",1,"IAA","Auxin (IAA 1uM)",0
"PIN2","control_3_auxin_root_1h_lewis",0.456482120838911,"control",144866.668191885,22590,"auxin_root_1h_lewis","control","root","1h","lewis","Control","control","auxin_root_1h_lewis",1,"IAA","Auxin (IAA 1uM)",0
"PIN2","treat_1_auxin_root_1h_lewis",0.45581961887484,"treat",144901.609678118,22590,"auxin_root_1h_lewis","treat","root","1h","lewis","Auxin","treat","auxin_root_1h_lewis",1,"IAA","Auxin (IAA 1uM)",1
"PIN2","treat_2_auxin_root_1h_lewis",0.46303124762062,"treat",144897.780935278,22590,"auxin_root_1h_lewis","treat","root","1h","lewis","Auxin","treat","auxin_root_1h_lewis",1,"IAA","Auxin (IAA 1uM)",1
"PIN2","treat_3_auxin_root_1h_lewis",0.474724160123654,"treat",144836.604840951,22590,"auxin_root_1h_lewis","treat","root","1h","lewis","Auxin","treat","auxin_root_1h_lewis",1,"IAA","Auxin (IAA 1uM)",1
"PIN2","control_1_auxin_root_24h_lewis",0.461887786818257,"control",144932.489080945,22590,"auxin_root_24h_lewis","control","root","24h","lewis","Control","control","auxin_root_24h_lewis",1,"IAA","Auxin (IAA 1uM)",0
"PIN2","control_2_auxin_root_24h_lewis",0.449090528822936,"control",144808.73497657,22590,"auxin_root_24h_lewis","control","root","24h","lewis","Control","control","auxin_root_24h_lewis",1,"IAA","Auxin (IAA 1uM)",0
"PIN2","control_3_auxin_root_24h_lewis",0.47328777074623,"control",144921.340258979,22590,"auxin_root_24h_lewis","control","root","24h","lewis","Control","control","auxin_root_24h_lewis",1,"IAA","Auxin (IAA 1uM)",0
"PIN2","treat_1_auxin_root_24h_lewis",0.456713236811521,"treat",144917.793032522,22590,"auxin_root_24h_lewis","treat","root","24h","lewis","Auxin","treat","auxin_root_24h_lewis",1,"IAA","Auxin (IAA 1uM)",1
"PIN2","treat_2_auxin_root_24h_lewis",0.451093577807975,"treat",144802.538469348,22590,"auxin_root_24h_lewis","treat","root","24h","lewis","Auxin","treat","auxin_root_24h_lewis",1,"IAA","Auxin (IAA 1uM)",1
"PIN2","treat_3_auxin_root_24h_lewis",0.451980926455804,"treat",144875.202963885,22590,"auxin_root_24h_lewis","treat","root","24h","lewis","Auxin","treat","auxin_root_24h_lewis",1,"IAA","Auxin (IAA 1uM)",1
"PIN2","control_1_auxin_root_2h_lewis",0.451046468135929,"control",144905.159803495,22590,"auxin_root_2h_lewis","control","root","2h","lewis","Control","control","auxin_root_2h_lewis",1,"IAA","Auxin (IAA 1uM)",0
"PIN2","control_2_auxin_root_2h_lewis",0.443397837220445,"control",144845.655514571,22590,"auxin_root_2h_lewis","control","root","2h","lewis","Control","control","auxin_root_2h_lewis",1,"IAA","Auxin (IAA 1uM)",0
"PIN2","control_3_auxin_root_2h_lewis",0.464019320516768,"control",144718.580595369,22590,"auxin_root_2h_lewis","control","root","2h","lewis","Control","control","auxin_root_2h_lewis",1,"IAA","Auxin (IAA 1uM)",0
"PIN2","treat_1_auxin_root_2h_lewis",0.462101163130834,"treat",144940.700015881,22590,"auxin_root_2h_lewis","treat","root","2h","lewis","Auxin","treat","auxin_root_2h_lewis",1,"IAA","Auxin (IAA 1uM)",1
"PIN2","treat_2_auxin_root_2h_lewis",0.460126729603587,"treat",144960.52331451,22590,"auxin_root_2h_lewis","treat","root","2h","lewis","Auxin","treat","auxin_root_2h_lewis",1,"IAA","Auxin (IAA 1uM)",1
"PIN2","treat_3_auxin_root_2h_lewis",0.463538901675717,"treat",144883.688098146,22590,"auxin_root_2h_lewis","treat","root","2h","lewis","Auxin","treat","auxin_root_2h_lewis",1,"IAA","Auxin (IAA 1uM)",1
"PIN2","control_1_auxin_root_4h_lewis",0.455226824995874,"control",144848.651448325,22590,"auxin_root_4h_lewis","control","root","4h","lewis","Control","control","auxin_root_4h_lewis",1,"IAA","Auxin (IAA 1uM)",0
"PIN2","control_2_auxin_root_4h_lewis",0.453296198826375,"control",144826.343414401,22590,"auxin_root_4h_lewis","control","root","4h","lewis","Control","control","auxin_root_4h_lewis",1,"IAA","Auxin (IAA 1uM)",0
"PIN2","control_3_auxin_root_4h_lewis",0.464733775100481,"control",144812.395935967,22590,"auxin_root_4h_lewis","control","root","4h","lewis","Control","control","auxin_root_4h_lewis",1,"IAA","Auxin (IAA 1uM)",0
"PIN2","treat_1_auxin_root_4h_lewis",0.459076970629664,"treat",144886.920727317,22590,"auxin_root_4h_lewis","treat","root","4h","lewis","Auxin","treat","auxin_root_4h_lewis",1,"IAA","Auxin (IAA 1uM)",1
"PIN2","treat_2_auxin_root_4h_lewis",0.448508742143865,"treat",144894.144383529,22590,"auxin_root_4h_lewis","treat","root","4h","lewis","Auxin","treat","auxin_root_4h_lewis",1,"IAA","Auxin (IAA 1uM)",1
"PIN2","treat_3_auxin_root_4h_lewis",0.462990371385591,"treat",144862.849666918,22590,"auxin_root_4h_lewis","treat","root","4h","lewis","Auxin","treat","auxin_root_4h_lewis",1,"IAA","Auxin (IAA 1uM)",1
"PIN2","control_1_auxin_root_8h_lewis",0.464343112858911,"control",144812.499230489,22590,"auxin_root_8h_lewis","control","root","8h","lewis","Control","control","auxin_root_8h_lewis",1,"IAA","Auxin (IAA 1uM)",0
"PIN2","control_2_auxin_root_8h_lewis",0.469321701676426,"control",144823.513422043,22590,"auxin_root_8h_lewis","control","root","8h","lewis","Control","control","auxin_root_8h_lewis",1,"IAA","Auxin (IAA 1uM)",0
"PIN2","control_3_auxin_root_8h_lewis",0.44497191847093,"control",144744.097409198,22590,"auxin_root_8h_lewis","control","root","8h","lewis","Control","control","auxin_root_8h_lewis",1,"IAA","Auxin (IAA 1uM)",0
"PIN2","treat_1_auxin_root_8h_lewis",0.458307855729215,"treat",144950.172806519,22590,"auxin_root_8h_lewis","treat","root","8h","lewis","Auxin","treat","auxin_root_8h_lewis",1,"IAA","Auxin (IAA 1uM)",1
"PIN2","treat_2_auxin_root_8h_lewis",0.45521651857082,"treat",144916.250531644,22590,"auxin_root_8h_lewis","treat","root","8h","lewis","Auxin","treat","auxin_root_8h_lewis",1,"IAA","Auxin (IAA 1uM)",1
"PIN2","treat_3_auxin_root_8h_lewis",0.450373748402684,"treat",144868.756145071,22590,"auxin_root_8h_lewis","treat","root","8h","lewis","Auxin","treat","auxin_root_8h_lewis",1,"IAA","Auxin (IAA 1uM)",1
"PIN2","control_1_auxin_seedling_2h_okushima",0.450758087730323,"control",144850.414454846,22590,"auxin_seedling_2h_okushima","control","seedling","2h","okushima","Control","control","auxin_seedling_2h_okushima",5,"IAA","Auxin (IAA 5uM)",0
"PIN2","control_2_auxin_seedling_2h_okushima",0.459201576245776,"control",144852.755342067,22590,"auxin_seedling_2h_okushima","control","seedling","2h","okushima","Control","control","auxin_seedling_2h_okushima",5,"IAA","Auxin (IAA 5uM)",0
"PIN2","control_3_auxin_seedling_2h_okushima",0.44261197868124,"control",145027.418420535,22590,"auxin_seedling_2h_okushima","control","seedling","2h","okushima","Control","control","auxin_seedling_2h_okushima",5,"IAA","Auxin (IAA 5uM)",0
"PIN2","treat_1_auxin_seedling_2h_okushima",0.474856480960235,"treat",144752.38393162,22590,"auxin_seedling_2h_okushima","treat","seedling","2h","okushima","Auxin","treat","auxin_seedling_2h_okushima",5,"IAA","Auxin (IAA 5uM)",5
"PIN2","treat_2_auxin_seedling_2h_okushima",0.461286447662757,"treat",144785.81138481,22590,"auxin_seedling_2h_okushima","treat","seedling","2h","okushima","Auxin","treat","auxin_seedling_2h_okushima",5,"IAA","Auxin (IAA 5uM)",5
"PIN2","treat_3_auxin_seedling_2h_okushima",0.44865086899323,"treat",144786.604613882,22590,"auxin_seedling_2h_okushima","treat","seedling","2h","okushima","Auxin","treat","auxin_seedling_2h_okushima",5,"IAA","Auxin (IAA 5uM)",5
"PIN2","control_1_auxin_leaves_72h_romero-puertas",0.464256500579649,"control",144834.927944919,22590,"auxin_leaves_72h_romero-puertas","control","leaves","72h","romero-puertas","Control","control","auxin_leaves_72h_romero-puertas",10,"NAA","Auxin (NAA 10uM)",0
"PIN2","control_2_auxin_leaves_72h_romero-puertas",0.468671033253087,"control",144820.13560876,22590,"auxin_leaves_72h_romero-puertas","control","leaves","72h","romero-puertas","Control","control","auxin_leaves_72h_romero-puertas",10,"NAA","Auxin (NAA 10uM)",0
"PIN2","control_3_auxin_leaves_72h_romero-puertas",0.449316763688597,"control",144795.749595683,22590,"auxin_leaves_72h_romero-puertas","control","leaves","72h","romero-puertas","Control","control","auxin_leaves_72h_romero-puertas",10,"NAA","Auxin (NAA 10uM)",0
"PIN2","treat_1_auxin_leaves_72h_romero-puertas",0.448341999260875,"treat",144904.813770844,22590,"auxin_leaves_72h_romero-puertas","treat","leaves","72h","romero-puertas","Auxin","treat","auxin_leaves_72h_romero-puertas",10,"NAA","Auxin (NAA 10uM)",10
"PIN2","treat_2_auxin_leaves_72h_romero-puertas",0.448970542510726,"treat",144867.605003919,22590,"auxin_leaves_72h_romero-puertas","treat","leaves","72h","romero-puertas","Auxin","treat","auxin_leaves_72h_romero-puertas",10,"NAA","Auxin (NAA 10uM)",10
"PIN2","treat_3_auxin_leaves_72h_romero-puertas",0.445435008943796,"treat",144895.691298338,22590,"auxin_leaves_72h_romero-puertas","treat","leaves","72h","romero-puertas","Auxin","treat","auxin_leaves_72h_romero-puertas",10,"NAA","Auxin (NAA 10uM)",10
"PIN2","control_1_auxin_seedling_3h_shimada",0.458151909248367,"control",144936.148632461,22590,"auxin_seedling_3h_shimada","control","seedling","3h","shimada","Control","control","auxin_seedling_3h_shimada",1,"IAA","Auxin (IAA 1uM)",0
"PIN2","control_2_auxin_seedling_3h_shimada",0.461787486861879,"control",144826.947354206,22590,"auxin_seedling_3h_shimada","control","seedling","3h","shimada","Control","control","auxin_seedling_3h_shimada",1,"IAA","Auxin (IAA 1uM)",0
"PIN2","control_3_auxin_seedling_3h_shimada",0.458432344754491,"control",144820.075522564,22590,"auxin_seedling_3h_shimada","control","seedling","3h","shimada","Control","control","auxin_seedling_3h_shimada",1,"IAA","Auxin (IAA 1uM)",0
"PIN2","treat_1_auxin_seedling_3h_shimada",0.461707918084738,"treat",144885.553254898,22590,"auxin_seedling_3h_shimada","treat","seedling","3h","shimada","Auxin","treat","auxin_seedling_3h_shimada",1,"IAA","Auxin (IAA 1uM)",1
"PIN2","treat_2_auxin_seedling_3h_shimada",0.4524930152458,"treat",144878.829063559,22590,"auxin_seedling_3h_shimada","treat","seedling","3h","shimada","Auxin","treat","auxin_seedling_3h_shimada",1,"IAA","Auxin (IAA 1uM)",1
"PIN2","treat_3_auxin_seedling_3h_shimada",0.439178923608304,"treat",144781.035680359,22590,"auxin_seedling_3h_shimada","treat","seedling","3h","shimada","Auxin","treat","auxin_seedling_3h_shimada",1,"IAA","Auxin (IAA 1uM)",1
"PIN2","control_1_auxin_root_4h_stepanova",0.454074044279207,"control",144745.431466715,22590,"auxin_root_4h_stepanova","control","root","4h","stepanova","Control","control","auxin_root_4h_stepanova",1,"IAA","Auxin (IAA 1uM)",0
"PIN2","control_2_auxin_root_4h_stepanova",0.450539181550996,"control",144900.51460241,22590,"auxin_root_4h_stepanova","control","root","4h","stepanova","Control","control","auxin_root_4h_stepanova",1,"IAA","Auxin (IAA 1uM)",0
"PIN2","treat_1_auxin_root_4h_stepanova",0.45810118041067,"treat",144826.342266078,22590,"auxin_root_4h_stepanova","treat","root","4h","stepanova","Auxin","treat","auxin_root_4h_stepanova",1,"IAA","Auxin (IAA 1uM)",1
"PIN2","treat_2_auxin_root_4h_stepanova",0.464079892929055,"treat",144796.225628749,22590,"auxin_root_4h_stepanova","treat","root","4h","stepanova","Auxin","treat","auxin_root_4h_stepanova",1,"IAA","Auxin (IAA 1uM)",1
"PIN2","control_1_auxin_root_2h_vanneste",0.461583315428886,"control",144966.939261077,22590,"auxin_root_2h_vanneste","control","root","2h","vanneste","Control","control","auxin_root_2h_vanneste",10,"IAA","Auxin (IAA 10uM)",0
"PIN2","control_2_auxin_root_2h_vanneste",0.461213530426339,"control",144922.474082519,22590,"auxin_root_2h_vanneste","control","root","2h","vanneste","Control","control","auxin_root_2h_vanneste",10,"IAA","Auxin (IAA 10uM)",0
"PIN2","treat_1_auxin_root_2h_vanneste",0.451061869058849,"treat",144706.519274053,22590,"auxin_root_2h_vanneste","treat","root","2h","vanneste","Auxin","treat","auxin_root_2h_vanneste",10,"IAA","Auxin (IAA 10uM)",10
"PIN2","treat_2_auxin_root_2h_vanneste",0.444826630808637,"treat",144721.611518547,22590,"auxin_root_2h_vanneste","treat","root","2h","vanneste","Auxin","treat","auxin_root_2h_vanneste",10,"IAA","Auxin (IAA 10uM)",10
"PIN2","control_1_auxin_root_6h_vanneste",0.453180109299078,"control",145026.156491784,22590,"auxin_root_6h_vanneste","control","root","6h","vanneste","Control","control","auxin_root_6h_vanneste",10,"IAA","Auxin (IAA 10uM)",0
"PIN2","control_2_auxin_root_6h_vanneste",0.450910205276053,"control",145031.752703641,22590,"auxin_root_6h_vanneste","control","root","6h","vanneste","Control","control","auxin_root_6h_vanneste",10,"IAA","Auxin (IAA 10uM)",0
"PIN2","treat_1_auxin_root_6h_vanneste",0.458415959693413,"treat",144524.822905649,22590,"auxin_root_6h_vanneste","treat","root","6h","vanneste","Auxin","treat","auxin_root_6h_vanneste",10,"IAA","Auxin (IAA 10uM)",10
"PIN2","treat_2_auxin_root_6h_vanneste",0.456152134300984,"treat",144628.818837339,22590,"auxin_root_6h_vanneste","treat","root","6h","vanneste","Auxin","treat","auxin_root_6h_vanneste",10,"IAA","Auxin (IAA 10uM)",10
"PIN2","control_1_auxin_root-apex_6h_xuan",0.446825295403984,"control",144924.81239729,22590,"auxin_root-apex_6h_xuan","control","root-apex","6h","xuan","Control","control","auxin_root-apex_6h_xuan",10,"IBA","Auxin (IBA 10uM)",0
"PIN2","control_2_auxin_root-apex_6h_xuan",0.449070935905339,"control",144926.036288684,22590,"auxin_root-apex_6h_xuan","control","root-apex","6h","xuan","Control","control","auxin_root-apex_6h_xuan",10,"IBA","Auxin (IBA 10uM)",0
"PIN2","control_3_auxin_root-apex_6h_xuan",0.451404920213937,"control",144906.327627783,22590,"auxin_root-apex_6h_xuan","control","root-apex","6h","xuan","Control","control","auxin_root-apex_6h_xuan",10,"IBA","Auxin (IBA 10uM)",0
"PIN2","treat_1_auxin_root-apex_6h_xuan",0.469340852450644,"treat",144725.564784712,22590,"auxin_root-apex_6h_xuan","treat","root-apex","6h","xuan","Auxin","treat","auxin_root-apex_6h_xuan",10,"IBA","Auxin (IBA 10uM)",10
"PIN2","treat_2_auxin_root-apex_6h_xuan",0.467292268710735,"treat",144714.319614003,22590,"auxin_root-apex_6h_xuan","treat","root-apex","6h","xuan","Auxin","treat","auxin_root-apex_6h_xuan",10,"IBA","Auxin (IBA 10uM)",10
"PIN2","treat_3_auxin_root-apex_6h_xuan",0.457469617055215,"treat",144602.097876745,22590,"auxin_root-apex_6h_xuan","treat","root-apex","6h","xuan","Auxin","treat","auxin_root-apex_6h_xuan",10,"IBA","Auxin (IBA 10uM)",10
"PIN3","control_1_auxin_root_2h_bargmann",0.43883816575612,"control",144895.456982637,22590,"auxin_root_2h_bargmann","control","root","2h","bargmann","Control","control","auxin_root_2h_bargmann",5,"IAA","Auxin (IAA 5uM)",0
"PIN3","control_2_auxin_root_2h_bargmann",0.428984627687891,"control",144906.492295472,22590,"auxin_root_2h_bargmann","control","root","2h","bargmann","Control","control","auxin_root_2h_bargmann",5,"IAA","Auxin (IAA 5uM)",0
"PIN3","control_3_auxin_root_2h_bargmann",0.448592874691908,"control",144895.237265024,22590,"auxin_root_2h_bargmann","control","root","2h","bargmann","Control","control","auxin_root_2h_bargmann",5,"IAA","Auxin (IAA 5uM)",0
"PIN3","treat_1_auxin_root_2h_bargmann",0.513105226234198,"treat",144778.309908173,22590,"auxin_root_2h_bargmann","treat","root","2h","bargmann","Auxin","treat","auxin_root_2h_bargmann",5,"IAA","Auxin (IAA 5uM)",5
"PIN3","treat_2_auxin_root_2h_bargmann",0.515480224079973,"treat",144798.478522725,22590,"auxin_root_2h_bargmann","treat","root","2h","bargmann","Auxin","treat","auxin_root_2h_bargmann",5,"IAA","Auxin (IAA 5uM)",5
"PIN3","treat_3_auxin_root_2h_bargmann",0.506907127181613,"treat",144783.950884411,22590,"auxin_root_2h_bargmann","treat","root","2h","bargmann","Auxin","treat","auxin_root_2h_bargmann",5,"IAA","Auxin (IAA 5uM)",5
"PIN3","control_1_auxin_seedling_05h_delker",0.441334066456727,"control",145057.545347346,22590,"auxin_seedling_05h_delker","control","seedling","05h","delker","Control","control","auxin_seedling_05h_delker",1,"IAA","Auxin (IAA 1uM)",0
"PIN3","control_2_auxin_seedling_05h_delker",0.436832531419222,"control",145115.53412366,22590,"auxin_seedling_05h_delker","control","seedling","05h","delker","Control","control","auxin_seedling_05h_delker",1,"IAA","Auxin (IAA 1uM)",0
"PIN3","control_3_auxin_seedling_05h_delker",0.447122956971749,"control",145037.247498294,22590,"auxin_seedling_05h_delker","control","seedling","05h","delker","Control","control","auxin_seedling_05h_delker",1,"IAA","Auxin (IAA 1uM)",0
"PIN3","treat_1_auxin_seedling_05h_delker",0.517392779629669,"treat",144609.97329443,22590,"auxin_seedling_05h_delker","treat","seedling","05h","delker","Auxin","treat","auxin_seedling_05h_delker",1,"IAA","Auxin (IAA 1uM)",1
"PIN3","treat_2_auxin_seedling_05h_delker",0.514454844161891,"treat",144640.316191634,22590,"auxin_seedling_05h_delker","treat","seedling","05h","delker","Auxin","treat","auxin_seedling_05h_delker",1,"IAA","Auxin (IAA 1uM)",1
"PIN3","treat_3_auxin_seedling_05h_delker",0.500400655695621,"treat",144664.523047894,22590,"auxin_seedling_05h_delker","treat","seedling","05h","delker","Auxin","treat","auxin_seedling_05h_delker",1,"IAA","Auxin (IAA 1uM)",1
"PIN3","control_1_auxin_seedling_1h_delker",0.441549059449455,"control",145044.607860462,22590,"auxin_seedling_1h_delker","control","seedling","1h","delker","Control","control","auxin_seedling_1h_delker",1,"IAA","Auxin (IAA 1uM)",0
"PIN3","control_2_auxin_seedling_1h_delker",0.434058912525896,"control",145097.717137737,22590,"auxin_seedling_1h_delker","control","seedling","1h","delker","Control","control","auxin_seedling_1h_delker",1,"IAA","Auxin (IAA 1uM)",0
"PIN3","control_3_auxin_seedling_1h_delker",0.448183925016133,"control",145000.655695384,22590,"auxin_seedling_1h_delker","control","seedling","1h","delker","Control","control","auxin_seedling_1h_delker",1,"IAA","Auxin (IAA 1uM)",0
"PIN3","treat_1_auxin_seedling_1h_delker",0.51545990176843,"treat",144632.469447688,22590,"auxin_seedling_1h_delker","treat","seedling","1h","delker","Auxin","treat","auxin_seedling_1h_delker",1,"IAA","Auxin (IAA 1uM)",1
"PIN3","treat_2_auxin_seedling_1h_delker",0.504476496783457,"treat",144651.844241064,22590,"auxin_seedling_1h_delker","treat","seedling","1h","delker","Auxin","treat","auxin_seedling_1h_delker",1,"IAA","Auxin (IAA 1uM)",1
"PIN3","treat_3_auxin_seedling_1h_delker",0.514396041429937,"treat",144709.388995078,22590,"auxin_seedling_1h_delker","treat","seedling","1h","delker","Auxin","treat","auxin_seedling_1h_delker",1,"IAA","Auxin (IAA 1uM)",1
"PIN3","control_1_auxin_seedling_3h_delker",0.455500436814514,"control",144932.688979116,22590,"auxin_seedling_3h_delker","control","seedling","3h","delker","Control","control","auxin_seedling_3h_delker",1,"IAA","Auxin (IAA 1uM)",0
"PIN3","control_2_auxin_seedling_3h_delker",0.447466799723418,"control",145003.07482206,22590,"auxin_seedling_3h_delker","control","seedling","3h","delker","Control","control","auxin_seedling_3h_delker",1,"IAA","Auxin (IAA 1uM)",0
"PIN3","control_3_auxin_seedling_3h_delker",0.463625703742055,"control",144890.327919777,22590,"auxin_seedling_3h_delker","control","seedling","3h","delker","Control","control","auxin_seedling_3h_delker",1,"IAA","Auxin (IAA 1uM)",0
"PIN3","treat_1_auxin_seedling_3h_delker",0.505777038647228,"treat",144833.185810935,22590,"auxin_seedling_3h_delker","treat","seedling","3h","delker","Auxin","treat","auxin_seedling_3h_delker",1,"IAA","Auxin (IAA 1uM)",1
"PIN3","treat_2_auxin_seedling_3h_delker",0.500114347715919,"treat",144792.738319514,22590,"auxin_seedling_3h_delker","treat","seedling","3h","delker","Auxin","treat","auxin_seedling_3h_delker",1,"IAA","Auxin (IAA 1uM)",1
"PIN3","treat_3_auxin_seedling_3h_delker",0.485544575718215,"treat",144725.803267843,22590,"auxin_seedling_3h_delker","treat","seedling","3h","delker","Auxin","treat","auxin_seedling_3h_delker",1,"IAA","Auxin (IAA 1uM)",1
"PIN3","control_1_auxin_root_2h_derybel",0.435977768586365,"control",144891.502301021,22590,"auxin_root_2h_derybel","control","root","2h","derybel","Control","control","auxin_root_2h_derybel",10,"NAA","Auxin (NAA 10uM)",0
"PIN3","control_2_auxin_root_2h_derybel",0.437499502224243,"control",144833.260795673,22590,"auxin_root_2h_derybel","control","root","2h","derybel","Control","control","auxin_root_2h_derybel",10,"NAA","Auxin (NAA 10uM)",0
"PIN3","control_3_auxin_root_2h_derybel",0.446688131374769,"control",144891.611277383,22590,"auxin_root_2h_derybel","control","root","2h","derybel","Control","control","auxin_root_2h_derybel",10,"NAA","Auxin (NAA 10uM)",0
"PIN3","treat_1_auxin_root_2h_derybel",0.51807865076073,"treat",144786.255170148,22590,"auxin_root_2h_derybel","treat","root","2h","derybel","Auxin","treat","auxin_root_2h_derybel",10,"NAA","Auxin (NAA 10uM)",10
"PIN3","treat_2_auxin_root_2h_derybel",0.508913001465186,"treat",144798.429879037,22590,"auxin_root_2h_derybel","treat","root","2h","derybel","Auxin","treat","auxin_root_2h_derybel",10,"NAA","Auxin (NAA 10uM)",10
"PIN3","treat_3_auxin_root_2h_derybel",0.515294402503021,"treat",144927.167174773,22590,"auxin_root_2h_derybel","treat","root","2h","derybel","Auxin","treat","auxin_root_2h_derybel",10,"NAA","Auxin (NAA 10uM)",10
"PIN3","control_1_auxin_root_6h_derybel",0.444237761813203,"control",145006.656817472,22590,"auxin_root_6h_derybel","control","root","6h","derybel","Control","control","auxin_root_6h_derybel",10,"NAA","Auxin (NAA 10uM)",0
"PIN3","control_2_auxin_root_6h_derybel",0.445381497830321,"control",145073.439178668,22590,"auxin_root_6h_derybel","control","root","6h","derybel","Control","control","auxin_root_6h_derybel",10,"NAA","Auxin (NAA 10uM)",0
"PIN3","control_3_auxin_root_6h_derybel",0.450162402985397,"control",144948.250796977,22590,"auxin_root_6h_derybel","control","root","6h","derybel","Control","control","auxin_root_6h_derybel",10,"NAA","Auxin (NAA 10uM)",0
"PIN3","treat_1_auxin_root_6h_derybel",0.507822614887944,"treat",144700.489295898,22590,"auxin_root_6h_derybel","treat","root","6h","derybel","Auxin","treat","auxin_root_6h_derybel",10,"NAA","Auxin (NAA 10uM)",10
"PIN3","treat_2_auxin_root_6h_derybel",0.507459332721028,"treat",144650.40590281,22590,"auxin_root_6h_derybel","treat","root","6h","derybel","Auxin","treat","auxin_root_6h_derybel",10,"NAA","Auxin (NAA 10uM)",10
"PIN3","treat_3_auxin_root_6h_derybel",0.510807468043283,"treat",144669.598889119,22590,"auxin_root_6h_derybel","treat","root","6h","derybel","Auxin","treat","auxin_root_6h_derybel",10,"NAA","Auxin (NAA 10uM)",10
"PIN3","control_1_auxin_root_05h_lewis",0.445152658422561,"control",144993.986007535,22590,"auxin_root_05h_lewis","control","root","05h","lewis","Control","control","auxin_root_05h_lewis",1,"IAA","Auxin (IAA 1uM)",0
"PIN3","control_2_auxin_root_05h_lewis",0.442179154031228,"control",144834.255957278,22590,"auxin_root_05h_lewis","control","root","05h","lewis","Control","control","auxin_root_05h_lewis",1,"IAA","Auxin (IAA 1uM)",0
"PIN3","control_3_auxin_root_05h_lewis",0.440132841817544,"control",144934.867380418,22590,"auxin_root_05h_lewis","control","root","05h","lewis","Control","control","auxin_root_05h_lewis",1,"IAA","Auxin (IAA 1uM)",0
"PIN3","treat_1_auxin_root_05h_lewis",0.50074255282424,"treat",144795.955426744,22590,"auxin_root_05h_lewis","treat","root","05h","lewis","Auxin","treat","auxin_root_05h_lewis",1,"IAA","Auxin (IAA 1uM)",1
"PIN3","treat_2_auxin_root_05h_lewis",0.5093340691354,"treat",144813.037062305,22590,"auxin_root_05h_lewis","treat","root","05h","lewis","Auxin","treat","auxin_root_05h_lewis",1,"IAA","Auxin (IAA 1uM)",1
"PIN3","treat_3_auxin_root_05h_lewis",0.512705873541879,"treat",144760.950269369,22590,"auxin_root_05h_lewis","treat","root","05h","lewis","Auxin","treat","auxin_root_05h_lewis",1,"IAA","Auxin (IAA 1uM)",1
"PIN3","control_1_auxin_root_12h_lewis",0.453671160419113,"control",144937.107269202,22590,"auxin_root_12h_lewis","control","root","12h","lewis","Control","control","auxin_root_12h_lewis",1,"IAA","Auxin (IAA 1uM)",0
"PIN3","control_2_auxin_root_12h_lewis",0.454239701887912,"control",144747.181135968,22590,"auxin_root_12h_lewis","control","root","12h","lewis","Control","control","auxin_root_12h_lewis",1,"IAA","Auxin (IAA 1uM)",0
"PIN3","control_3_auxin_root_12h_lewis",0.42474335188485,"control",144896.880393328,22590,"auxin_root_12h_lewis","control","root","12h","lewis","Control","control","auxin_root_12h_lewis",1,"IAA","Auxin (IAA 1uM)",0
"PIN3","treat_1_auxin_root_12h_lewis",0.502944122891219,"treat",144898.768413632,22590,"auxin_root_12h_lewis","treat","root","12h","lewis","Auxin","treat","auxin_root_12h_lewis",1,"IAA","Auxin (IAA 1uM)",1
"PIN3","treat_2_auxin_root_12h_lewis",0.509259128470081,"treat",144856.381492436,22590,"auxin_root_12h_lewis","treat","root","12h","lewis","Auxin","treat","auxin_root_12h_lewis",1,"IAA","Auxin (IAA 1uM)",1
"PIN3","treat_3_auxin_root_12h_lewis",0.506661889745183,"treat",144831.695854087,22590,"auxin_root_12h_lewis","treat","root","12h","lewis","Auxin","treat","auxin_root_12h_lewis",1,"IAA","Auxin (IAA 1uM)",1
"PIN3","control_1_auxin_root_1h_lewis",0.444567155629899,"control",144865.138523716,22590,"auxin_root_1h_lewis","control","root","1h","lewis","Control","control","auxin_root_1h_lewis",1,"IAA","Auxin (IAA 1uM)",0
"PIN3","control_2_auxin_root_1h_lewis",0.455021608522788,"control",144866.692878786,22590,"auxin_root_1h_lewis","control","root","1h","lewis","Control","control","auxin_root_1h_lewis",1,"IAA","Auxin (IAA 1uM)",0
"PIN3","control_3_auxin_root_1h_lewis",0.436311833086138,"control",144866.668191885,22590,"auxin_root_1h_lewis","control","root","1h","lewis","Control","control","auxin_root_1h_lewis",1,"IAA","Auxin (IAA 1uM)",0
"PIN3","treat_1_auxin_root_1h_lewis",0.516567338809747,"treat",144901.609678118,22590,"auxin_root_1h_lewis","treat","root","1h","lewis","Auxin","treat","auxin_root_1h_lewis",1,"IAA","Auxin (IAA 1uM)",1
"PIN3","treat_2_auxin_root_1h_lewis",0.506074308721442,"treat",144897.780935278,22590,"auxin_root_1h_lewis","treat","root","1h","lewis","Auxin","treat","auxin_root_1h_lewis",1,"IAA","Auxin (IAA 1uM)",1
"PIN3","treat_3_auxin_root_1h_lewis",0.494684166854503,"treat",144836.604840951,22590,"auxin_root_1h_lewis","treat","root","1h","lewis","Auxin","treat","auxin_root_1h_lewis",1,"IAA","Auxin (IAA 1uM)",1
"PIN3","control_1_auxin_root_24h_lewis",0.464641694376541,"control",144932.489080945,22590,"auxin_root_24h_lewis","control","root","24h","lewis","Control","control","auxin_root_24h_lewis",1,"IAA","Auxin (IAA 1uM)",0
"PIN3","control_2_auxin_root_24h_lewis",0.437569053324401,"control",144808.73497657,22590,"auxin_root_24h_lewis","control","root","24h","lewis","Control","control","auxin_root_24h_lewis",1,"IAA","Auxin (IAA 1uM)",0
"PIN3","control_3_auxin_root_24h_lewis",0.457544482302162,"control",144921.340258979,22590,"auxin_root_24h_lewis","control","root","24h","lewis","Control","control","auxin_root_24h_lewis",1,"IAA","Auxin (IAA 1uM)",0
"PIN3","treat_1_auxin_root_24h_lewis",0.502320081955577,"treat",144917.793032522,22590,"auxin_root_24h_lewis","treat","root","24h","lewis","Auxin","treat","auxin_root_24h_lewis",1,"IAA","Auxin (IAA 1uM)",1
"PIN3","treat_2_auxin_root_24h_lewis",0.504432083137982,"treat",144802.538469348,22590,"auxin_root_24h_lewis","treat","root","24h","lewis","Auxin","treat","auxin_root_24h_lewis",1,"IAA","Auxin (IAA 1uM)",1
"PIN3","treat_3_auxin_root_24h_lewis",0.483691371753047,"treat",144875.202963885,22590,"auxin_root_24h_lewis","treat","root","24h","lewis","Auxin","treat","auxin_root_24h_lewis",1,"IAA","Auxin (IAA 1uM)",1
"PIN3","control_1_auxin_root_2h_lewis",0.43762755347013,"control",144905.159803495,22590,"auxin_root_2h_lewis","control","root","2h","lewis","Control","control","auxin_root_2h_lewis",1,"IAA","Auxin (IAA 1uM)",0
"PIN3","control_2_auxin_root_2h_lewis",0.43935434235114,"control",144845.655514571,22590,"auxin_root_2h_lewis","control","root","2h","lewis","Control","control","auxin_root_2h_lewis",1,"IAA","Auxin (IAA 1uM)",0
"PIN3","control_3_auxin_root_2h_lewis",0.460595999896471,"control",144718.580595369,22590,"auxin_root_2h_lewis","control","root","2h","lewis","Control","control","auxin_root_2h_lewis",1,"IAA","Auxin (IAA 1uM)",0
"PIN3","treat_1_auxin_root_2h_lewis",0.504739838834033,"treat",144940.700015881,22590,"auxin_root_2h_lewis","treat","root","2h","lewis","Auxin","treat","auxin_root_2h_lewis",1,"IAA","Auxin (IAA 1uM)",1
"PIN3","treat_2_auxin_root_2h_lewis",0.52044274128315,"treat",144960.52331451,22590,"auxin_root_2h_lewis","treat","root","2h","lewis","Auxin","treat","auxin_root_2h_lewis",1,"IAA","Auxin (IAA 1uM)",1
"PIN3","treat_3_auxin_root_2h_lewis",0.491698129274468,"treat",144883.688098146,22590,"auxin_root_2h_lewis","treat","root","2h","lewis","Auxin","treat","auxin_root_2h_lewis",1,"IAA","Auxin (IAA 1uM)",1
"PIN3","control_1_auxin_root_4h_lewis",0.442731767815392,"control",144848.651448325,22590,"auxin_root_4h_lewis","control","root","4h","lewis","Control","control","auxin_root_4h_lewis",1,"IAA","Auxin (IAA 1uM)",0
"PIN3","control_2_auxin_root_4h_lewis",0.446824725094938,"control",144826.343414401,22590,"auxin_root_4h_lewis","control","root","4h","lewis","Control","control","auxin_root_4h_lewis",1,"IAA","Auxin (IAA 1uM)",0
"PIN3","control_3_auxin_root_4h_lewis",0.437792313116321,"control",144812.395935967,22590,"auxin_root_4h_lewis","control","root","4h","lewis","Control","control","auxin_root_4h_lewis",1,"IAA","Auxin (IAA 1uM)",0
"PIN3","treat_1_auxin_root_4h_lewis",0.498586984195588,"treat",144886.920727317,22590,"auxin_root_4h_lewis","treat","root","4h","lewis","Auxin","treat","auxin_root_4h_lewis",1,"IAA","Auxin (IAA 1uM)",1
"PIN3","treat_2_auxin_root_4h_lewis",0.507973732393866,"treat",144894.144383529,22590,"auxin_root_4h_lewis","treat","root","4h","lewis","Auxin","treat","auxin_root_4h_lewis",1,"IAA","Auxin (IAA 1uM)",1
"PIN3","treat_3_auxin_root_4h_lewis",0.519495844480568,"treat",144862.849666918,22590,"auxin_root_4h_lewis","treat","root","4h","lewis","Auxin","treat","auxin_root_4h_lewis",1,"IAA","Auxin (IAA 1uM)",1
"PIN3","control_1_auxin_root_8h_lewis",0.451431254222235,"control",144812.499230489,22590,"auxin_root_8h_lewis","control","root","8h","lewis","Control","control","auxin_root_8h_lewis",1,"IAA","Auxin (IAA 1uM)",0
"PIN3","control_2_auxin_root_8h_lewis",0.457507506622901,"control",144823.513422043,22590,"auxin_root_8h_lewis","control","root","8h","lewis","Control","control","auxin_root_8h_lewis",1,"IAA","Auxin (IAA 1uM)",0
"PIN3","control_3_auxin_root_8h_lewis",0.42283784717638,"control",144744.097409198,22590,"auxin_root_8h_lewis","control","root","8h","lewis","Control","control","auxin_root_8h_lewis",1,"IAA","Auxin (IAA 1uM)",0
"PIN3","treat_1_auxin_root_8h_lewis",0.504260641625292,"treat",144950.172806519,22590,"auxin_root_8h_lewis","treat","root","8h","lewis","Auxin","treat","auxin_root_8h_lewis",1,"IAA","Auxin (IAA 1uM)",1
"PIN3","treat_2_auxin_root_8h_lewis",0.520154665362306,"treat",144916.250531644,22590,"auxin_root_8h_lewis","treat","root","8h","lewis","Auxin","treat","auxin_root_8h_lewis",1,"IAA","Auxin (IAA 1uM)",1
"PIN3","treat_3_auxin_root_8h_lewis",0.495440234893847,"treat",144868.756145071,22590,"auxin_root_8h_lewis","treat","root","8h","lewis","Auxin","treat","auxin_root_8h_lewis",1,"IAA","Auxin (IAA 1uM)",1
"PIN3","control_1_auxin_seedling_2h_okushima",0.453888384415063,"control",144850.414454846,22590,"auxin_seedling_2h_okushima","control","seedling","2h","okushima","Control","control","auxin_seedling_2h_okushima",5,"IAA","Auxin (IAA 5uM)",0
"PIN3","control_2_auxin_seedling_2h_okushima",0.439178070754817,"control",144852.755342067,22590,"auxin_seedling_2h_okushima","control","seedling","2h","okushima","Control","control","auxin_seedling_2h_okushima",5,"IAA","Auxin (IAA 5uM)",0
"PIN3","control_3_auxin_seedling_2h_okushima",0.447225041991584,"control",145027.418420535,22590,"auxin_seedling_2h_okushima","control","seedling","2h","okushima","Control","control","auxin_seedling_2h_okushima",5,"IAA","Auxin (IAA 5uM)",0
"PIN3","treat_1_auxin_seedling_2h_okushima",0.495134638990246,"treat",144752.38393162,22590,"auxin_seedling_2h_okushima","treat","seedling","2h","okushima","Auxin","treat","auxin_seedling_2h_okushima",5,"IAA","Auxin (IAA 5uM)",5
"PIN3","treat_2_auxin_seedling_2h_okushima",0.502209109747473,"treat",144785.81138481,22590,"auxin_seedling_2h_okushima","treat","seedling","2h","okushima","Auxin","treat","auxin_seedling_2h_okushima",5,"IAA","Auxin (IAA 5uM)",5
"PIN3","treat_3_auxin_seedling_2h_okushima",0.519862175971629,"treat",144786.604613882,22590,"auxin_seedling_2h_okushima","treat","seedling","2h","okushima","Auxin","treat","auxin_seedling_2h_okushima",5,"IAA","Auxin (IAA 5uM)",5
"PIN3","control_1_auxin_leaves_72h_romero-puertas",0.461644161679722,"control",144834.927944919,22590,"auxin_leaves_72h_romero-puertas","control","leaves","72h","romero-puertas","Control","control","auxin_leaves_72h_romero-puertas",10,"NAA","Auxin (NAA 10uM)",0
"PIN3","control_2_auxin_leaves_72h_romero-puertas",0.455492180008291,"control",144820.13560876,22590,"auxin_leaves_72h_romero-puertas","control","leaves","72h","romero-puertas","Control","control","auxin_leaves_72h_romero-puertas",10,"NAA","Auxin (NAA 10uM)",0
"PIN3","control_3_auxin_leaves_72h_romero-puertas",0.47857677823687,"control",144795.749595683,22590,"auxin_leaves_72h_romero-puertas","control","leaves","72h","romero-puertas","Control","control","auxin_leaves_72h_romero-puertas",10,"NAA","Auxin (NAA 10uM)",0
"PIN3","treat_1_auxin_leaves_72h_romero-puertas",0.48185258662824,"treat",144904.813770844,22590,"auxin_leaves_72h_romero-puertas","treat","leaves","72h","romero-puertas","Auxin","treat","auxin_leaves_72h_romero-puertas",10,"NAA","Auxin (NAA 10uM)",10
"PIN3","treat_2_auxin_leaves_72h_romero-puertas",0.486590118547202,"treat",144867.605003919,22590,"auxin_leaves_72h_romero-puertas","treat","leaves","72h","romero-puertas","Auxin","treat","auxin_leaves_72h_romero-puertas",10,"NAA","Auxin (NAA 10uM)",10
"PIN3","treat_3_auxin_leaves_72h_romero-puertas",0.494093852650055,"treat",144895.691298338,22590,"auxin_leaves_72h_romero-puertas","treat","leaves","72h","romero-puertas","Auxin","treat","auxin_leaves_72h_romero-puertas",10,"NAA","Auxin (NAA 10uM)",10
"PIN3","control_1_auxin_seedling_3h_shimada",0.446458916349031,"control",144936.148632461,22590,"auxin_seedling_3h_shimada","control","seedling","3h","shimada","Control","control","auxin_seedling_3h_shimada",1,"IAA","Auxin (IAA 1uM)",0
"PIN3","control_2_auxin_seedling_3h_shimada",0.464521295100428,"control",144826.947354206,22590,"auxin_seedling_3h_shimada","control","seedling","3h","shimada","Control","control","auxin_seedling_3h_shimada",1,"IAA","Auxin (IAA 1uM)",0
"PIN3","control_3_auxin_seedling_3h_shimada",0.465721849067641,"control",144820.075522564,22590,"auxin_seedling_3h_shimada","control","seedling","3h","shimada","Control","control","auxin_seedling_3h_shimada",1,"IAA","Auxin (IAA 1uM)",0
"PIN3","treat_1_auxin_seedling_3h_shimada",0.500268047116692,"treat",144885.553254898,22590,"auxin_seedling_3h_shimada","treat","seedling","3h","shimada","Auxin","treat","auxin_seedling_3h_shimada",1,"IAA","Auxin (IAA 1uM)",1
"PIN3","treat_2_auxin_seedling_3h_shimada",0.504704008884763,"treat",144878.829063559,22590,"auxin_seedling_3h_shimada","treat","seedling","3h","shimada","Auxin","treat","auxin_seedling_3h_shimada",1,"IAA","Auxin (IAA 1uM)",1
"PIN3","treat_3_auxin_seedling_3h_shimada",0.478214320554776,"treat",144781.035680359,22590,"auxin_seedling_3h_shimada","treat","seedling","3h","shimada","Auxin","treat","auxin_seedling_3h_shimada",1,"IAA","Auxin (IAA 1uM)",1
"PIN3","control_1_auxin_root_4h_stepanova",0.442970498380941,"control",144745.431466715,22590,"auxin_root_4h_stepanova","control","root","4h","stepanova","Control","control","auxin_root_4h_stepanova",1,"IAA","Auxin (IAA 1uM)",0
"PIN3","control_2_auxin_root_4h_stepanova",0.435205765976484,"control",144900.51460241,22590,"auxin_root_4h_stepanova","control","root","4h","stepanova","Control","control","auxin_root_4h_stepanova",1,"IAA","Auxin (IAA 1uM)",0
"PIN3","treat_1_auxin_root_4h_stepanova",0.509530445267867,"treat",144826.342266078,22590,"auxin_root_4h_stepanova","treat","root","4h","stepanova","Auxin","treat","auxin_root_4h_stepanova",1,"IAA","Auxin (IAA 1uM)",1
"PIN3","treat_2_auxin_root_4h_stepanova",0.51397308913138,"treat",144796.225628749,22590,"auxin_root_4h_stepanova","treat","root","4h","stepanova","Auxin","treat","auxin_root_4h_stepanova",1,"IAA","Auxin (IAA 1uM)",1
"PIN3","control_1_auxin_root_2h_vanneste",0.438516089850958,"control",144966.939261077,22590,"auxin_root_2h_vanneste","control","root","2h","vanneste","Control","control","auxin_root_2h_vanneste",10,"IAA","Auxin (IAA 10uM)",0
"PIN3","control_2_auxin_root_2h_vanneste",0.433181592172177,"control",144922.474082519,22590,"auxin_root_2h_vanneste","control","root","2h","vanneste","Control","control","auxin_root_2h_vanneste",10,"IAA","Auxin (IAA 10uM)",0
"PIN3","treat_1_auxin_root_2h_vanneste",0.514434998692587,"treat",144706.519274053,22590,"auxin_root_2h_vanneste","treat","root","2h","vanneste","Auxin","treat","auxin_root_2h_vanneste",10,"IAA","Auxin (IAA 10uM)",10
"PIN3","treat_2_auxin_root_2h_vanneste",0.519219950097786,"treat",144721.611518547,22590,"auxin_root_2h_vanneste","treat","root","2h","vanneste","Auxin","treat","auxin_root_2h_vanneste",10,"IAA","Auxin (IAA 10uM)",10
"PIN3","control_1_auxin_root_6h_vanneste",0.444697057322742,"control",145026.156491784,22590,"auxin_root_6h_vanneste","control","root","6h","vanneste","Control","control","auxin_root_6h_vanneste",10,"IAA","Auxin (IAA 10uM)",0
"PIN3","control_2_auxin_root_6h_vanneste",0.438561922825206,"control",145031.752703641,22590,"auxin_root_6h_vanneste","control","root","6h","vanneste","Control","control","auxin_root_6h_vanneste",10,"IAA","Auxin (IAA 10uM)",0
"PIN3","treat_1_auxin_root_6h_vanneste",0.510418562591338,"treat",144524.822905649,22590,"auxin_root_6h_vanneste","treat","root","6h","vanneste","Auxin","treat","auxin_root_6h_vanneste",10,"IAA","Auxin (IAA 10uM)",10
"PIN3","treat_2_auxin_root_6h_vanneste",0.512813697037012,"treat",144628.818837339,22590,"auxin_root_6h_vanneste","treat","root","6h","vanneste","Auxin","treat","auxin_root_6h_vanneste",10,"IAA","Auxin (IAA 10uM)",10
"PIN3","control_1_auxin_root-apex_6h_xuan",0.464123344161009,"control",144924.81239729,22590,"auxin_root-apex_6h_xuan","control","root-apex","6h","xuan","Control","control","auxin_root-apex_6h_xuan",10,"IBA","Auxin (IBA 10uM)",0
"PIN3","control_2_auxin_root-apex_6h_xuan",0.461635981200908,"control",144926.036288684,22590,"auxin_root-apex_6h_xuan","control","root-apex","6h","xuan","Control","control","auxin_root-apex_6h_xuan",10,"IBA","Auxin (IBA 10uM)",0
"PIN3","control_3_auxin_root-apex_6h_xuan",0.45660850673764,"control",144906.327627783,22590,"auxin_root-apex_6h_xuan","control","root-apex","6h","xuan","Control","control","auxin_root-apex_6h_xuan",10,"IBA","Auxin (IBA 10uM)",0
"PIN3","treat_1_auxin_root-apex_6h_xuan",0.497566719968645,"treat",144725.564784712,22590,"auxin_root-apex_6h_xuan","treat","root-apex","6h","xuan","Auxin","treat","auxin_root-apex_6h_xuan",10,"IBA","Auxin (IBA 10uM)",10
"PIN3","treat_2_auxin_root-apex_6h_xuan",0.496319124549702,"treat",144714.319614003,22590,"auxin_root-apex_6h_xuan","treat","root-apex","6h","xuan","Auxin","treat","auxin_root-apex_6h_xuan",10,"IBA","Auxin (IBA 10uM)",10
"PIN3","treat_3_auxin_root-apex_6h_xuan",0.480299157828856,"treat",144602.097876745,22590,"auxin_root-apex_6h_xuan","treat","root-apex","6h","xuan","Auxin","treat","auxin_root-apex_6h_xuan",10,"IBA","Auxin (IBA 10uM)",10
"PIN4","control_1_auxin_root_2h_bargmann",0.435102479330375,"control",144895.456982637,22590,"auxin_root_2h_bargmann","control","root","2h","bargmann","Control","control","auxin_root_2h_bargmann",5,"IAA","Auxin (IAA 5uM)",0
"PIN4","control_2_auxin_root_2h_bargmann",0.426575094614564,"control",144906.492295472,22590,"auxin_root_2h_bargmann","control","root","2h","bargmann","Control","control","auxin_root_2h_bargmann",5,"IAA","Auxin (IAA 5uM)",0
"PIN4","control_3_auxin_root_2h_bargmann",0.398942336281097,"control",144895.237265024,22590,"auxin_root_2h_bargmann","control","root","2h","bargmann","Control","control","auxin_root_2h_bargmann",5,"IAA","Auxin (IAA 5uM)",0
"PIN4","treat_1_auxin_root_2h_bargmann",0.436523734179221,"treat",144778.309908173,22590,"auxin_root_2h_bargmann","treat","root","2h","bargmann","Auxin","treat","auxin_root_2h_bargmann",5,"IAA","Auxin (IAA 5uM)",5
"PIN4","treat_2_auxin_root_2h_bargmann",0.413360283786036,"treat",144798.478522725,22590,"auxin_root_2h_bargmann","treat","root","2h","bargmann","Auxin","treat","auxin_root_2h_bargmann",5,"IAA","Auxin (IAA 5uM)",5
"PIN4","treat_3_auxin_root_2h_bargmann",0.432731791328335,"treat",144783.950884411,22590,"auxin_root_2h_bargmann","treat","root","2h","bargmann","Auxin","treat","auxin_root_2h_bargmann",5,"IAA","Auxin (IAA 5uM)",5
"PIN4","control_1_auxin_seedling_05h_delker",0.411584018972985,"control",145057.545347346,22590,"auxin_seedling_05h_delker","control","seedling","05h","delker","Control","control","auxin_seedling_05h_delker",1,"IAA","Auxin (IAA 1uM)",0
"PIN4","control_2_auxin_seedling_05h_delker",0.396709492606184,"control",145115.53412366,22590,"auxin_seedling_05h_delker","control","seedling","05h","delker","Control","control","auxin_seedling_05h_delker",1,"IAA","Auxin (IAA 1uM)",0
"PIN4","control_3_auxin_seedling_05h_delker",0.417417318239397,"control",145037.247498294,22590,"auxin_seedling_05h_delker","control","seedling","05h","delker","Control","control","auxin_seedling_05h_delker",1,"IAA","Auxin (IAA 1uM)",0
"PIN4","treat_1_auxin_seedling_05h_delker",0.449469757577937,"treat",144609.97329443,22590,"auxin_seedling_05h_delker","treat","seedling","05h","delker","Auxin","treat","auxin_seedling_05h_delker",1,"IAA","Auxin (IAA 1uM)",1
"PIN4","treat_2_auxin_seedling_05h_delker",0.439008937607877,"treat",144640.316191634,22590,"auxin_seedling_05h_delker","treat","seedling","05h","delker","Auxin","treat","auxin_seedling_05h_delker",1,"IAA","Auxin (IAA 1uM)",1
"PIN4","treat_3_auxin_seedling_05h_delker",0.438403019211723,"treat",144664.523047894,22590,"auxin_seedling_05h_delker","treat","seedling","05h","delker","Auxin","treat","auxin_seedling_05h_delker",1,"IAA","Auxin (IAA 1uM)",1
"PIN4","control_1_auxin_seedling_1h_delker",0.40821358365501,"control",145044.607860462,22590,"auxin_seedling_1h_delker","control","seedling","1h","delker","Control","control","auxin_seedling_1h_delker",1,"IAA","Auxin (IAA 1uM)",0
"PIN4","control_2_auxin_seedling_1h_delker",0.402295766608625,"control",145097.717137737,22590,"auxin_seedling_1h_delker","control","seedling","1h","delker","Control","control","auxin_seedling_1h_delker",1,"IAA","Auxin (IAA 1uM)",0
"PIN4","control_3_auxin_seedling_1h_delker",0.413188814746354,"control",145000.655695384,22590,"auxin_seedling_1h_delker","control","seedling","1h","delker","Control","control","auxin_seedling_1h_delker",1,"IAA","Auxin (IAA 1uM)",0
"PIN4","treat_1_auxin_seedling_1h_delker",0.44085321928923,"treat",144632.469447688,22590,"auxin_seedling_1h_delker","treat","seedling","1h","delker","Auxin","treat","auxin_seedling_1h_delker",1,"IAA","Auxin (IAA 1uM)",1
"PIN4","treat_2_auxin_seedling_1h_delker",0.440854274875121,"treat",144651.844241064,22590,"auxin_seedling_1h_delker","treat","seedling","1h","delker","Auxin","treat","auxin_seedling_1h_delker",1,"IAA","Auxin (IAA 1uM)",1
"PIN4","treat_3_auxin_seedling_1h_delker",0.447746126407377,"treat",144709.388995078,22590,"auxin_seedling_1h_delker","treat","seedling","1h","delker","Auxin","treat","auxin_seedling_1h_delker",1,"IAA","Auxin (IAA 1uM)",1
"PIN4","control_1_auxin_seedling_3h_delker",0.416039647841154,"control",144932.688979116,22590,"auxin_seedling_3h_delker","control","seedling","3h","delker","Control","control","auxin_seedling_3h_delker",1,"IAA","Auxin (IAA 1uM)",0
"PIN4","control_2_auxin_seedling_3h_delker",0.402000594610887,"control",145003.07482206,22590,"auxin_seedling_3h_delker","control","seedling","3h","delker","Control","control","auxin_seedling_3h_delker",1,"IAA","Auxin (IAA 1uM)",0
"PIN4","control_3_auxin_seedling_3h_delker",0.423986806090614,"control",144890.327919777,22590,"auxin_seedling_3h_delker","control","seedling","3h","delker","Control","control","auxin_seedling_3h_delker",1,"IAA","Auxin (IAA 1uM)",0
"PIN4","treat_1_auxin_seedling_3h_delker",0.428523619629996,"treat",144833.185810935,22590,"auxin_seedling_3h_delker","treat","seedling","3h","delker","Auxin","treat","auxin_seedling_3h_delker",1,"IAA","Auxin (IAA 1uM)",1
"PIN4","treat_2_auxin_seedling_3h_delker",0.436917008750029,"treat",144792.738319514,22590,"auxin_seedling_3h_delker","treat","seedling","3h","delker","Auxin","treat","auxin_seedling_3h_delker",1,"IAA","Auxin (IAA 1uM)",1
"PIN4","treat_3_auxin_seedling_3h_delker",0.442335693142319,"treat",144725.803267843,22590,"auxin_seedling_3h_delker","treat","seedling","3h","delker","Auxin","treat","auxin_seedling_3h_delker",1,"IAA","Auxin (IAA 1uM)",1
"PIN4","control_1_auxin_root_2h_derybel",0.40790860731945,"control",144891.502301021,22590,"auxin_root_2h_derybel","control","root","2h","derybel","Control","control","auxin_root_2h_derybel",10,"NAA","Auxin (NAA 10uM)",0
"PIN4","control_2_auxin_root_2h_derybel",0.435160690555186,"control",144833.260795673,22590,"auxin_root_2h_derybel","control","root","2h","derybel","Control","control","auxin_root_2h_derybel",10,"NAA","Auxin (NAA 10uM)",0
"PIN4","control_3_auxin_root_2h_derybel",0.40535235732351,"control",144891.611277383,22590,"auxin_root_2h_derybel","control","root","2h","derybel","Control","control","auxin_root_2h_derybel",10,"NAA","Auxin (NAA 10uM)",0
"PIN4","treat_1_auxin_root_2h_derybel",0.441891628028879,"treat",144786.255170148,22590,"auxin_root_2h_derybel","treat","root","2h","derybel","Auxin","treat","auxin_root_2h_derybel",10,"NAA","Auxin (NAA 10uM)",10
"PIN4","treat_2_auxin_root_2h_derybel",0.433534326083786,"treat",144798.429879037,22590,"auxin_root_2h_derybel","treat","root","2h","derybel","Auxin","treat","auxin_root_2h_derybel",10,"NAA","Auxin (NAA 10uM)",10
"PIN4","treat_3_auxin_root_2h_derybel",0.414689026335773,"treat",144927.167174773,22590,"auxin_root_2h_derybel","treat","root","2h","derybel","Auxin","treat","auxin_root_2h_derybel",10,"NAA","Auxin (NAA 10uM)",10
"PIN4","control_1_auxin_root_6h_derybel",0.423030444777893,"control",145006.656817472,22590,"auxin_root_6h_derybel","control","root","6h","derybel","Control","control","auxin_root_6h_derybel",10,"NAA","Auxin (NAA 10uM)",0
"PIN4","control_2_auxin_root_6h_derybel",0.445583303641124,"control",145073.439178668,22590,"auxin_root_6h_derybel","control","root","6h","derybel","Control","control","auxin_root_6h_derybel",10,"NAA","Auxin (NAA 10uM)",0
"PIN4","control_3_auxin_root_6h_derybel",0.426030807339751,"control",144948.250796977,22590,"auxin_root_6h_derybel","control","root","6h","derybel","Control","control","auxin_root_6h_derybel",10,"NAA","Auxin (NAA 10uM)",0
"PIN4","treat_1_auxin_root_6h_derybel",0.419258755864442,"treat",144700.489295898,22590,"auxin_root_6h_derybel","treat","root","6h","derybel","Auxin","treat","auxin_root_6h_derybel",10,"NAA","Auxin (NAA 10uM)",10
"PIN4","treat_2_auxin_root_6h_derybel",0.42001302543367,"treat",144650.40590281,22590,"auxin_root_6h_derybel","treat","root","6h","derybel","Auxin","treat","auxin_root_6h_derybel",10,"NAA","Auxin (NAA 10uM)",10
"PIN4","treat_3_auxin_root_6h_derybel",0.399130341374334,"treat",144669.598889119,22590,"auxin_root_6h_derybel","treat","root","6h","derybel","Auxin","treat","auxin_root_6h_derybel",10,"NAA","Auxin (NAA 10uM)",10
"PIN4","control_1_auxin_root_05h_lewis",0.423631748194921,"control",144993.986007535,22590,"auxin_root_05h_lewis","control","root","05h","lewis","Control","control","auxin_root_05h_lewis",1,"IAA","Auxin (IAA 1uM)",0
"PIN4","control_2_auxin_root_05h_lewis",0.416080590485714,"control",144834.255957278,22590,"auxin_root_05h_lewis","control","root","05h","lewis","Control","control","auxin_root_05h_lewis",1,"IAA","Auxin (IAA 1uM)",0
"PIN4","control_3_auxin_root_05h_lewis",0.403247569489083,"control",144934.867380418,22590,"auxin_root_05h_lewis","control","root","05h","lewis","Control","control","auxin_root_05h_lewis",1,"IAA","Auxin (IAA 1uM)",0
"PIN4","treat_1_auxin_root_05h_lewis",0.408574581034466,"treat",144795.955426744,22590,"auxin_root_05h_lewis","treat","root","05h","lewis","Auxin","treat","auxin_root_05h_lewis",1,"IAA","Auxin (IAA 1uM)",1
"PIN4","treat_2_auxin_root_05h_lewis",0.427354736531157,"treat",144813.037062305,22590,"auxin_root_05h_lewis","treat","root","05h","lewis","Auxin","treat","auxin_root_05h_lewis",1,"IAA","Auxin (IAA 1uM)",1
"PIN4","treat_3_auxin_root_05h_lewis",0.45698531412883,"treat",144760.950269369,22590,"auxin_root_05h_lewis","treat","root","05h","lewis","Auxin","treat","auxin_root_05h_lewis",1,"IAA","Auxin (IAA 1uM)",1
"PIN4","control_1_auxin_root_12h_lewis",0.430455978988343,"control",144937.107269202,22590,"auxin_root_12h_lewis","control","root","12h","lewis","Control","control","auxin_root_12h_lewis",1,"IAA","Auxin (IAA 1uM)",0
"PIN4","control_2_auxin_root_12h_lewis",0.403529603064819,"control",144747.181135968,22590,"auxin_root_12h_lewis","control","root","12h","lewis","Control","control","auxin_root_12h_lewis",1,"IAA","Auxin (IAA 1uM)",0
"PIN4","control_3_auxin_root_12h_lewis",0.456356497706547,"control",144896.880393328,22590,"auxin_root_12h_lewis","control","root","12h","lewis","Control","control","auxin_root_12h_lewis",1,"IAA","Auxin (IAA 1uM)",0
"PIN4","treat_1_auxin_root_12h_lewis",0.411762406499334,"treat",144898.768413632,22590,"auxin_root_12h_lewis","treat","root","12h","lewis","Auxin","treat","auxin_root_12h_lewis",1,"IAA","Auxin (IAA 1uM)",1
"PIN4","treat_2_auxin_root_12h_lewis",0.417963308071951,"treat",144856.381492436,22590,"auxin_root_12h_lewis","treat","root","12h","lewis","Auxin","treat","auxin_root_12h_lewis",1,"IAA","Auxin (IAA 1uM)",1
"PIN4","treat_3_auxin_root_12h_lewis",0.413671372307841,"treat",144831.695854087,22590,"auxin_root_12h_lewis","treat","root","12h","lewis","Auxin","treat","auxin_root_12h_lewis",1,"IAA","Auxin (IAA 1uM)",1
"PIN4","control_1_auxin_root_1h_lewis",0.416747298220244,"control",144865.138523716,22590,"auxin_root_1h_lewis","control","root","1h","lewis","Control","control","auxin_root_1h_lewis",1,"IAA","Auxin (IAA 1uM)",0
"PIN4","control_2_auxin_root_1h_lewis",0.401463254460765,"control",144866.692878786,22590,"auxin_root_1h_lewis","control","root","1h","lewis","Control","control","auxin_root_1h_lewis",1,"IAA","Auxin (IAA 1uM)",0
"PIN4","control_3_auxin_root_1h_lewis",0.406673934775059,"control",144866.668191885,22590,"auxin_root_1h_lewis","control","root","1h","lewis","Control","control","auxin_root_1h_lewis",1,"IAA","Auxin (IAA 1uM)",0
"PIN4","treat_1_auxin_root_1h_lewis",0.433935103191926,"treat",144901.609678118,22590,"auxin_root_1h_lewis","treat","root","1h","lewis","Auxin","treat","auxin_root_1h_lewis",1,"IAA","Auxin (IAA 1uM)",1
"PIN4","treat_2_auxin_root_1h_lewis",0.431846830356156,"treat",144897.780935278,22590,"auxin_root_1h_lewis","treat","root","1h","lewis","Auxin","treat","auxin_root_1h_lewis",1,"IAA","Auxin (IAA 1uM)",1
"PIN4","treat_3_auxin_root_1h_lewis",0.447244553499501,"treat",144836.604840951,22590,"auxin_root_1h_lewis","treat","root","1h","lewis","Auxin","treat","auxin_root_1h_lewis",1,"IAA","Auxin (IAA 1uM)",1
"PIN4","control_1_auxin_root_24h_lewis",0.448250982282027,"control",144932.489080945,22590,"auxin_root_24h_lewis","control","root","24h","lewis","Control","control","auxin_root_24h_lewis",1,"IAA","Auxin (IAA 1uM)",0
"PIN4","control_2_auxin_root_24h_lewis",0.408153649538707,"control",144808.73497657,22590,"auxin_root_24h_lewis","control","root","24h","lewis","Control","control","auxin_root_24h_lewis",1,"IAA","Auxin (IAA 1uM)",0
"PIN4","control_3_auxin_root_24h_lewis",0.428118336459281,"control",144921.340258979,22590,"auxin_root_24h_lewis","control","root","24h","lewis","Control","control","auxin_root_24h_lewis",1,"IAA","Auxin (IAA 1uM)",0
"PIN4","treat_1_auxin_root_24h_lewis",0.42959034205067,"treat",144917.793032522,22590,"auxin_root_24h_lewis","treat","root","24h","lewis","Auxin","treat","auxin_root_24h_lewis",1,"IAA","Auxin (IAA 1uM)",1
"PIN4","treat_2_auxin_root_24h_lewis",0.395323920831175,"treat",144802.538469348,22590,"auxin_root_24h_lewis","treat","root","24h","lewis","Auxin","treat","auxin_root_24h_lewis",1,"IAA","Auxin (IAA 1uM)",1
"PIN4","treat_3_auxin_root_24h_lewis",0.425742270078757,"treat",144875.202963885,22590,"auxin_root_24h_lewis","treat","root","24h","lewis","Auxin","treat","auxin_root_24h_lewis",1,"IAA","Auxin (IAA 1uM)",1
"PIN4","control_1_auxin_root_2h_lewis",0.426333401146264,"control",144905.159803495,22590,"auxin_root_2h_lewis","control","root","2h","lewis","Control","control","auxin_root_2h_lewis",1,"IAA","Auxin (IAA 1uM)",0
"PIN4","control_2_auxin_root_2h_lewis",0.408865575191497,"control",144845.655514571,22590,"auxin_root_2h_lewis","control","root","2h","lewis","Control","control","auxin_root_2h_lewis",1,"IAA","Auxin (IAA 1uM)",0
"PIN4","control_3_auxin_root_2h_lewis",0.428945743883876,"control",144718.580595369,22590,"auxin_root_2h_lewis","control","root","2h","lewis","Control","control","auxin_root_2h_lewis",1,"IAA","Auxin (IAA 1uM)",0
"PIN4","treat_1_auxin_root_2h_lewis",0.421307213662011,"treat",144940.700015881,22590,"auxin_root_2h_lewis","treat","root","2h","lewis","Auxin","treat","auxin_root_2h_lewis",1,"IAA","Auxin (IAA 1uM)",1
"PIN4","treat_2_auxin_root_2h_lewis",0.430464889306286,"treat",144960.52331451,22590,"auxin_root_2h_lewis","treat","root","2h","lewis","Auxin","treat","auxin_root_2h_lewis",1,"IAA","Auxin (IAA 1uM)",1
"PIN4","treat_3_auxin_root_2h_lewis",0.423392767264279,"treat",144883.688098146,22590,"auxin_root_2h_lewis","treat","root","2h","lewis","Auxin","treat","auxin_root_2h_lewis",1,"IAA","Auxin (IAA 1uM)",1
"PIN4","control_1_auxin_root_4h_lewis",0.433668823636903,"control",144848.651448325,22590,"auxin_root_4h_lewis","control","root","4h","lewis","Control","control","auxin_root_4h_lewis",1,"IAA","Auxin (IAA 1uM)",0
"PIN4","control_2_auxin_root_4h_lewis",0.419569259952834,"control",144826.343414401,22590,"auxin_root_4h_lewis","control","root","4h","lewis","Control","control","auxin_root_4h_lewis",1,"IAA","Auxin (IAA 1uM)",0
"PIN4","control_3_auxin_root_4h_lewis",0.450261318303963,"control",144812.395935967,22590,"auxin_root_4h_lewis","control","root","4h","lewis","Control","control","auxin_root_4h_lewis",1,"IAA","Auxin (IAA 1uM)",0
"PIN4","treat_1_auxin_root_4h_lewis",0.406786597212791,"treat",144886.920727317,22590,"auxin_root_4h_lewis","treat","root","4h","lewis","Auxin","treat","auxin_root_4h_lewis",1,"IAA","Auxin (IAA 1uM)",1
"PIN4","treat_2_auxin_root_4h_lewis",0.403139373102269,"treat",144894.144383529,22590,"auxin_root_4h_lewis","treat","root","4h","lewis","Auxin","treat","auxin_root_4h_lewis",1,"IAA","Auxin (IAA 1uM)",1
"PIN4","treat_3_auxin_root_4h_lewis",0.416662952000647,"treat",144862.849666918,22590,"auxin_root_4h_lewis","treat","root","4h","lewis","Auxin","treat","auxin_root_4h_lewis",1,"IAA","Auxin (IAA 1uM)",1
"PIN4","control_1_auxin_root_8h_lewis",0.437458401052949,"control",144812.499230489,22590,"auxin_root_8h_lewis","control","root","8h","lewis","Control","control","auxin_root_8h_lewis",1,"IAA","Auxin (IAA 1uM)",0
"PIN4","control_2_auxin_root_8h_lewis",0.415055040755287,"control",144823.513422043,22590,"auxin_root_8h_lewis","control","root","8h","lewis","Control","control","auxin_root_8h_lewis",1,"IAA","Auxin (IAA 1uM)",0
"PIN4","control_3_auxin_root_8h_lewis",0.452027779798262,"control",144744.097409198,22590,"auxin_root_8h_lewis","control","root","8h","lewis","Control","control","auxin_root_8h_lewis",1,"IAA","Auxin (IAA 1uM)",0
"PIN4","treat_1_auxin_root_8h_lewis",0.408151202994209,"treat",144950.172806519,22590,"auxin_root_8h_lewis","treat","root","8h","lewis","Auxin","treat","auxin_root_8h_lewis",1,"IAA","Auxin (IAA 1uM)",1
"PIN4","treat_2_auxin_root_8h_lewis",0.413495335012931,"treat",144916.250531644,22590,"auxin_root_8h_lewis","treat","root","8h","lewis","Auxin","treat","auxin_root_8h_lewis",1,"IAA","Auxin (IAA 1uM)",1
"PIN4","treat_3_auxin_root_8h_lewis",0.409631746385999,"treat",144868.756145071,22590,"auxin_root_8h_lewis","treat","root","8h","lewis","Auxin","treat","auxin_root_8h_lewis",1,"IAA","Auxin (IAA 1uM)",1
"PIN4","control_1_auxin_seedling_2h_okushima",0.423296772446049,"control",144850.414454846,22590,"auxin_seedling_2h_okushima","control","seedling","2h","okushima","Control","control","auxin_seedling_2h_okushima",5,"IAA","Auxin (IAA 5uM)",0
"PIN4","control_2_auxin_seedling_2h_okushima",0.392128644504486,"control",144852.755342067,22590,"auxin_seedling_2h_okushima","control","seedling","2h","okushima","Control","control","auxin_seedling_2h_okushima",5,"IAA","Auxin (IAA 5uM)",0
"PIN4","control_3_auxin_seedling_2h_okushima",0.422549503886671,"control",145027.418420535,22590,"auxin_seedling_2h_okushima","control","seedling","2h","okushima","Control","control","auxin_seedling_2h_okushima",5,"IAA","Auxin (IAA 5uM)",0
"PIN4","treat_1_auxin_seedling_2h_okushima",0.42977234451689,"treat",144752.38393162,22590,"auxin_seedling_2h_okushima","treat","seedling","2h","okushima","Auxin","treat","auxin_seedling_2h_okushima",5,"IAA","Auxin (IAA 5uM)",5
"PIN4","treat_2_auxin_seedling_2h_okushima",0.433765693904939,"treat",144785.81138481,22590,"auxin_seedling_2h_okushima","treat","seedling","2h","okushima","Auxin","treat","auxin_seedling_2h_okushima",5,"IAA","Auxin (IAA 5uM)",5
"PIN4","treat_3_auxin_seedling_2h_okushima",0.449055119189281,"treat",144786.604613882,22590,"auxin_seedling_2h_okushima","treat","seedling","2h","okushima","Auxin","treat","auxin_seedling_2h_okushima",5,"IAA","Auxin (IAA 5uM)",5
"PIN4","control_1_auxin_leaves_72h_romero-puertas",0.41431904245188,"control",144834.927944919,22590,"auxin_leaves_72h_romero-puertas","control","leaves","72h","romero-puertas","Control","control","auxin_leaves_72h_romero-puertas",10,"NAA","Auxin (NAA 10uM)",0
"PIN4","control_2_auxin_leaves_72h_romero-puertas",0.406875016847144,"control",144820.13560876,22590,"auxin_leaves_72h_romero-puertas","control","leaves","72h","romero-puertas","Control","control","auxin_leaves_72h_romero-puertas",10,"NAA","Auxin (NAA 10uM)",0
"PIN4","control_3_auxin_leaves_72h_romero-puertas",0.44292627668593,"control",144795.749595683,22590,"auxin_leaves_72h_romero-puertas","control","leaves","72h","romero-puertas","Control","control","auxin_leaves_72h_romero-puertas",10,"NAA","Auxin (NAA 10uM)",0
"PIN4","treat_1_auxin_leaves_72h_romero-puertas",0.435053362206478,"treat",144904.813770844,22590,"auxin_leaves_72h_romero-puertas","treat","leaves","72h","romero-puertas","Auxin","treat","auxin_leaves_72h_romero-puertas",10,"NAA","Auxin (NAA 10uM)",10
"PIN4","treat_2_auxin_leaves_72h_romero-puertas",0.421901390237405,"treat",144867.605003919,22590,"auxin_leaves_72h_romero-puertas","treat","leaves","72h","romero-puertas","Auxin","treat","auxin_leaves_72h_romero-puertas",10,"NAA","Auxin (NAA 10uM)",10
"PIN4","treat_3_auxin_leaves_72h_romero-puertas",0.426979694900631,"treat",144895.691298338,22590,"auxin_leaves_72h_romero-puertas","treat","leaves","72h","romero-puertas","Auxin","treat","auxin_leaves_72h_romero-puertas",10,"NAA","Auxin (NAA 10uM)",10
"PIN4","control_1_auxin_seedling_3h_shimada",0.420893372517111,"control",144936.148632461,22590,"auxin_seedling_3h_shimada","control","seedling","3h","shimada","Control","control","auxin_seedling_3h_shimada",1,"IAA","Auxin (IAA 1uM)",0
"PIN4","control_2_auxin_seedling_3h_shimada",0.426363200150758,"control",144826.947354206,22590,"auxin_seedling_3h_shimada","control","seedling","3h","shimada","Control","control","auxin_seedling_3h_shimada",1,"IAA","Auxin (IAA 1uM)",0
"PIN4","control_3_auxin_seedling_3h_shimada",0.431293230532798,"control",144820.075522564,22590,"auxin_seedling_3h_shimada","control","seedling","3h","shimada","Control","control","auxin_seedling_3h_shimada",1,"IAA","Auxin (IAA 1uM)",0
"PIN4","treat_1_auxin_seedling_3h_shimada",0.439532216069693,"treat",144885.553254898,22590,"auxin_seedling_3h_shimada","treat","seedling","3h","shimada","Auxin","treat","auxin_seedling_3h_shimada",1,"IAA","Auxin (IAA 1uM)",1
"PIN4","treat_2_auxin_seedling_3h_shimada",0.436654384956833,"treat",144878.829063559,22590,"auxin_seedling_3h_shimada","treat","seedling","3h","shimada","Auxin","treat","auxin_seedling_3h_shimada",1,"IAA","Auxin (IAA 1uM)",1
"PIN4","treat_3_auxin_seedling_3h_shimada",0.392633476814608,"treat",144781.035680359,22590,"auxin_seedling_3h_shimada","treat","seedling","3h","shimada","Auxin","treat","auxin_seedling_3h_shimada",1,"IAA","Auxin (IAA 1uM)",1
"PIN4","control_1_auxin_root_4h_stepanova",0.436555414791413,"control",144745.431466715,22590,"auxin_root_4h_stepanova","control","root","4h","stepanova","Control","control","auxin_root_4h_stepanova",1,"IAA","Auxin (IAA 1uM)",0
"PIN4","control_2_auxin_root_4h_stepanova",0.417949892938914,"control",144900.51460241,22590,"auxin_root_4h_stepanova","control","root","4h","stepanova","Control","control","auxin_root_4h_stepanova",1,"IAA","Auxin (IAA 1uM)",0
"PIN4","treat_1_auxin_root_4h_stepanova",0.422258706738706,"treat",144826.342266078,22590,"auxin_root_4h_stepanova","treat","root","4h","stepanova","Auxin","treat","auxin_root_4h_stepanova",1,"IAA","Auxin (IAA 1uM)",1
"PIN4","treat_2_auxin_root_4h_stepanova",0.419073424512705,"treat",144796.225628749,22590,"auxin_root_4h_stepanova","treat","root","4h","stepanova","Auxin","treat","auxin_root_4h_stepanova",1,"IAA","Auxin (IAA 1uM)",1
"PIN4","control_1_auxin_root_2h_vanneste",0.411399850464266,"control",144966.939261077,22590,"auxin_root_2h_vanneste","control","root","2h","vanneste","Control","control","auxin_root_2h_vanneste",10,"IAA","Auxin (IAA 10uM)",0
"PIN4","control_2_auxin_root_2h_vanneste",0.406824461563163,"control",144922.474082519,22590,"auxin_root_2h_vanneste","control","root","2h","vanneste","Control","control","auxin_root_2h_vanneste",10,"IAA","Auxin (IAA 10uM)",0
"PIN4","treat_1_auxin_root_2h_vanneste",0.427565160686768,"treat",144706.519274053,22590,"auxin_root_2h_vanneste","treat","root","2h","vanneste","Auxin","treat","auxin_root_2h_vanneste",10,"IAA","Auxin (IAA 10uM)",10
"PIN4","treat_2_auxin_root_2h_vanneste",0.450541224459557,"treat",144721.611518547,22590,"auxin_root_2h_vanneste","treat","root","2h","vanneste","Auxin","treat","auxin_root_2h_vanneste",10,"IAA","Auxin (IAA 10uM)",10
"PIN4","control_1_auxin_root_6h_vanneste",0.425308537508312,"control",145026.156491784,22590,"auxin_root_6h_vanneste","control","root","6h","vanneste","Control","control","auxin_root_6h_vanneste",10,"IAA","Auxin (IAA 10uM)",0
"PIN4","control_2_auxin_root_6h_vanneste",0.422199897972861,"control",145031.752703641,22590,"auxin_root_6h_vanneste","control","root","6h","vanneste","Control","control","auxin_root_6h_vanneste",10,"IAA","Auxin (IAA 10uM)",0
"PIN4","treat_1_auxin_root_6h_vanneste",0.425156949996232,"treat",144524.822905649,22590,"auxin_root_6h_vanneste","treat","root","6h","vanneste","Auxin","treat","auxin_root_6h_vanneste",10,"IAA","Auxin (IAA 10uM)",10
"PIN4","treat_2_auxin_root_6h_vanneste",0.423715741973953,"treat",144628.818837339,22590,"auxin_root_6h_vanneste","treat","root","6h","vanneste","Auxin","treat","auxin_root_6h_vanneste",10,"IAA","Auxin (IAA 10uM)",10
"PIN4","control_1_auxin_root-apex_6h_xuan",0.419710492671425,"control",144924.81239729,22590,"auxin_root-apex_6h_xuan","control","root-apex","6h","xuan","Control","control","auxin_root-apex_6h_xuan",10,"IBA","Auxin (IBA 10uM)",0
"PIN4","control_2_auxin_root-apex_6h_xuan",0.425990938226337,"control",144926.036288684,22590,"auxin_root-apex_6h_xuan","control","root-apex","6h","xuan","Control","control","auxin_root-apex_6h_xuan",10,"IBA","Auxin (IBA 10uM)",0
"PIN4","control_3_auxin_root-apex_6h_xuan",0.417078893987966,"control",144906.327627783,22590,"auxin_root-apex_6h_xuan","control","root-apex","6h","xuan","Control","control","auxin_root-apex_6h_xuan",10,"IBA","Auxin (IBA 10uM)",0
"PIN4","treat_1_auxin_root-apex_6h_xuan",0.436526847654947,"treat",144725.564784712,22590,"auxin_root-apex_6h_xuan","treat","root-apex","6h","xuan","Auxin","treat","auxin_root-apex_6h_xuan",10,"IBA","Auxin (IBA 10uM)",10
"PIN4","treat_2_auxin_root-apex_6h_xuan",0.420008932498299,"treat",144714.319614003,22590,"auxin_root-apex_6h_xuan","treat","root-apex","6h","xuan","Auxin","treat","auxin_root-apex_6h_xuan",10,"IBA","Auxin (IBA 10uM)",10
"PIN4","treat_3_auxin_root-apex_6h_xuan",0.428473222808403,"treat",144602.097876745,22590,"auxin_root-apex_6h_xuan","treat","root-apex","6h","xuan","Auxin","treat","auxin_root-apex_6h_xuan",10,"IBA","Auxin (IBA 10uM)",10
"PIN5","control_1_auxin_root_2h_bargmann",0.28583147083673,"control",144895.456982637,22590,"auxin_root_2h_bargmann","control","root","2h","bargmann","Control","control","auxin_root_2h_bargmann",5,"IAA","Auxin (IAA 5uM)",0
"PIN5","control_2_auxin_root_2h_bargmann",0.27630652219961,"control",144906.492295472,22590,"auxin_root_2h_bargmann","control","root","2h","bargmann","Control","control","auxin_root_2h_bargmann",5,"IAA","Auxin (IAA 5uM)",0
"PIN5","control_3_auxin_root_2h_bargmann",0.287382550035615,"control",144895.237265024,22590,"auxin_root_2h_bargmann","control","root","2h","bargmann","Control","control","auxin_root_2h_bargmann",5,"IAA","Auxin (IAA 5uM)",0
"PIN5","treat_1_auxin_root_2h_bargmann",0.274059552803383,"treat",144778.309908173,22590,"auxin_root_2h_bargmann","treat","root","2h","bargmann","Auxin","treat","auxin_root_2h_bargmann",5,"IAA","Auxin (IAA 5uM)",5
"PIN5","treat_2_auxin_root_2h_bargmann",0.294242369734028,"treat",144798.478522725,22590,"auxin_root_2h_bargmann","treat","root","2h","bargmann","Auxin","treat","auxin_root_2h_bargmann",5,"IAA","Auxin (IAA 5uM)",5
"PIN5","treat_3_auxin_root_2h_bargmann",0.278295612492039,"treat",144783.950884411,22590,"auxin_root_2h_bargmann","treat","root","2h","bargmann","Auxin","treat","auxin_root_2h_bargmann",5,"IAA","Auxin (IAA 5uM)",5
"PIN5","control_1_auxin_seedling_05h_delker",0.284401393868568,"control",145057.545347346,22590,"auxin_seedling_05h_delker","control","seedling","05h","delker","Control","control","auxin_seedling_05h_delker",1,"IAA","Auxin (IAA 1uM)",0
"PIN5","control_2_auxin_seedling_05h_delker",0.269759923930382,"control",145115.53412366,22590,"auxin_seedling_05h_delker","control","seedling","05h","delker","Control","control","auxin_seedling_05h_delker",1,"IAA","Auxin (IAA 1uM)",0
"PIN5","control_3_auxin_seedling_05h_delker",0.298037744787628,"control",145037.247498294,22590,"auxin_seedling_05h_delker","control","seedling","05h","delker","Control","control","auxin_seedling_05h_delker",1,"IAA","Auxin (IAA 1uM)",0
"PIN5","treat_1_auxin_seedling_05h_delker",0.288305576890895,"treat",144609.97329443,22590,"auxin_seedling_05h_delker","treat","seedling","05h","delker","Auxin","treat","auxin_seedling_05h_delker",1,"IAA","Auxin (IAA 1uM)",1
"PIN5","treat_2_auxin_seedling_05h_delker",0.281235857727421,"treat",144640.316191634,22590,"auxin_seedling_05h_delker","treat","seedling","05h","delker","Auxin","treat","auxin_seedling_05h_delker",1,"IAA","Auxin (IAA 1uM)",1
"PIN5","treat_3_auxin_seedling_05h_delker",0.275582526642788,"treat",144664.523047894,22590,"auxin_seedling_05h_delker","treat","seedling","05h","delker","Auxin","treat","auxin_seedling_05h_delker",1,"IAA","Auxin (IAA 1uM)",1
"PIN5","control_1_auxin_seedling_1h_delker",0.28501199926174,"control",145044.607860462,22590,"auxin_seedling_1h_delker","control","seedling","1h","delker","Control","control","auxin_seedling_1h_delker",1,"IAA","Auxin (IAA 1uM)",0
"PIN5","control_2_auxin_seedling_1h_delker",0.26895784494274,"control",145097.717137737,22590,"auxin_seedling_1h_delker","control","seedling","1h","delker","Control","control","auxin_seedling_1h_delker",1,"IAA","Auxin (IAA 1uM)",0
"PIN5","control_3_auxin_seedling_1h_delker",0.283128228879718,"control",145000.655695384,22590,"auxin_seedling_1h_delker","control","seedling","1h","delker","Control","control","auxin_seedling_1h_delker",1,"IAA","Auxin (IAA 1uM)",0
"PIN5","treat_1_auxin_seedling_1h_delker",0.295019255681822,"treat",144632.469447688,22590,"auxin_seedling_1h_delker","treat","seedling","1h","delker","Auxin","treat","auxin_seedling_1h_delker",1,"IAA","Auxin (IAA 1uM)",1
"PIN5","treat_2_auxin_seedling_1h_delker",0.27915641414319,"treat",144651.844241064,22590,"auxin_seedling_1h_delker","treat","seedling","1h","delker","Auxin","treat","auxin_seedling_1h_delker",1,"IAA","Auxin (IAA 1uM)",1
"PIN5","treat_3_auxin_seedling_1h_delker",0.285923255974297,"treat",144709.388995078,22590,"auxin_seedling_1h_delker","treat","seedling","1h","delker","Auxin","treat","auxin_seedling_1h_delker",1,"IAA","Auxin (IAA 1uM)",1
"PIN5","control_1_auxin_seedling_3h_delker",0.292937747371808,"control",144932.688979116,22590,"auxin_seedling_3h_delker","control","seedling","3h","delker","Control","control","auxin_seedling_3h_delker",1,"IAA","Auxin (IAA 1uM)",0
"PIN5","control_2_auxin_seedling_3h_delker",0.283926259113834,"control",145003.07482206,22590,"auxin_seedling_3h_delker","control","seedling","3h","delker","Control","control","auxin_seedling_3h_delker",1,"IAA","Auxin (IAA 1uM)",0
"PIN5","control_3_auxin_seedling_3h_delker",0.302233637803152,"control",144890.327919777,22590,"auxin_seedling_3h_delker","control","seedling","3h","delker","Control","control","auxin_seedling_3h_delker",1,"IAA","Auxin (IAA 1uM)",0
"PIN5","treat_1_auxin_seedling_3h_delker",0.259404729550172,"treat",144833.185810935,22590,"auxin_seedling_3h_delker","treat","seedling","3h","delker","Auxin","treat","auxin_seedling_3h_delker",1,"IAA","Auxin (IAA 1uM)",1
"PIN5","treat_2_auxin_seedling_3h_delker",0.281870972864883,"treat",144792.738319514,22590,"auxin_seedling_3h_delker","treat","seedling","3h","delker","Auxin","treat","auxin_seedling_3h_delker",1,"IAA","Auxin (IAA 1uM)",1
"PIN5","treat_3_auxin_seedling_3h_delker",0.274432376863122,"treat",144725.803267843,22590,"auxin_seedling_3h_delker","treat","seedling","3h","delker","Auxin","treat","auxin_seedling_3h_delker",1,"IAA","Auxin (IAA 1uM)",1
"PIN5","control_1_auxin_root_2h_derybel",0.303848593623634,"control",144891.502301021,22590,"auxin_root_2h_derybel","control","root","2h","derybel","Control","control","auxin_root_2h_derybel",10,"NAA","Auxin (NAA 10uM)",0
"PIN5","control_2_auxin_root_2h_derybel",0.294294423073582,"control",144833.260795673,22590,"auxin_root_2h_derybel","control","root","2h","derybel","Control","control","auxin_root_2h_derybel",10,"NAA","Auxin (NAA 10uM)",0
"PIN5","control_3_auxin_root_2h_derybel",0.288303520628112,"control",144891.611277383,22590,"auxin_root_2h_derybel","control","root","2h","derybel","Control","control","auxin_root_2h_derybel",10,"NAA","Auxin (NAA 10uM)",0
"PIN5","treat_1_auxin_root_2h_derybel",0.266626601471829,"treat",144786.255170148,22590,"auxin_root_2h_derybel","treat","root","2h","derybel","Auxin","treat","auxin_root_2h_derybel",10,"NAA","Auxin (NAA 10uM)",10
"PIN5","treat_2_auxin_root_2h_derybel",0.267795868935445,"treat",144798.429879037,22590,"auxin_root_2h_derybel","treat","root","2h","derybel","Auxin","treat","auxin_root_2h_derybel",10,"NAA","Auxin (NAA 10uM)",10
"PIN5","treat_3_auxin_root_2h_derybel",0.271408721115678,"treat",144927.167174773,22590,"auxin_root_2h_derybel","treat","root","2h","derybel","Auxin","treat","auxin_root_2h_derybel",10,"NAA","Auxin (NAA 10uM)",10
"PIN5","control_1_auxin_root_6h_derybel",0.299546468977244,"control",145006.656817472,22590,"auxin_root_6h_derybel","control","root","6h","derybel","Control","control","auxin_root_6h_derybel",10,"NAA","Auxin (NAA 10uM)",0
"PIN5","control_2_auxin_root_6h_derybel",0.288011567832482,"control",145073.439178668,22590,"auxin_root_6h_derybel","control","root","6h","derybel","Control","control","auxin_root_6h_derybel",10,"NAA","Auxin (NAA 10uM)",0
"PIN5","control_3_auxin_root_6h_derybel",0.28163248938884,"control",144948.250796977,22590,"auxin_root_6h_derybel","control","root","6h","derybel","Control","control","auxin_root_6h_derybel",10,"NAA","Auxin (NAA 10uM)",0
"PIN5","treat_1_auxin_root_6h_derybel",0.276449140341767,"treat",144700.489295898,22590,"auxin_root_6h_derybel","treat","root","6h","derybel","Auxin","treat","auxin_root_6h_derybel",10,"NAA","Auxin (NAA 10uM)",10
"PIN5","treat_2_auxin_root_6h_derybel",0.282026559768646,"treat",144650.40590281,22590,"auxin_root_6h_derybel","treat","root","6h","derybel","Auxin","treat","auxin_root_6h_derybel",10,"NAA","Auxin (NAA 10uM)",10
"PIN5","treat_3_auxin_root_6h_derybel",0.269204275570947,"treat",144669.598889119,22590,"auxin_root_6h_derybel","treat","root","6h","derybel","Auxin","treat","auxin_root_6h_derybel",10,"NAA","Auxin (NAA 10uM)",10
"PIN5","control_1_auxin_root_05h_lewis",0.299394151452662,"control",144993.986007535,22590,"auxin_root_05h_lewis","control","root","05h","lewis","Control","control","auxin_root_05h_lewis",1,"IAA","Auxin (IAA 1uM)",0
"PIN5","control_2_auxin_root_05h_lewis",0.293866349184793,"control",144834.255957278,22590,"auxin_root_05h_lewis","control","root","05h","lewis","Control","control","auxin_root_05h_lewis",1,"IAA","Auxin (IAA 1uM)",0
"PIN5","control_3_auxin_root_05h_lewis",0.291076685098845,"control",144934.867380418,22590,"auxin_root_05h_lewis","control","root","05h","lewis","Control","control","auxin_root_05h_lewis",1,"IAA","Auxin (IAA 1uM)",0
"PIN5","treat_1_auxin_root_05h_lewis",0.268234387345664,"treat",144795.955426744,22590,"auxin_root_05h_lewis","treat","root","05h","lewis","Auxin","treat","auxin_root_05h_lewis",1,"IAA","Auxin (IAA 1uM)",1
"PIN5","treat_2_auxin_root_05h_lewis",0.274891791456793,"treat",144813.037062305,22590,"auxin_root_05h_lewis","treat","root","05h","lewis","Auxin","treat","auxin_root_05h_lewis",1,"IAA","Auxin (IAA 1uM)",1
"PIN5","treat_3_auxin_root_05h_lewis",0.279696078551404,"treat",144760.950269369,22590,"auxin_root_05h_lewis","treat","root","05h","lewis","Auxin","treat","auxin_root_05h_lewis",1,"IAA","Auxin (IAA 1uM)",1
"PIN5","control_1_auxin_root_12h_lewis",0.289141172744733,"control",144937.107269202,22590,"auxin_root_12h_lewis","control","root","12h","lewis","Control","control","auxin_root_12h_lewis",1,"IAA","Auxin (IAA 1uM)",0
"PIN5","control_2_auxin_root_12h_lewis",0.282851841225871,"control",144747.181135968,22590,"auxin_root_12h_lewis","control","root","12h","lewis","Control","control","auxin_root_12h_lewis",1,"IAA","Auxin (IAA 1uM)",0
"PIN5","control_3_auxin_root_12h_lewis",0.304428064269215,"control",144896.880393328,22590,"auxin_root_12h_lewis","control","root","12h","lewis","Control","control","auxin_root_12h_lewis",1,"IAA","Auxin (IAA 1uM)",0
"PIN5","treat_1_auxin_root_12h_lewis",0.280181026868555,"treat",144898.768413632,22590,"auxin_root_12h_lewis","treat","root","12h","lewis","Auxin","treat","auxin_root_12h_lewis",1,"IAA","Auxin (IAA 1uM)",1
"PIN5","treat_2_auxin_root_12h_lewis",0.287160668775507,"treat",144856.381492436,22590,"auxin_root_12h_lewis","treat","root","12h","lewis","Auxin","treat","auxin_root_12h_lewis",1,"IAA","Auxin (IAA 1uM)",1
"PIN5","treat_3_auxin_root_12h_lewis",0.266013144375872,"treat",144831.695854087,22590,"auxin_root_12h_lewis","treat","root","12h","lewis","Auxin","treat","auxin_root_12h_lewis",1,"IAA","Auxin (IAA 1uM)",1
"PIN5","control_1_auxin_root_1h_lewis",0.286022188576516,"control",144865.138523716,22590,"auxin_root_1h_lewis","control","root","1h","lewis","Control","control","auxin_root_1h_lewis",1,"IAA","Auxin (IAA 1uM)",0
"PIN5","control_2_auxin_root_1h_lewis",0.288279768363046,"control",144866.692878786,22590,"auxin_root_1h_lewis","control","root","1h","lewis","Control","control","auxin_root_1h_lewis",1,"IAA","Auxin (IAA 1uM)",0
"PIN5","control_3_auxin_root_1h_lewis",0.298203634768737,"control",144866.668191885,22590,"auxin_root_1h_lewis","control","root","1h","lewis","Control","control","auxin_root_1h_lewis",1,"IAA","Auxin (IAA 1uM)",0
"PIN5","treat_1_auxin_root_1h_lewis",0.283365752401554,"treat",144901.609678118,22590,"auxin_root_1h_lewis","treat","root","1h","lewis","Auxin","treat","auxin_root_1h_lewis",1,"IAA","Auxin (IAA 1uM)",1
"PIN5","treat_2_auxin_root_1h_lewis",0.28950175767987,"treat",144897.780935278,22590,"auxin_root_1h_lewis","treat","root","1h","lewis","Auxin","treat","auxin_root_1h_lewis",1,"IAA","Auxin (IAA 1uM)",1
"PIN5","treat_3_auxin_root_1h_lewis",0.261424012550945,"treat",144836.604840951,22590,"auxin_root_1h_lewis","treat","root","1h","lewis","Auxin","treat","auxin_root_1h_lewis",1,"IAA","Auxin (IAA 1uM)",1
"PIN5","control_1_auxin_root_24h_lewis",0.303193683024764,"control",144932.489080945,22590,"auxin_root_24h_lewis","control","root","24h","lewis","Control","control","auxin_root_24h_lewis",1,"IAA","Auxin (IAA 1uM)",0
"PIN5","control_2_auxin_root_24h_lewis",0.298942598239033,"control",144808.73497657,22590,"auxin_root_24h_lewis","control","root","24h","lewis","Control","control","auxin_root_24h_lewis",1,"IAA","Auxin (IAA 1uM)",0
"PIN5","control_3_auxin_root_24h_lewis",0.293786632479843,"control",144921.340258979,22590,"auxin_root_24h_lewis","control","root","24h","lewis","Control","control","auxin_root_24h_lewis",1,"IAA","Auxin (IAA 1uM)",0
"PIN5","treat_1_auxin_root_24h_lewis",0.279756138588551,"treat",144917.793032522,22590,"auxin_root_24h_lewis","treat","root","24h","lewis","Auxin","treat","auxin_root_24h_lewis",1,"IAA","Auxin (IAA 1uM)",1
"PIN5","treat_2_auxin_root_24h_lewis",0.27208668133087,"treat",144802.538469348,22590,"auxin_root_24h_lewis","treat","root","24h","lewis","Auxin","treat","auxin_root_24h_lewis",1,"IAA","Auxin (IAA 1uM)",1
"PIN5","treat_3_auxin_root_24h_lewis",0.272266016069798,"treat",144875.202963885,22590,"auxin_root_24h_lewis","treat","root","24h","lewis","Auxin","treat","auxin_root_24h_lewis",1,"IAA","Auxin (IAA 1uM)",1
"PIN5","control_1_auxin_root_2h_lewis",0.30253933331461,"control",144905.159803495,22590,"auxin_root_2h_lewis","control","root","2h","lewis","Control","control","auxin_root_2h_lewis",1,"IAA","Auxin (IAA 1uM)",0
"PIN5","control_2_auxin_root_2h_lewis",0.290647298144897,"control",144845.655514571,22590,"auxin_root_2h_lewis","control","root","2h","lewis","Control","control","auxin_root_2h_lewis",1,"IAA","Auxin (IAA 1uM)",0
"PIN5","control_3_auxin_root_2h_lewis",0.293863619297671,"control",144718.580595369,22590,"auxin_root_2h_lewis","control","root","2h","lewis","Control","control","auxin_root_2h_lewis",1,"IAA","Auxin (IAA 1uM)",0
"PIN5","treat_1_auxin_root_2h_lewis",0.261882233366491,"treat",144940.700015881,22590,"auxin_root_2h_lewis","treat","root","2h","lewis","Auxin","treat","auxin_root_2h_lewis",1,"IAA","Auxin (IAA 1uM)",1
"PIN5","treat_2_auxin_root_2h_lewis",0.270572044363003,"treat",144960.52331451,22590,"auxin_root_2h_lewis","treat","root","2h","lewis","Auxin","treat","auxin_root_2h_lewis",1,"IAA","Auxin (IAA 1uM)",1
"PIN5","treat_3_auxin_root_2h_lewis",0.279859790143719,"treat",144883.688098146,22590,"auxin_root_2h_lewis","treat","root","2h","lewis","Auxin","treat","auxin_root_2h_lewis",1,"IAA","Auxin (IAA 1uM)",1
"PIN5","control_1_auxin_root_4h_lewis",0.291226355530435,"control",144848.651448325,22590,"auxin_root_4h_lewis","control","root","4h","lewis","Control","control","auxin_root_4h_lewis",1,"IAA","Auxin (IAA 1uM)",0
"PIN5","control_2_auxin_root_4h_lewis",0.306943125840218,"control",144826.343414401,22590,"auxin_root_4h_lewis","control","root","4h","lewis","Control","control","auxin_root_4h_lewis",1,"IAA","Auxin (IAA 1uM)",0
"PIN5","control_3_auxin_root_4h_lewis",0.288402866351378,"control",144812.395935967,22590,"auxin_root_4h_lewis","control","root","4h","lewis","Control","control","auxin_root_4h_lewis",1,"IAA","Auxin (IAA 1uM)",0
"PIN5","treat_1_auxin_root_4h_lewis",0.275727940027413,"treat",144886.920727317,22590,"auxin_root_4h_lewis","treat","root","4h","lewis","Auxin","treat","auxin_root_4h_lewis",1,"IAA","Auxin (IAA 1uM)",1
"PIN5","treat_2_auxin_root_4h_lewis",0.27135348013505,"treat",144894.144383529,22590,"auxin_root_4h_lewis","treat","root","4h","lewis","Auxin","treat","auxin_root_4h_lewis",1,"IAA","Auxin (IAA 1uM)",1
"PIN5","treat_3_auxin_root_4h_lewis",0.266152253190257,"treat",144862.849666918,22590,"auxin_root_4h_lewis","treat","root","4h","lewis","Auxin","treat","auxin_root_4h_lewis",1,"IAA","Auxin (IAA 1uM)",1
"PIN5","control_1_auxin_root_8h_lewis",0.300618119051841,"control",144812.499230489,22590,"auxin_root_8h_lewis","control","root","8h","lewis","Control","control","auxin_root_8h_lewis",1,"IAA","Auxin (IAA 1uM)",0
"PIN5","control_2_auxin_root_8h_lewis",0.296699645434054,"control",144823.513422043,22590,"auxin_root_8h_lewis","control","root","8h","lewis","Control","control","auxin_root_8h_lewis",1,"IAA","Auxin (IAA 1uM)",0
"PIN5","control_3_auxin_root_8h_lewis",0.300942603985238,"control",144744.097409198,22590,"auxin_root_8h_lewis","control","root","8h","lewis","Control","control","auxin_root_8h_lewis",1,"IAA","Auxin (IAA 1uM)",0
"PIN5","treat_1_auxin_root_8h_lewis",0.271166333501151,"treat",144950.172806519,22590,"auxin_root_8h_lewis","treat","root","8h","lewis","Auxin","treat","auxin_root_8h_lewis",1,"IAA","Auxin (IAA 1uM)",1
"PIN5","treat_2_auxin_root_8h_lewis",0.269733408700038,"treat",144916.250531644,22590,"auxin_root_8h_lewis","treat","root","8h","lewis","Auxin","treat","auxin_root_8h_lewis",1,"IAA","Auxin (IAA 1uM)",1
"PIN5","treat_3_auxin_root_8h_lewis",0.266104660376575,"treat",144868.756145071,22590,"auxin_root_8h_lewis","treat","root","8h","lewis","Auxin","treat","auxin_root_8h_lewis",1,"IAA","Auxin (IAA 1uM)",1
"PIN5","control_1_auxin_seedling_2h_okushima",0.279788422776898,"control",144850.414454846,22590,"auxin_seedling_2h_okushima","control","seedling","2h","okushima","Control","control","auxin_seedling_2h_okushima",5,"IAA","Auxin (IAA 5uM)",0
"PIN5","control_2_auxin_seedling_2h_okushima",0.288374896592066,"control",144852.755342067,22590,"auxin_seedling_2h_okushima","control","seedling","2h","okushima","Control","control","auxin_seedling_2h_okushima",5,"IAA","Auxin (IAA 5uM)",0
"PIN5","control_3_auxin_seedling_2h_okushima",0.279607412794355,"control",145027.418420535,22590,"auxin_seedling_2h_okushima","control","seedling","2h","okushima","Control","control","auxin_seedling_2h_okushima",5,"IAA","Auxin (IAA 5uM)",0
"PIN5","treat_1_auxin_seedling_2h_okushima",0.287088685694622,"treat",144752.38393162,22590,"auxin_seedling_2h_okushima","treat","seedling","2h","okushima","Auxin","treat","auxin_seedling_2h_okushima",5,"IAA","Auxin (IAA 5uM)",5
"PIN5","treat_2_auxin_seedling_2h_okushima",0.287357025279037,"treat",144785.81138481,22590,"auxin_seedling_2h_okushima","treat","seedling","2h","okushima","Auxin","treat","auxin_seedling_2h_okushima",5,"IAA","Auxin (IAA 5uM)",5
"PIN5","treat_3_auxin_seedling_2h_okushima",0.272364004393744,"treat",144786.604613882,22590,"auxin_seedling_2h_okushima","treat","seedling","2h","okushima","Auxin","treat","auxin_seedling_2h_okushima",5,"IAA","Auxin (IAA 5uM)",5
"PIN5","control_1_auxin_leaves_72h_romero-puertas",0.291216236378741,"control",144834.927944919,22590,"auxin_leaves_72h_romero-puertas","control","leaves","72h","romero-puertas","Control","control","auxin_leaves_72h_romero-puertas",10,"NAA","Auxin (NAA 10uM)",0
"PIN5","control_2_auxin_leaves_72h_romero-puertas",0.283032612367602,"control",144820.13560876,22590,"auxin_leaves_72h_romero-puertas","control","leaves","72h","romero-puertas","Control","control","auxin_leaves_72h_romero-puertas",10,"NAA","Auxin (NAA 10uM)",0
"PIN5","control_3_auxin_leaves_72h_romero-puertas",0.270874505969016,"control",144795.749595683,22590,"auxin_leaves_72h_romero-puertas","control","leaves","72h","romero-puertas","Control","control","auxin_leaves_72h_romero-puertas",10,"NAA","Auxin (NAA 10uM)",0
"PIN5","treat_1_auxin_leaves_72h_romero-puertas",0.290170311154818,"treat",144904.813770844,22590,"auxin_leaves_72h_romero-puertas","treat","leaves","72h","romero-puertas","Auxin","treat","auxin_leaves_72h_romero-puertas",10,"NAA","Auxin (NAA 10uM)",10
"PIN5","treat_2_auxin_leaves_72h_romero-puertas",0.277559764153376,"treat",144867.605003919,22590,"auxin_leaves_72h_romero-puertas","treat","leaves","72h","romero-puertas","Auxin","treat","auxin_leaves_72h_romero-puertas",10,"NAA","Auxin (NAA 10uM)",10
"PIN5","treat_3_auxin_leaves_72h_romero-puertas",0.285197350073236,"treat",144895.691298338,22590,"auxin_leaves_72h_romero-puertas","treat","leaves","72h","romero-puertas","Auxin","treat","auxin_leaves_72h_romero-puertas",10,"NAA","Auxin (NAA 10uM)",10
"PIN5","control_1_auxin_seedling_3h_shimada",0.296573164991859,"control",144936.148632461,22590,"auxin_seedling_3h_shimada","control","seedling","3h","shimada","Control","control","auxin_seedling_3h_shimada",1,"IAA","Auxin (IAA 1uM)",0
"PIN5","control_2_auxin_seedling_3h_shimada",0.28087277976619,"control",144826.947354206,22590,"auxin_seedling_3h_shimada","control","seedling","3h","shimada","Control","control","auxin_seedling_3h_shimada",1,"IAA","Auxin (IAA 1uM)",0
"PIN5","control_3_auxin_seedling_3h_shimada",0.290753962860037,"control",144820.075522564,22590,"auxin_seedling_3h_shimada","control","seedling","3h","shimada","Control","control","auxin_seedling_3h_shimada",1,"IAA","Auxin (IAA 1uM)",0
"PIN5","treat_1_auxin_seedling_3h_shimada",0.268799602928049,"treat",144885.553254898,22590,"auxin_seedling_3h_shimada","treat","seedling","3h","shimada","Auxin","treat","auxin_seedling_3h_shimada",1,"IAA","Auxin (IAA 1uM)",1
"PIN5","treat_2_auxin_seedling_3h_shimada",0.269179949385284,"treat",144878.829063559,22590,"auxin_seedling_3h_shimada","treat","seedling","3h","shimada","Auxin","treat","auxin_seedling_3h_shimada",1,"IAA","Auxin (IAA 1uM)",1
"PIN5","treat_3_auxin_seedling_3h_shimada",0.294325455996343,"treat",144781.035680359,22590,"auxin_seedling_3h_shimada","treat","seedling","3h","shimada","Auxin","treat","auxin_seedling_3h_shimada",1,"IAA","Auxin (IAA 1uM)",1
"PIN5","control_1_auxin_root_4h_stepanova",0.287756476851672,"control",144745.431466715,22590,"auxin_root_4h_stepanova","control","root","4h","stepanova","Control","control","auxin_root_4h_stepanova",1,"IAA","Auxin (IAA 1uM)",0
"PIN5","control_2_auxin_root_4h_stepanova",0.273169312322838,"control",144900.51460241,22590,"auxin_root_4h_stepanova","control","root","4h","stepanova","Control","control","auxin_root_4h_stepanova",1,"IAA","Auxin (IAA 1uM)",0
"PIN5","treat_1_auxin_root_4h_stepanova",0.27212099851945,"treat",144826.342266078,22590,"auxin_root_4h_stepanova","treat","root","4h","stepanova","Auxin","treat","auxin_root_4h_stepanova",1,"IAA","Auxin (IAA 1uM)",1
"PIN5","treat_2_auxin_root_4h_stepanova",0.294418107384628,"treat",144796.225628749,22590,"auxin_root_4h_stepanova","treat","root","4h","stepanova","Auxin","treat","auxin_root_4h_stepanova",1,"IAA","Auxin (IAA 1uM)",1
"PIN5","control_1_auxin_root_2h_vanneste",0.269964702190909,"control",144966.939261077,22590,"auxin_root_2h_vanneste","control","root","2h","vanneste","Control","control","auxin_root_2h_vanneste",10,"IAA","Auxin (IAA 10uM)",0
"PIN5","control_2_auxin_root_2h_vanneste",0.305535684985736,"control",144922.474082519,22590,"auxin_root_2h_vanneste","control","root","2h","vanneste","Control","control","auxin_root_2h_vanneste",10,"IAA","Auxin (IAA 10uM)",0
"PIN5","treat_1_auxin_root_2h_vanneste",0.268617050853035,"treat",144706.519274053,22590,"auxin_root_2h_vanneste","treat","root","2h","vanneste","Auxin","treat","auxin_root_2h_vanneste",10,"IAA","Auxin (IAA 10uM)",10
"PIN5","treat_2_auxin_root_2h_vanneste",0.286540187424855,"treat",144721.611518547,22590,"auxin_root_2h_vanneste","treat","root","2h","vanneste","Auxin","treat","auxin_root_2h_vanneste",10,"IAA","Auxin (IAA 10uM)",10
"PIN5","control_1_auxin_root_6h_vanneste",0.270629816163986,"control",145026.156491784,22590,"auxin_root_6h_vanneste","control","root","6h","vanneste","Control","control","auxin_root_6h_vanneste",10,"IAA","Auxin (IAA 10uM)",0
"PIN5","control_2_auxin_root_6h_vanneste",0.29625471585692,"control",145031.752703641,22590,"auxin_root_6h_vanneste","control","root","6h","vanneste","Control","control","auxin_root_6h_vanneste",10,"IAA","Auxin (IAA 10uM)",0
"PIN5","treat_1_auxin_root_6h_vanneste",0.273511204434318,"treat",144524.822905649,22590,"auxin_root_6h_vanneste","treat","root","6h","vanneste","Auxin","treat","auxin_root_6h_vanneste",10,"IAA","Auxin (IAA 10uM)",10
"PIN5","treat_2_auxin_root_6h_vanneste",0.290156695794952,"treat",144628.818837339,22590,"auxin_root_6h_vanneste","treat","root","6h","vanneste","Auxin","treat","auxin_root_6h_vanneste",10,"IAA","Auxin (IAA 10uM)",10
"PIN5","control_1_auxin_root-apex_6h_xuan",0.302975761882283,"control",144924.81239729,22590,"auxin_root-apex_6h_xuan","control","root-apex","6h","xuan","Control","control","auxin_root-apex_6h_xuan",10,"IBA","Auxin (IBA 10uM)",0
"PIN5","control_2_auxin_root-apex_6h_xuan",0.274322213178644,"control",144926.036288684,22590,"auxin_root-apex_6h_xuan","control","root-apex","6h","xuan","Control","control","auxin_root-apex_6h_xuan",10,"IBA","Auxin (IBA 10uM)",0
"PIN5","control_3_auxin_root-apex_6h_xuan",0.292834505042156,"control",144906.327627783,22590,"auxin_root-apex_6h_xuan","control","root-apex","6h","xuan","Control","control","auxin_root-apex_6h_xuan",10,"IBA","Auxin (IBA 10uM)",0
"PIN5","treat_1_auxin_root-apex_6h_xuan",0.271725494356191,"treat",144725.564784712,22590,"auxin_root-apex_6h_xuan","treat","root-apex","6h","xuan","Auxin","treat","auxin_root-apex_6h_xuan",10,"IBA","Auxin (IBA 10uM)",10
"PIN5","treat_2_auxin_root-apex_6h_xuan",0.269895825442386,"treat",144714.319614003,22590,"auxin_root-apex_6h_xuan","treat","root-apex","6h","xuan","Auxin","treat","auxin_root-apex_6h_xuan",10,"IBA","Auxin (IBA 10uM)",10
"PIN5","treat_3_auxin_root-apex_6h_xuan",0.282680648874725,"treat",144602.097876745,22590,"auxin_root-apex_6h_xuan","treat","root-apex","6h","xuan","Auxin","treat","auxin_root-apex_6h_xuan",10,"IBA","Auxin (IBA 10uM)",10
"PIN6","control_1_auxin_root_2h_bargmann",0.429254324403955,"control",144895.456982637,22590,"auxin_root_2h_bargmann","control","root","2h","bargmann","Control","control","auxin_root_2h_bargmann",5,"IAA","Auxin (IAA 5uM)",0
"PIN6","control_2_auxin_root_2h_bargmann",0.433881277844548,"control",144906.492295472,22590,"auxin_root_2h_bargmann","control","root","2h","bargmann","Control","control","auxin_root_2h_bargmann",5,"IAA","Auxin (IAA 5uM)",0
"PIN6","control_3_auxin_root_2h_bargmann",0.418304539348663,"control",144895.237265024,22590,"auxin_root_2h_bargmann","control","root","2h","bargmann","Control","control","auxin_root_2h_bargmann",5,"IAA","Auxin (IAA 5uM)",0
"PIN6","treat_1_auxin_root_2h_bargmann",0.420446384642406,"treat",144778.309908173,22590,"auxin_root_2h_bargmann","treat","root","2h","bargmann","Auxin","treat","auxin_root_2h_bargmann",5,"IAA","Auxin (IAA 5uM)",5
"PIN6","treat_2_auxin_root_2h_bargmann",0.418990579426945,"treat",144798.478522725,22590,"auxin_root_2h_bargmann","treat","root","2h","bargmann","Auxin","treat","auxin_root_2h_bargmann",5,"IAA","Auxin (IAA 5uM)",5
"PIN6","treat_3_auxin_root_2h_bargmann",0.412413131789094,"treat",144783.950884411,22590,"auxin_root_2h_bargmann","treat","root","2h","bargmann","Auxin","treat","auxin_root_2h_bargmann",5,"IAA","Auxin (IAA 5uM)",5
"PIN6","control_1_auxin_seedling_05h_delker",0.427217301173459,"control",145057.545347346,22590,"auxin_seedling_05h_delker","control","seedling","05h","delker","Control","control","auxin_seedling_05h_delker",1,"IAA","Auxin (IAA 1uM)",0
"PIN6","control_2_auxin_seedling_05h_delker",0.4200379820602,"control",145115.53412366,22590,"auxin_seedling_05h_delker","control","seedling","05h","delker","Control","control","auxin_seedling_05h_delker",1,"IAA","Auxin (IAA 1uM)",0
"PIN6","control_3_auxin_seedling_05h_delker",0.427220577905531,"control",145037.247498294,22590,"auxin_seedling_05h_delker","control","seedling","05h","delker","Control","control","auxin_seedling_05h_delker",1,"IAA","Auxin (IAA 1uM)",0
"PIN6","treat_1_auxin_seedling_05h_delker",0.413621852968741,"treat",144609.97329443,22590,"auxin_seedling_05h_delker","treat","seedling","05h","delker","Auxin","treat","auxin_seedling_05h_delker",1,"IAA","Auxin (IAA 1uM)",1
"PIN6","treat_2_auxin_seedling_05h_delker",0.422147705918834,"treat",144640.316191634,22590,"auxin_seedling_05h_delker","treat","seedling","05h","delker","Auxin","treat","auxin_seedling_05h_delker",1,"IAA","Auxin (IAA 1uM)",1
"PIN6","treat_3_auxin_seedling_05h_delker",0.419997811768352,"treat",144664.523047894,22590,"auxin_seedling_05h_delker","treat","seedling","05h","delker","Auxin","treat","auxin_seedling_05h_delker",1,"IAA","Auxin (IAA 1uM)",1
"PIN6","control_1_auxin_seedling_1h_delker",0.41835998919713,"control",145044.607860462,22590,"auxin_seedling_1h_delker","control","seedling","1h","delker","Control","control","auxin_seedling_1h_delker",1,"IAA","Auxin (IAA 1uM)",0
"PIN6","control_2_auxin_seedling_1h_delker",0.422035420778537,"control",145097.717137737,22590,"auxin_seedling_1h_delker","control","seedling","1h","delker","Control","control","auxin_seedling_1h_delker",1,"IAA","Auxin (IAA 1uM)",0
"PIN6","control_3_auxin_seedling_1h_delker",0.423215766999262,"control",145000.655695384,22590,"auxin_seedling_1h_delker","control","seedling","1h","delker","Control","control","auxin_seedling_1h_delker",1,"IAA","Auxin (IAA 1uM)",0
"PIN6","treat_1_auxin_seedling_1h_delker",0.420817711745125,"treat",144632.469447688,22590,"auxin_seedling_1h_delker","treat","seedling","1h","delker","Auxin","treat","auxin_seedling_1h_delker",1,"IAA","Auxin (IAA 1uM)",1
"PIN6","treat_2_auxin_seedling_1h_delker",0.410260591783054,"treat",144651.844241064,22590,"auxin_seedling_1h_delker","treat","seedling","1h","delker","Auxin","treat","auxin_seedling_1h_delker",1,"IAA","Auxin (IAA 1uM)",1
"PIN6","treat_3_auxin_seedling_1h_delker",0.434316960925123,"treat",144709.388995078,22590,"auxin_seedling_1h_delker","treat","seedling","1h","delker","Auxin","treat","auxin_seedling_1h_delker",1,"IAA","Auxin (IAA 1uM)",1
"PIN6","control_1_auxin_seedling_3h_delker",0.419507616704573,"control",144932.688979116,22590,"auxin_seedling_3h_delker","control","seedling","3h","delker","Control","control","auxin_seedling_3h_delker",1,"IAA","Auxin (IAA 1uM)",0
"PIN6","control_2_auxin_seedling_3h_delker",0.4134402433259,"control",145003.07482206,22590,"auxin_seedling_3h_delker","control","seedling","3h","delker","Control","control","auxin_seedling_3h_delker",1,"IAA","Auxin (IAA 1uM)",0
"PIN6","control_3_auxin_seedling_3h_delker",0.414800792082018,"control",144890.327919777,22590,"auxin_seedling_3h_delker","control","seedling","3h","delker","Control","control","auxin_seedling_3h_delker",1,"IAA","Auxin (IAA 1uM)",0
"PIN6","treat_1_auxin_seedling_3h_delker",0.418484221622682,"treat",144833.185810935,22590,"auxin_seedling_3h_delker","treat","seedling","3h","delker","Auxin","treat","auxin_seedling_3h_delker",1,"IAA","Auxin (IAA 1uM)",1
"PIN6","treat_2_auxin_seedling_3h_delker",0.424725280089922,"treat",144792.738319514,22590,"auxin_seedling_3h_delker","treat","seedling","3h","delker","Auxin","treat","auxin_seedling_3h_delker",1,"IAA","Auxin (IAA 1uM)",1
"PIN6","treat_3_auxin_seedling_3h_delker",0.436983546600983,"treat",144725.803267843,22590,"auxin_seedling_3h_delker","treat","seedling","3h","delker","Auxin","treat","auxin_seedling_3h_delker",1,"IAA","Auxin (IAA 1uM)",1
"PIN6","control_1_auxin_root_2h_derybel",0.428587009483434,"control",144891.502301021,22590,"auxin_root_2h_derybel","control","root","2h","derybel","Control","control","auxin_root_2h_derybel",10,"NAA","Auxin (NAA 10uM)",0
"PIN6","control_2_auxin_root_2h_derybel",0.42611557925012,"control",144833.260795673,22590,"auxin_root_2h_derybel","control","root","2h","derybel","Control","control","auxin_root_2h_derybel",10,"NAA","Auxin (NAA 10uM)",0
"PIN6","control_3_auxin_root_2h_derybel",0.426705424295958,"control",144891.611277383,22590,"auxin_root_2h_derybel","control","root","2h","derybel","Control","control","auxin_root_2h_derybel",10,"NAA","Auxin (NAA 10uM)",0
"PIN6","treat_1_auxin_root_2h_derybel",0.417890312195362,"treat",144786.255170148,22590,"auxin_root_2h_derybel","treat","root","2h","derybel","Auxin","treat","auxin_root_2h_derybel",10,"NAA","Auxin (NAA 10uM)",10
"PIN6","treat_2_auxin_root_2h_derybel",0.41231744772846,"treat",144798.429879037,22590,"auxin_root_2h_derybel","treat","root","2h","derybel","Auxin","treat","auxin_root_2h_derybel",10,"NAA","Auxin (NAA 10uM)",10
"PIN6","treat_3_auxin_root_2h_derybel",0.423443215182643,"treat",144927.167174773,22590,"auxin_root_2h_derybel","treat","root","2h","derybel","Auxin","treat","auxin_root_2h_derybel",10,"NAA","Auxin (NAA 10uM)",10
"PIN6","control_1_auxin_root_6h_derybel",0.428984648704016,"control",145006.656817472,22590,"auxin_root_6h_derybel","control","root","6h","derybel","Control","control","auxin_root_6h_derybel",10,"NAA","Auxin (NAA 10uM)",0
"PIN6","control_2_auxin_root_6h_derybel",0.428673088938681,"control",145073.439178668,22590,"auxin_root_6h_derybel","control","root","6h","derybel","Control","control","auxin_root_6h_derybel",10,"NAA","Auxin (NAA 10uM)",0
"PIN6","control_3_auxin_root_6h_derybel",0.428716475232949,"control",144948.250796977,22590,"auxin_root_6h_derybel","control","root","6h","derybel","Control","control","auxin_root_6h_derybel",10,"NAA","Auxin (NAA 10uM)",0
"PIN6","treat_1_auxin_root_6h_derybel",0.419549859777105,"treat",144700.489295898,22590,"auxin_root_6h_derybel","treat","root","6h","derybel","Auxin","treat","auxin_root_6h_derybel",10,"NAA","Auxin (NAA 10uM)",10
"PIN6","treat_2_auxin_root_6h_derybel",0.413454722183007,"treat",144650.40590281,22590,"auxin_root_6h_derybel","treat","root","6h","derybel","Auxin","treat","auxin_root_6h_derybel",10,"NAA","Auxin (NAA 10uM)",10
"PIN6","treat_3_auxin_root_6h_derybel",0.419023241926852,"treat",144669.598889119,22590,"auxin_root_6h_derybel","treat","root","6h","derybel","Auxin","treat","auxin_root_6h_derybel",10,"NAA","Auxin (NAA 10uM)",10
"PIN6","control_1_auxin_root_05h_lewis",0.430507751357,"control",144993.986007535,22590,"auxin_root_05h_lewis","control","root","05h","lewis","Control","control","auxin_root_05h_lewis",1,"IAA","Auxin (IAA 1uM)",0
"PIN6","control_2_auxin_root_05h_lewis",0.425042963150981,"control",144834.255957278,22590,"auxin_root_05h_lewis","control","root","05h","lewis","Control","control","auxin_root_05h_lewis",1,"IAA","Auxin (IAA 1uM)",0
"PIN6","control_3_auxin_root_05h_lewis",0.414184415760096,"control",144934.867380418,22590,"auxin_root_05h_lewis","control","root","05h","lewis","Control","control","auxin_root_05h_lewis",1,"IAA","Auxin (IAA 1uM)",0
"PIN6","treat_1_auxin_root_05h_lewis",0.425838690536966,"treat",144795.955426744,22590,"auxin_root_05h_lewis","treat","root","05h","lewis","Auxin","treat","auxin_root_05h_lewis",1,"IAA","Auxin (IAA 1uM)",1
"PIN6","treat_2_auxin_root_05h_lewis",0.41903477493301,"treat",144813.037062305,22590,"auxin_root_05h_lewis","treat","root","05h","lewis","Auxin","treat","auxin_root_05h_lewis",1,"IAA","Auxin (IAA 1uM)",1
"PIN6","treat_3_auxin_root_05h_lewis",0.416063809584995,"treat",144760.950269369,22590,"auxin_root_05h_lewis","treat","root","05h","lewis","Auxin","treat","auxin_root_05h_lewis",1,"IAA","Auxin (IAA 1uM)",1
"PIN6","control_1_auxin_root_12h_lewis",0.416578874150695,"control",144937.107269202,22590,"auxin_root_12h_lewis","control","root","12h","lewis","Control","control","auxin_root_12h_lewis",1,"IAA","Auxin (IAA 1uM)",0
"PIN6","control_2_auxin_root_12h_lewis",0.431328214231891,"control",144747.181135968,22590,"auxin_root_12h_lewis","control","root","12h","lewis","Control","control","auxin_root_12h_lewis",1,"IAA","Auxin (IAA 1uM)",0
"PIN6","control_3_auxin_root_12h_lewis",0.417831187255149,"control",144896.880393328,22590,"auxin_root_12h_lewis","control","root","12h","lewis","Control","control","auxin_root_12h_lewis",1,"IAA","Auxin (IAA 1uM)",0
"PIN6","treat_1_auxin_root_12h_lewis",0.419900241461774,"treat",144898.768413632,22590,"auxin_root_12h_lewis","treat","root","12h","lewis","Auxin","treat","auxin_root_12h_lewis",1,"IAA","Auxin (IAA 1uM)",1
"PIN6","treat_2_auxin_root_12h_lewis",0.414909257141091,"treat",144856.381492436,22590,"auxin_root_12h_lewis","treat","root","12h","lewis","Auxin","treat","auxin_root_12h_lewis",1,"IAA","Auxin (IAA 1uM)",1
"PIN6","treat_3_auxin_root_12h_lewis",0.431024097504686,"treat",144831.695854087,22590,"auxin_root_12h_lewis","treat","root","12h","lewis","Auxin","treat","auxin_root_12h_lewis",1,"IAA","Auxin (IAA 1uM)",1
"PIN6","control_1_auxin_root_1h_lewis",0.418826127226069,"control",144865.138523716,22590,"auxin_root_1h_lewis","control","root","1h","lewis","Control","control","auxin_root_1h_lewis",1,"IAA","Auxin (IAA 1uM)",0
"PIN6","control_2_auxin_root_1h_lewis",0.419400441619807,"control",144866.692878786,22590,"auxin_root_1h_lewis","control","root","1h","lewis","Control","control","auxin_root_1h_lewis",1,"IAA","Auxin (IAA 1uM)",0
"PIN6","control_3_auxin_root_1h_lewis",0.424337832774938,"control",144866.668191885,22590,"auxin_root_1h_lewis","control","root","1h","lewis","Control","control","auxin_root_1h_lewis",1,"IAA","Auxin (IAA 1uM)",0
"PIN6","treat_1_auxin_root_1h_lewis",0.426860646894388,"treat",144901.609678118,22590,"auxin_root_1h_lewis","treat","root","1h","lewis","Auxin","treat","auxin_root_1h_lewis",1,"IAA","Auxin (IAA 1uM)",1
"PIN6","treat_2_auxin_root_1h_lewis",0.425809090328713,"treat",144897.780935278,22590,"auxin_root_1h_lewis","treat","root","1h","lewis","Auxin","treat","auxin_root_1h_lewis",1,"IAA","Auxin (IAA 1uM)",1
"PIN6","treat_3_auxin_root_1h_lewis",0.417198738121069,"treat",144836.604840951,22590,"auxin_root_1h_lewis","treat","root","1h","lewis","Auxin","treat","auxin_root_1h_lewis",1,"IAA","Auxin (IAA 1uM)",1
"PIN6","control_1_auxin_root_24h_lewis",0.420816083315566,"control",144932.489080945,22590,"auxin_root_24h_lewis","control","root","24h","lewis","Control","control","auxin_root_24h_lewis",1,"IAA","Auxin (IAA 1uM)",0
"PIN6","control_2_auxin_root_24h_lewis",0.430834010725692,"control",144808.73497657,22590,"auxin_root_24h_lewis","control","root","24h","lewis","Control","control","auxin_root_24h_lewis",1,"IAA","Auxin (IAA 1uM)",0
"PIN6","control_3_auxin_root_24h_lewis",0.414927271804326,"control",144921.340258979,22590,"auxin_root_24h_lewis","control","root","24h","lewis","Control","control","auxin_root_24h_lewis",1,"IAA","Auxin (IAA 1uM)",0
"PIN6","treat_1_auxin_root_24h_lewis",0.416405697625879,"treat",144917.793032522,22590,"auxin_root_24h_lewis","treat","root","24h","lewis","Auxin","treat","auxin_root_24h_lewis",1,"IAA","Auxin (IAA 1uM)",1
"PIN6","treat_2_auxin_root_24h_lewis",0.438821777067021,"treat",144802.538469348,22590,"auxin_root_24h_lewis","treat","root","24h","lewis","Auxin","treat","auxin_root_24h_lewis",1,"IAA","Auxin (IAA 1uM)",1
"PIN6","treat_3_auxin_root_24h_lewis",0.416933730734819,"treat",144875.202963885,22590,"auxin_root_24h_lewis","treat","root","24h","lewis","Auxin","treat","auxin_root_24h_lewis",1,"IAA","Auxin (IAA 1uM)",1
"PIN6","control_1_auxin_root_2h_lewis",0.421164833925169,"control",144905.159803495,22590,"auxin_root_2h_lewis","control","root","2h","lewis","Control","control","auxin_root_2h_lewis",1,"IAA","Auxin (IAA 1uM)",0
"PIN6","control_2_auxin_root_2h_lewis",0.407574606125721,"control",144845.655514571,22590,"auxin_root_2h_lewis","control","root","2h","lewis","Control","control","auxin_root_2h_lewis",1,"IAA","Auxin (IAA 1uM)",0
"PIN6","control_3_auxin_root_2h_lewis",0.422556324463508,"control",144718.580595369,22590,"auxin_root_2h_lewis","control","root","2h","lewis","Control","control","auxin_root_2h_lewis",1,"IAA","Auxin (IAA 1uM)",0
"PIN6","treat_1_auxin_root_2h_lewis",0.42814986617126,"treat",144940.700015881,22590,"auxin_root_2h_lewis","treat","root","2h","lewis","Auxin","treat","auxin_root_2h_lewis",1,"IAA","Auxin (IAA 1uM)",1
"PIN6","treat_2_auxin_root_2h_lewis",0.431059613365877,"treat",144960.52331451,22590,"auxin_root_2h_lewis","treat","root","2h","lewis","Auxin","treat","auxin_root_2h_lewis",1,"IAA","Auxin (IAA 1uM)",1
"PIN6","treat_3_auxin_root_2h_lewis",0.422895580043283,"treat",144883.688098146,22590,"auxin_root_2h_lewis","treat","root","2h","lewis","Auxin","treat","auxin_root_2h_lewis",1,"IAA","Auxin (IAA 1uM)",1
"PIN6","control_1_auxin_root_4h_lewis",0.411722322839313,"control",144848.651448325,22590,"auxin_root_4h_lewis","control","root","4h","lewis","Control","control","auxin_root_4h_lewis",1,"IAA","Auxin (IAA 1uM)",0
"PIN6","control_2_auxin_root_4h_lewis",0.43041702245079,"control",144826.343414401,22590,"auxin_root_4h_lewis","control","root","4h","lewis","Control","control","auxin_root_4h_lewis",1,"IAA","Auxin (IAA 1uM)",0
"PIN6","control_3_auxin_root_4h_lewis",0.416768035327271,"control",144812.395935967,22590,"auxin_root_4h_lewis","control","root","4h","lewis","Control","control","auxin_root_4h_lewis",1,"IAA","Auxin (IAA 1uM)",0
"PIN6","treat_1_auxin_root_4h_lewis",0.421321024044004,"treat",144886.920727317,22590,"auxin_root_4h_lewis","treat","root","4h","lewis","Auxin","treat","auxin_root_4h_lewis",1,"IAA","Auxin (IAA 1uM)",1
"PIN6","treat_2_auxin_root_4h_lewis",0.426457980702957,"treat",144894.144383529,22590,"auxin_root_4h_lewis","treat","root","4h","lewis","Auxin","treat","auxin_root_4h_lewis",1,"IAA","Auxin (IAA 1uM)",1
"PIN6","treat_3_auxin_root_4h_lewis",0.425660163041464,"treat",144862.849666918,22590,"auxin_root_4h_lewis","treat","root","4h","lewis","Auxin","treat","auxin_root_4h_lewis",1,"IAA","Auxin (IAA 1uM)",1
"PIN6","control_1_auxin_root_8h_lewis",0.413204550324342,"control",144812.499230489,22590,"auxin_root_8h_lewis","control","root","8h","lewis","Control","control","auxin_root_8h_lewis",1,"IAA","Auxin (IAA 1uM)",0
"PIN6","control_2_auxin_root_8h_lewis",0.420795000737558,"control",144823.513422043,22590,"auxin_root_8h_lewis","control","root","8h","lewis","Control","control","auxin_root_8h_lewis",1,"IAA","Auxin (IAA 1uM)",0
"PIN6","control_3_auxin_root_8h_lewis",0.425342821084308,"control",144744.097409198,22590,"auxin_root_8h_lewis","control","root","8h","lewis","Control","control","auxin_root_8h_lewis",1,"IAA","Auxin (IAA 1uM)",0
"PIN6","treat_1_auxin_root_8h_lewis",0.418913695959646,"treat",144950.172806519,22590,"auxin_root_8h_lewis","treat","root","8h","lewis","Auxin","treat","auxin_root_8h_lewis",1,"IAA","Auxin (IAA 1uM)",1
"PIN6","treat_2_auxin_root_8h_lewis",0.436732008523055,"treat",144916.250531644,22590,"auxin_root_8h_lewis","treat","root","8h","lewis","Auxin","treat","auxin_root_8h_lewis",1,"IAA","Auxin (IAA 1uM)",1
"PIN6","treat_3_auxin_root_8h_lewis",0.419537437520904,"treat",144868.756145071,22590,"auxin_root_8h_lewis","treat","root","8h","lewis","Auxin","treat","auxin_root_8h_lewis",1,"IAA","Auxin (IAA 1uM)",1
"PIN6","control_1_auxin_seedling_2h_okushima",0.422049388591448,"control",144850.414454846,22590,"auxin_seedling_2h_okushima","control","seedling","2h","okushima","Control","control","auxin_seedling_2h_okushima",5,"IAA","Auxin (IAA 5uM)",0
"PIN6","control_2_auxin_seedling_2h_okushima",0.421784597980814,"control",144852.755342067,22590,"auxin_seedling_2h_okushima","control","seedling","2h","okushima","Control","control","auxin_seedling_2h_okushima",5,"IAA","Auxin (IAA 5uM)",0
"PIN6","control_3_auxin_seedling_2h_okushima",0.43354851778671,"control",145027.418420535,22590,"auxin_seedling_2h_okushima","control","seedling","2h","okushima","Control","control","auxin_seedling_2h_okushima",5,"IAA","Auxin (IAA 5uM)",0
"PIN6","treat_1_auxin_seedling_2h_okushima",0.406142890790416,"treat",144752.38393162,22590,"auxin_seedling_2h_okushima","treat","seedling","2h","okushima","Auxin","treat","auxin_seedling_2h_okushima",5,"IAA","Auxin (IAA 5uM)",5
"PIN6","treat_2_auxin_seedling_2h_okushima",0.426285374737257,"treat",144785.81138481,22590,"auxin_seedling_2h_okushima","treat","seedling","2h","okushima","Auxin","treat","auxin_seedling_2h_okushima",5,"IAA","Auxin (IAA 5uM)",5
"PIN6","treat_3_auxin_seedling_2h_okushima",0.418189619427508,"treat",144786.604613882,22590,"auxin_seedling_2h_okushima","treat","seedling","2h","okushima","Auxin","treat","auxin_seedling_2h_okushima",5,"IAA","Auxin (IAA 5uM)",5
"PIN6","control_1_auxin_leaves_72h_romero-puertas",0.416952955610149,"control",144834.927944919,22590,"auxin_leaves_72h_romero-puertas","control","leaves","72h","romero-puertas","Control","control","auxin_leaves_72h_romero-puertas",10,"NAA","Auxin (NAA 10uM)",0
"PIN6","control_2_auxin_leaves_72h_romero-puertas",0.418349645423798,"control",144820.13560876,22590,"auxin_leaves_72h_romero-puertas","control","leaves","72h","romero-puertas","Control","control","auxin_leaves_72h_romero-puertas",10,"NAA","Auxin (NAA 10uM)",0
"PIN6","control_3_auxin_leaves_72h_romero-puertas",0.414482099637089,"control",144795.749595683,22590,"auxin_leaves_72h_romero-puertas","control","leaves","72h","romero-puertas","Control","control","auxin_leaves_72h_romero-puertas",10,"NAA","Auxin (NAA 10uM)",0
"PIN6","treat_1_auxin_leaves_72h_romero-puertas",0.424551367608905,"treat",144904.813770844,22590,"auxin_leaves_72h_romero-puertas","treat","leaves","72h","romero-puertas","Auxin","treat","auxin_leaves_72h_romero-puertas",10,"NAA","Auxin (NAA 10uM)",10
"PIN6","treat_2_auxin_leaves_72h_romero-puertas",0.428460132418366,"treat",144867.605003919,22590,"auxin_leaves_72h_romero-puertas","treat","leaves","72h","romero-puertas","Auxin","treat","auxin_leaves_72h_romero-puertas",10,"NAA","Auxin (NAA 10uM)",10
"PIN6","treat_3_auxin_leaves_72h_romero-puertas",0.42930443611907,"treat",144895.691298338,22590,"auxin_leaves_72h_romero-puertas","treat","leaves","72h","romero-puertas","Auxin","treat","auxin_leaves_72h_romero-puertas",10,"NAA","Auxin (NAA 10uM)",10
"PIN6","control_1_auxin_seedling_3h_shimada",0.417541376058793,"control",144936.148632461,22590,"auxin_seedling_3h_shimada","control","seedling","3h","shimada","Control","control","auxin_seedling_3h_shimada",1,"IAA","Auxin (IAA 1uM)",0
"PIN6","control_2_auxin_seedling_3h_shimada",0.417634848957353,"control",144826.947354206,22590,"auxin_seedling_3h_shimada","control","seedling","3h","shimada","Control","control","auxin_seedling_3h_shimada",1,"IAA","Auxin (IAA 1uM)",0
"PIN6","control_3_auxin_seedling_3h_shimada",0.422316881157425,"control",144820.075522564,22590,"auxin_seedling_3h_shimada","control","seedling","3h","shimada","Control","control","auxin_seedling_3h_shimada",1,"IAA","Auxin (IAA 1uM)",0
"PIN6","treat_1_auxin_seedling_3h_shimada",0.420176460434612,"treat",144885.553254898,22590,"auxin_seedling_3h_shimada","treat","seedling","3h","shimada","Auxin","treat","auxin_seedling_3h_shimada",1,"IAA","Auxin (IAA 1uM)",1
"PIN6","treat_2_auxin_seedling_3h_shimada",0.41838535103176,"treat",144878.829063559,22590,"auxin_seedling_3h_shimada","treat","seedling","3h","shimada","Auxin","treat","auxin_seedling_3h_shimada",1,"IAA","Auxin (IAA 1uM)",1
"PIN6","treat_3_auxin_seedling_3h_shimada",0.43493676883825,"treat",144781.035680359,22590,"auxin_seedling_3h_shimada","treat","seedling","3h","shimada","Auxin","treat","auxin_seedling_3h_shimada",1,"IAA","Auxin (IAA 1uM)",1
"PIN6","control_1_auxin_root_4h_stepanova",0.427210399236091,"control",144745.431466715,22590,"auxin_root_4h_stepanova","control","root","4h","stepanova","Control","control","auxin_root_4h_stepanova",1,"IAA","Auxin (IAA 1uM)",0
"PIN6","control_2_auxin_root_4h_stepanova",0.427858470999168,"control",144900.51460241,22590,"auxin_root_4h_stepanova","control","root","4h","stepanova","Control","control","auxin_root_4h_stepanova",1,"IAA","Auxin (IAA 1uM)",0
"PIN6","treat_1_auxin_root_4h_stepanova",0.411400135669233,"treat",144826.342266078,22590,"auxin_root_4h_stepanova","treat","root","4h","stepanova","Auxin","treat","auxin_root_4h_stepanova",1,"IAA","Auxin (IAA 1uM)",1
"PIN6","treat_2_auxin_root_4h_stepanova",0.424204434221798,"treat",144796.225628749,22590,"auxin_root_4h_stepanova","treat","root","4h","stepanova","Auxin","treat","auxin_root_4h_stepanova",1,"IAA","Auxin (IAA 1uM)",1
"PIN6","control_1_auxin_root_2h_vanneste",0.425052349043076,"control",144966.939261077,22590,"auxin_root_2h_vanneste","control","root","2h","vanneste","Control","control","auxin_root_2h_vanneste",10,"IAA","Auxin (IAA 10uM)",0
"PIN6","control_2_auxin_root_2h_vanneste",0.431008138887361,"control",144922.474082519,22590,"auxin_root_2h_vanneste","control","root","2h","vanneste","Control","control","auxin_root_2h_vanneste",10,"IAA","Auxin (IAA 10uM)",0
"PIN6","treat_1_auxin_root_2h_vanneste",0.420693015362848,"treat",144706.519274053,22590,"auxin_root_2h_vanneste","treat","root","2h","vanneste","Auxin","treat","auxin_root_2h_vanneste",10,"IAA","Auxin (IAA 10uM)",10
"PIN6","treat_2_auxin_root_2h_vanneste",0.41417714444438,"treat",144721.611518547,22590,"auxin_root_2h_vanneste","treat","root","2h","vanneste","Auxin","treat","auxin_root_2h_vanneste",10,"IAA","Auxin (IAA 10uM)",10
"PIN6","control_1_auxin_root_6h_vanneste",0.426816951786657,"control",145026.156491784,22590,"auxin_root_6h_vanneste","control","root","6h","vanneste","Control","control","auxin_root_6h_vanneste",10,"IAA","Auxin (IAA 10uM)",0
"PIN6","control_2_auxin_root_6h_vanneste",0.42924134539723,"control",145031.752703641,22590,"auxin_root_6h_vanneste","control","root","6h","vanneste","Control","control","auxin_root_6h_vanneste",10,"IAA","Auxin (IAA 10uM)",0
"PIN6","treat_1_auxin_root_6h_vanneste",0.420391672813398,"treat",144524.822905649,22590,"auxin_root_6h_vanneste","treat","root","6h","vanneste","Auxin","treat","auxin_root_6h_vanneste",10,"IAA","Auxin (IAA 10uM)",10
"PIN6","treat_2_auxin_root_6h_vanneste",0.415617355977318,"treat",144628.818837339,22590,"auxin_root_6h_vanneste","treat","root","6h","vanneste","Auxin","treat","auxin_root_6h_vanneste",10,"IAA","Auxin (IAA 10uM)",10
"PIN6","control_1_auxin_root-apex_6h_xuan",0.416633087214314,"control",144924.81239729,22590,"auxin_root-apex_6h_xuan","control","root-apex","6h","xuan","Control","control","auxin_root-apex_6h_xuan",10,"IBA","Auxin (IBA 10uM)",0
"PIN6","control_2_auxin_root-apex_6h_xuan",0.421003090557371,"control",144926.036288684,22590,"auxin_root-apex_6h_xuan","control","root-apex","6h","xuan","Control","control","auxin_root-apex_6h_xuan",10,"IBA","Auxin (IBA 10uM)",0
"PIN6","control_3_auxin_root-apex_6h_xuan",0.407496103340146,"control",144906.327627783,22590,"auxin_root-apex_6h_xuan","control","root-apex","6h","xuan","Control","control","auxin_root-apex_6h_xuan",10,"IBA","Auxin (IBA 10uM)",0
"PIN6","treat_1_auxin_root-apex_6h_xuan",0.426632515331749,"treat",144725.564784712,22590,"auxin_root-apex_6h_xuan","treat","root-apex","6h","xuan","Auxin","treat","auxin_root-apex_6h_xuan",10,"IBA","Auxin (IBA 10uM)",10
"PIN6","treat_2_auxin_root-apex_6h_xuan",0.426864017609759,"treat",144714.319614003,22590,"auxin_root-apex_6h_xuan","treat","root-apex","6h","xuan","Auxin","treat","auxin_root-apex_6h_xuan",10,"IBA","Auxin (IBA 10uM)",10
"PIN6","treat_3_auxin_root-apex_6h_xuan",0.432377745708761,"treat",144602.097876745,22590,"auxin_root-apex_6h_xuan","treat","root-apex","6h","xuan","Auxin","treat","auxin_root-apex_6h_xuan",10,"IBA","Auxin (IBA 10uM)",10
"PIN7","control_1_auxin_root_2h_bargmann",0.407936517965733,"control",144895.456982637,22590,"auxin_root_2h_bargmann","control","root","2h","bargmann","Control","control","auxin_root_2h_bargmann",5,"IAA","Auxin (IAA 5uM)",0
"PIN7","control_2_auxin_root_2h_bargmann",0.414888104285885,"control",144906.492295472,22590,"auxin_root_2h_bargmann","control","root","2h","bargmann","Control","control","auxin_root_2h_bargmann",5,"IAA","Auxin (IAA 5uM)",0
"PIN7","control_3_auxin_root_2h_bargmann",0.418640573389374,"control",144895.237265024,22590,"auxin_root_2h_bargmann","control","root","2h","bargmann","Control","control","auxin_root_2h_bargmann",5,"IAA","Auxin (IAA 5uM)",0
"PIN7","treat_1_auxin_root_2h_bargmann",0.499600298527993,"treat",144778.309908173,22590,"auxin_root_2h_bargmann","treat","root","2h","bargmann","Auxin","treat","auxin_root_2h_bargmann",5,"IAA","Auxin (IAA 5uM)",5
"PIN7","treat_2_auxin_root_2h_bargmann",0.501661687713126,"treat",144798.478522725,22590,"auxin_root_2h_bargmann","treat","root","2h","bargmann","Auxin","treat","auxin_root_2h_bargmann",5,"IAA","Auxin (IAA 5uM)",5
"PIN7","treat_3_auxin_root_2h_bargmann",0.494255306317327,"treat",144783.950884411,22590,"auxin_root_2h_bargmann","treat","root","2h","bargmann","Auxin","treat","auxin_root_2h_bargmann",5,"IAA","Auxin (IAA 5uM)",5
"PIN7","control_1_auxin_seedling_05h_delker",0.437178241567289,"control",145057.545347346,22590,"auxin_seedling_05h_delker","control","seedling","05h","delker","Control","control","auxin_seedling_05h_delker",1,"IAA","Auxin (IAA 1uM)",0
"PIN7","control_2_auxin_seedling_05h_delker",0.410478142927761,"control",145115.53412366,22590,"auxin_seedling_05h_delker","control","seedling","05h","delker","Control","control","auxin_seedling_05h_delker",1,"IAA","Auxin (IAA 1uM)",0
"PIN7","control_3_auxin_seedling_05h_delker",0.440144693146935,"control",145037.247498294,22590,"auxin_seedling_05h_delker","control","seedling","05h","delker","Control","control","auxin_seedling_05h_delker",1,"IAA","Auxin (IAA 1uM)",0
"PIN7","treat_1_auxin_seedling_05h_delker",0.500406364673873,"treat",144609.97329443,22590,"auxin_seedling_05h_delker","treat","seedling","05h","delker","Auxin","treat","auxin_seedling_05h_delker",1,"IAA","Auxin (IAA 1uM)",1
"PIN7","treat_2_auxin_seedling_05h_delker",0.480249069884057,"treat",144640.316191634,22590,"auxin_seedling_05h_delker","treat","seedling","05h","delker","Auxin","treat","auxin_seedling_05h_delker",1,"IAA","Auxin (IAA 1uM)",1
"PIN7","treat_3_auxin_seedling_05h_delker",0.469510155609543,"treat",144664.523047894,22590,"auxin_seedling_05h_delker","treat","seedling","05h","delker","Auxin","treat","auxin_seedling_05h_delker",1,"IAA","Auxin (IAA 1uM)",1
"PIN7","control_1_auxin_seedling_1h_delker",0.429172444334668,"control",145044.607860462,22590,"auxin_seedling_1h_delker","control","seedling","1h","delker","Control","control","auxin_seedling_1h_delker",1,"IAA","Auxin (IAA 1uM)",0
"PIN7","control_2_auxin_seedling_1h_delker",0.409500731961043,"control",145097.717137737,22590,"auxin_seedling_1h_delker","control","seedling","1h","delker","Control","control","auxin_seedling_1h_delker",1,"IAA","Auxin (IAA 1uM)",0
"PIN7","control_3_auxin_seedling_1h_delker",0.433532936815174,"control",145000.655695384,22590,"auxin_seedling_1h_delker","control","seedling","1h","delker","Control","control","auxin_seedling_1h_delker",1,"IAA","Auxin (IAA 1uM)",0
"PIN7","treat_1_auxin_seedling_1h_delker",0.490078618205825,"treat",144632.469447688,22590,"auxin_seedling_1h_delker","treat","seedling","1h","delker","Auxin","treat","auxin_seedling_1h_delker",1,"IAA","Auxin (IAA 1uM)",1
"PIN7","treat_2_auxin_seedling_1h_delker",0.482405052380223,"treat",144651.844241064,22590,"auxin_seedling_1h_delker","treat","seedling","1h","delker","Auxin","treat","auxin_seedling_1h_delker",1,"IAA","Auxin (IAA 1uM)",1
"PIN7","treat_3_auxin_seedling_1h_delker",0.493186449065524,"treat",144709.388995078,22590,"auxin_seedling_1h_delker","treat","seedling","1h","delker","Auxin","treat","auxin_seedling_1h_delker",1,"IAA","Auxin (IAA 1uM)",1
"PIN7","control_1_auxin_seedling_3h_delker",0.426344597531631,"control",144932.688979116,22590,"auxin_seedling_3h_delker","control","seedling","3h","delker","Control","control","auxin_seedling_3h_delker",1,"IAA","Auxin (IAA 1uM)",0
"PIN7","control_2_auxin_seedling_3h_delker",0.409888079337044,"control",145003.07482206,22590,"auxin_seedling_3h_delker","control","seedling","3h","delker","Control","control","auxin_seedling_3h_delker",1,"IAA","Auxin (IAA 1uM)",0
"PIN7","control_3_auxin_seedling_3h_delker",0.43144681354017,"control",144890.327919777,22590,"auxin_seedling_3h_delker","control","seedling","3h","delker","Control","control","auxin_seedling_3h_delker",1,"IAA","Auxin (IAA 1uM)",0
"PIN7","treat_1_auxin_seedling_3h_delker",0.484976380039682,"treat",144833.185810935,22590,"auxin_seedling_3h_delker","treat","seedling","3h","delker","Auxin","treat","auxin_seedling_3h_delker",1,"IAA","Auxin (IAA 1uM)",1
"PIN7","treat_2_auxin_seedling_3h_delker",0.487705480153539,"treat",144792.738319514,22590,"auxin_seedling_3h_delker","treat","seedling","3h","delker","Auxin","treat","auxin_seedling_3h_delker",1,"IAA","Auxin (IAA 1uM)",1
"PIN7","treat_3_auxin_seedling_3h_delker",0.497896688230343,"treat",144725.803267843,22590,"auxin_seedling_3h_delker","treat","seedling","3h","delker","Auxin","treat","auxin_seedling_3h_delker",1,"IAA","Auxin (IAA 1uM)",1
"PIN7","control_1_auxin_root_2h_derybel",0.414184966858575,"control",144891.502301021,22590,"auxin_root_2h_derybel","control","root","2h","derybel","Control","control","auxin_root_2h_derybel",10,"NAA","Auxin (NAA 10uM)",0
"PIN7","control_2_auxin_root_2h_derybel",0.399928289017295,"control",144833.260795673,22590,"auxin_root_2h_derybel","control","root","2h","derybel","Control","control","auxin_root_2h_derybel",10,"NAA","Auxin (NAA 10uM)",0
"PIN7","control_3_auxin_root_2h_derybel",0.421215232221216,"control",144891.611277383,22590,"auxin_root_2h_derybel","control","root","2h","derybel","Control","control","auxin_root_2h_derybel",10,"NAA","Auxin (NAA 10uM)",0
"PIN7","treat_1_auxin_root_2h_derybel",0.503607544432286,"treat",144786.255170148,22590,"auxin_root_2h_derybel","treat","root","2h","derybel","Auxin","treat","auxin_root_2h_derybel",10,"NAA","Auxin (NAA 10uM)",10
"PIN7","treat_2_auxin_root_2h_derybel",0.493968359478939,"treat",144798.429879037,22590,"auxin_root_2h_derybel","treat","root","2h","derybel","Auxin","treat","auxin_root_2h_derybel",10,"NAA","Auxin (NAA 10uM)",10
"PIN7","treat_3_auxin_root_2h_derybel",0.501947855833172,"treat",144927.167174773,22590,"auxin_root_2h_derybel","treat","root","2h","derybel","Auxin","treat","auxin_root_2h_derybel",10,"NAA","Auxin (NAA 10uM)",10
"PIN7","control_1_auxin_root_6h_derybel",0.416961502691625,"control",145006.656817472,22590,"auxin_root_6h_derybel","control","root","6h","derybel","Control","control","auxin_root_6h_derybel",10,"NAA","Auxin (NAA 10uM)",0
"PIN7","control_2_auxin_root_6h_derybel",0.405462607045006,"control",145073.439178668,22590,"auxin_root_6h_derybel","control","root","6h","derybel","Control","control","auxin_root_6h_derybel",10,"NAA","Auxin (NAA 10uM)",0
"PIN7","control_3_auxin_root_6h_derybel",0.422717005066293,"control",144948.250796977,22590,"auxin_root_6h_derybel","control","root","6h","derybel","Control","control","auxin_root_6h_derybel",10,"NAA","Auxin (NAA 10uM)",0
"PIN7","treat_1_auxin_root_6h_derybel",0.498100274604678,"treat",144700.489295898,22590,"auxin_root_6h_derybel","treat","root","6h","derybel","Auxin","treat","auxin_root_6h_derybel",10,"NAA","Auxin (NAA 10uM)",10
"PIN7","treat_2_auxin_root_6h_derybel",0.499322921376668,"treat",144650.40590281,22590,"auxin_root_6h_derybel","treat","root","6h","derybel","Auxin","treat","auxin_root_6h_derybel",10,"NAA","Auxin (NAA 10uM)",10
"PIN7","treat_3_auxin_root_6h_derybel",0.494581842974313,"treat",144669.598889119,22590,"auxin_root_6h_derybel","treat","root","6h","derybel","Auxin","treat","auxin_root_6h_derybel",10,"NAA","Auxin (NAA 10uM)",10
"PIN7","control_1_auxin_root_05h_lewis",0.411341394828872,"control",144993.986007535,22590,"auxin_root_05h_lewis","control","root","05h","lewis","Control","control","auxin_root_05h_lewis",1,"IAA","Auxin (IAA 1uM)",0
"PIN7","control_2_auxin_root_05h_lewis",0.433163517157584,"control",144834.255957278,22590,"auxin_root_05h_lewis","control","root","05h","lewis","Control","control","auxin_root_05h_lewis",1,"IAA","Auxin (IAA 1uM)",0
"PIN7","control_3_auxin_root_05h_lewis",0.435031090419018,"control",144934.867380418,22590,"auxin_root_05h_lewis","control","root","05h","lewis","Control","control","auxin_root_05h_lewis",1,"IAA","Auxin (IAA 1uM)",0
"PIN7","treat_1_auxin_root_05h_lewis",0.491812680840427,"treat",144795.955426744,22590,"auxin_root_05h_lewis","treat","root","05h","lewis","Auxin","treat","auxin_root_05h_lewis",1,"IAA","Auxin (IAA 1uM)",1
"PIN7","treat_2_auxin_root_05h_lewis",0.486107344863714,"treat",144813.037062305,22590,"auxin_root_05h_lewis","treat","root","05h","lewis","Auxin","treat","auxin_root_05h_lewis",1,"IAA","Auxin (IAA 1uM)",1
"PIN7","treat_3_auxin_root_05h_lewis",0.471702764656529,"treat",144760.950269369,22590,"auxin_root_05h_lewis","treat","root","05h","lewis","Auxin","treat","auxin_root_05h_lewis",1,"IAA","Auxin (IAA 1uM)",1
"PIN7","control_1_auxin_root_12h_lewis",0.41622110614464,"control",144937.107269202,22590,"auxin_root_12h_lewis","control","root","12h","lewis","Control","control","auxin_root_12h_lewis",1,"IAA","Auxin (IAA 1uM)",0
"PIN7","control_2_auxin_root_12h_lewis",0.426488416464512,"control",144747.181135968,22590,"auxin_root_12h_lewis","control","root","12h","lewis","Control","control","auxin_root_12h_lewis",1,"IAA","Auxin (IAA 1uM)",0
"PIN7","control_3_auxin_root_12h_lewis",0.421248094218303,"control",144896.880393328,22590,"auxin_root_12h_lewis","control","root","12h","lewis","Control","control","auxin_root_12h_lewis",1,"IAA","Auxin (IAA 1uM)",0
"PIN7","treat_1_auxin_root_12h_lewis",0.488379427396237,"treat",144898.768413632,22590,"auxin_root_12h_lewis","treat","root","12h","lewis","Auxin","treat","auxin_root_12h_lewis",1,"IAA","Auxin (IAA 1uM)",1
"PIN7","treat_2_auxin_root_12h_lewis",0.485773963147364,"treat",144856.381492436,22590,"auxin_root_12h_lewis","treat","root","12h","lewis","Auxin","treat","auxin_root_12h_lewis",1,"IAA","Auxin (IAA 1uM)",1
"PIN7","treat_3_auxin_root_12h_lewis",0.492739474256255,"treat",144831.695854087,22590,"auxin_root_12h_lewis","treat","root","12h","lewis","Auxin","treat","auxin_root_12h_lewis",1,"IAA","Auxin (IAA 1uM)",1
"PIN7","control_1_auxin_root_1h_lewis",0.416928153552251,"control",144865.138523716,22590,"auxin_root_1h_lewis","control","root","1h","lewis","Control","control","auxin_root_1h_lewis",1,"IAA","Auxin (IAA 1uM)",0
"PIN7","control_2_auxin_root_1h_lewis",0.433888787759619,"control",144866.692878786,22590,"auxin_root_1h_lewis","control","root","1h","lewis","Control","control","auxin_root_1h_lewis",1,"IAA","Auxin (IAA 1uM)",0
"PIN7","control_3_auxin_root_1h_lewis",0.412803147436629,"control",144866.668191885,22590,"auxin_root_1h_lewis","control","root","1h","lewis","Control","control","auxin_root_1h_lewis",1,"IAA","Auxin (IAA 1uM)",0
"PIN7","treat_1_auxin_root_1h_lewis",0.506204128316218,"treat",144901.609678118,22590,"auxin_root_1h_lewis","treat","root","1h","lewis","Auxin","treat","auxin_root_1h_lewis",1,"IAA","Auxin (IAA 1uM)",1
"PIN7","treat_2_auxin_root_1h_lewis",0.499387565226229,"treat",144897.780935278,22590,"auxin_root_1h_lewis","treat","root","1h","lewis","Auxin","treat","auxin_root_1h_lewis",1,"IAA","Auxin (IAA 1uM)",1
"PIN7","treat_3_auxin_root_1h_lewis",0.459843723480094,"treat",144836.604840951,22590,"auxin_root_1h_lewis","treat","root","1h","lewis","Auxin","treat","auxin_root_1h_lewis",1,"IAA","Auxin (IAA 1uM)",1
"PIN7","control_1_auxin_root_24h_lewis",0.42692391911997,"control",144932.489080945,22590,"auxin_root_24h_lewis","control","root","24h","lewis","Control","control","auxin_root_24h_lewis",1,"IAA","Auxin (IAA 1uM)",0
"PIN7","control_2_auxin_root_24h_lewis",0.418155148834054,"control",144808.73497657,22590,"auxin_root_24h_lewis","control","root","24h","lewis","Control","control","auxin_root_24h_lewis",1,"IAA","Auxin (IAA 1uM)",0
"PIN7","control_3_auxin_root_24h_lewis",0.438718039409607,"control",144921.340258979,22590,"auxin_root_24h_lewis","control","root","24h","lewis","Control","control","auxin_root_24h_lewis",1,"IAA","Auxin (IAA 1uM)",0
"PIN7","treat_1_auxin_root_24h_lewis",0.485887669864681,"treat",144917.793032522,22590,"auxin_root_24h_lewis","treat","root","24h","lewis","Auxin","treat","auxin_root_24h_lewis",1,"IAA","Auxin (IAA 1uM)",1
"PIN7","treat_2_auxin_root_24h_lewis",0.480358761834953,"treat",144802.538469348,22590,"auxin_root_24h_lewis","treat","root","24h","lewis","Auxin","treat","auxin_root_24h_lewis",1,"IAA","Auxin (IAA 1uM)",1
"PIN7","treat_3_auxin_root_24h_lewis",0.477317328756514,"treat",144875.202963885,22590,"auxin_root_24h_lewis","treat","root","24h","lewis","Auxin","treat","auxin_root_24h_lewis",1,"IAA","Auxin (IAA 1uM)",1
"PIN7","control_1_auxin_root_2h_lewis",0.405859172440331,"control",144905.159803495,22590,"auxin_root_2h_lewis","control","root","2h","lewis","Control","control","auxin_root_2h_lewis",1,"IAA","Auxin (IAA 1uM)",0
"PIN7","control_2_auxin_root_2h_lewis",0.434276823284777,"control",144845.655514571,22590,"auxin_root_2h_lewis","control","root","2h","lewis","Control","control","auxin_root_2h_lewis",1,"IAA","Auxin (IAA 1uM)",0
"PIN7","control_3_auxin_root_2h_lewis",0.408770795788088,"control",144718.580595369,22590,"auxin_root_2h_lewis","control","root","2h","lewis","Control","control","auxin_root_2h_lewis",1,"IAA","Auxin (IAA 1uM)",0
"PIN7","treat_1_auxin_root_2h_lewis",0.499482903272171,"treat",144940.700015881,22590,"auxin_root_2h_lewis","treat","root","2h","lewis","Auxin","treat","auxin_root_2h_lewis",1,"IAA","Auxin (IAA 1uM)",1
"PIN7","treat_2_auxin_root_2h_lewis",0.499114186387997,"treat",144960.52331451,22590,"auxin_root_2h_lewis","treat","root","2h","lewis","Auxin","treat","auxin_root_2h_lewis",1,"IAA","Auxin (IAA 1uM)",1
"PIN7","treat_3_auxin_root_2h_lewis",0.485574160947712,"treat",144883.688098146,22590,"auxin_root_2h_lewis","treat","root","2h","lewis","Auxin","treat","auxin_root_2h_lewis",1,"IAA","Auxin (IAA 1uM)",1
"PIN7","control_1_auxin_root_4h_lewis",0.418783859919618,"control",144848.651448325,22590,"auxin_root_4h_lewis","control","root","4h","lewis","Control","control","auxin_root_4h_lewis",1,"IAA","Auxin (IAA 1uM)",0
"PIN7","control_2_auxin_root_4h_lewis",0.429374243490517,"control",144826.343414401,22590,"auxin_root_4h_lewis","control","root","4h","lewis","Control","control","auxin_root_4h_lewis",1,"IAA","Auxin (IAA 1uM)",0
"PIN7","control_3_auxin_root_4h_lewis",0.409345648864307,"control",144812.395935967,22590,"auxin_root_4h_lewis","control","root","4h","lewis","Control","control","auxin_root_4h_lewis",1,"IAA","Auxin (IAA 1uM)",0
"PIN7","treat_1_auxin_root_4h_lewis",0.484931215655405,"treat",144886.920727317,22590,"auxin_root_4h_lewis","treat","root","4h","lewis","Auxin","treat","auxin_root_4h_lewis",1,"IAA","Auxin (IAA 1uM)",1
"PIN7","treat_2_auxin_root_4h_lewis",0.499588376813377,"treat",144894.144383529,22590,"auxin_root_4h_lewis","treat","root","4h","lewis","Auxin","treat","auxin_root_4h_lewis",1,"IAA","Auxin (IAA 1uM)",1
"PIN7","treat_3_auxin_root_4h_lewis",0.491748389975667,"treat",144862.849666918,22590,"auxin_root_4h_lewis","treat","root","4h","lewis","Auxin","treat","auxin_root_4h_lewis",1,"IAA","Auxin (IAA 1uM)",1
"PIN7","control_1_auxin_root_8h_lewis",0.421387316370056,"control",144812.499230489,22590,"auxin_root_8h_lewis","control","root","8h","lewis","Control","control","auxin_root_8h_lewis",1,"IAA","Auxin (IAA 1uM)",0
"PIN7","control_2_auxin_root_8h_lewis",0.42782465597334,"control",144823.513422043,22590,"auxin_root_8h_lewis","control","root","8h","lewis","Control","control","auxin_root_8h_lewis",1,"IAA","Auxin (IAA 1uM)",0
"PIN7","control_3_auxin_root_8h_lewis",0.419102854747499,"control",144744.097409198,22590,"auxin_root_8h_lewis","control","root","8h","lewis","Control","control","auxin_root_8h_lewis",1,"IAA","Auxin (IAA 1uM)",0
"PIN7","treat_1_auxin_root_8h_lewis",0.486220720431391,"treat",144950.172806519,22590,"auxin_root_8h_lewis","treat","root","8h","lewis","Auxin","treat","auxin_root_8h_lewis",1,"IAA","Auxin (IAA 1uM)",1
"PIN7","treat_2_auxin_root_8h_lewis",0.487687026160304,"treat",144916.250531644,22590,"auxin_root_8h_lewis","treat","root","8h","lewis","Auxin","treat","auxin_root_8h_lewis",1,"IAA","Auxin (IAA 1uM)",1
"PIN7","treat_3_auxin_root_8h_lewis",0.490552969710321,"treat",144868.756145071,22590,"auxin_root_8h_lewis","treat","root","8h","lewis","Auxin","treat","auxin_root_8h_lewis",1,"IAA","Auxin (IAA 1uM)",1
"PIN7","control_1_auxin_seedling_2h_okushima",0.447628213204675,"control",144850.414454846,22590,"auxin_seedling_2h_okushima","control","seedling","2h","okushima","Control","control","auxin_seedling_2h_okushima",5,"IAA","Auxin (IAA 5uM)",0
"PIN7","control_2_auxin_seedling_2h_okushima",0.422084737285676,"control",144852.755342067,22590,"auxin_seedling_2h_okushima","control","seedling","2h","okushima","Control","control","auxin_seedling_2h_okushima",5,"IAA","Auxin (IAA 5uM)",0
"PIN7","control_3_auxin_seedling_2h_okushima",0.390907841485154,"control",145027.418420535,22590,"auxin_seedling_2h_okushima","control","seedling","2h","okushima","Control","control","auxin_seedling_2h_okushima",5,"IAA","Auxin (IAA 5uM)",0
"PIN7","treat_1_auxin_seedling_2h_okushima",0.495321872361297,"treat",144752.38393162,22590,"auxin_seedling_2h_okushima","treat","seedling","2h","okushima","Auxin","treat","auxin_seedling_2h_okushima",5,"IAA","Auxin (IAA 5uM)",5
"PIN7","treat_2_auxin_seedling_2h_okushima",0.500762117414455,"treat",144785.81138481,22590,"auxin_seedling_2h_okushima","treat","seedling","2h","okushima","Auxin","treat","auxin_seedling_2h_okushima",5,"IAA","Auxin (IAA 5uM)",5
"PIN7","treat_3_auxin_seedling_2h_okushima",0.482303094686548,"treat",144786.604613882,22590,"auxin_seedling_2h_okushima","treat","seedling","2h","okushima","Auxin","treat","auxin_seedling_2h_okushima",5,"IAA","Auxin (IAA 5uM)",5
"PIN7","control_1_auxin_leaves_72h_romero-puertas",0.437572749151924,"control",144834.927944919,22590,"auxin_leaves_72h_romero-puertas","control","leaves","72h","romero-puertas","Control","control","auxin_leaves_72h_romero-puertas",10,"NAA","Auxin (NAA 10uM)",0
"PIN7","control_2_auxin_leaves_72h_romero-puertas",0.436159818751338,"control",144820.13560876,22590,"auxin_leaves_72h_romero-puertas","control","leaves","72h","romero-puertas","Control","control","auxin_leaves_72h_romero-puertas",10,"NAA","Auxin (NAA 10uM)",0
"PIN7","control_3_auxin_leaves_72h_romero-puertas",0.469926958700103,"control",144795.749595683,22590,"auxin_leaves_72h_romero-puertas","control","leaves","72h","romero-puertas","Control","control","auxin_leaves_72h_romero-puertas",10,"NAA","Auxin (NAA 10uM)",0
"PIN7","treat_1_auxin_leaves_72h_romero-puertas",0.468711858692942,"treat",144904.813770844,22590,"auxin_leaves_72h_romero-puertas","treat","leaves","72h","romero-puertas","Auxin","treat","auxin_leaves_72h_romero-puertas",10,"NAA","Auxin (NAA 10uM)",10
"PIN7","treat_2_auxin_leaves_72h_romero-puertas",0.468313250475487,"treat",144867.605003919,22590,"auxin_leaves_72h_romero-puertas","treat","leaves","72h","romero-puertas","Auxin","treat","auxin_leaves_72h_romero-puertas",10,"NAA","Auxin (NAA 10uM)",10
"PIN7","treat_3_auxin_leaves_72h_romero-puertas",0.455985782768358,"treat",144895.691298338,22590,"auxin_leaves_72h_romero-puertas","treat","leaves","72h","romero-puertas","Auxin","treat","auxin_leaves_72h_romero-puertas",10,"NAA","Auxin (NAA 10uM)",10
"PIN7","control_1_auxin_seedling_3h_shimada",0.450486717663364,"control",144936.148632461,22590,"auxin_seedling_3h_shimada","control","seedling","3h","shimada","Control","control","auxin_seedling_3h_shimada",1,"IAA","Auxin (IAA 1uM)",0
"PIN7","control_2_auxin_seedling_3h_shimada",0.446316223626727,"control",144826.947354206,22590,"auxin_seedling_3h_shimada","control","seedling","3h","shimada","Control","control","auxin_seedling_3h_shimada",1,"IAA","Auxin (IAA 1uM)",0
"PIN7","control_3_auxin_seedling_3h_shimada",0.450857491902244,"control",144820.075522564,22590,"auxin_seedling_3h_shimada","control","seedling","3h","shimada","Control","control","auxin_seedling_3h_shimada",1,"IAA","Auxin (IAA 1uM)",0
"PIN7","treat_1_auxin_seedling_3h_shimada",0.487009947755041,"treat",144885.553254898,22590,"auxin_seedling_3h_shimada","treat","seedling","3h","shimada","Auxin","treat","auxin_seedling_3h_shimada",1,"IAA","Auxin (IAA 1uM)",1
"PIN7","treat_2_auxin_seedling_3h_shimada",0.488823866402847,"treat",144878.829063559,22590,"auxin_seedling_3h_shimada","treat","seedling","3h","shimada","Auxin","treat","auxin_seedling_3h_shimada",1,"IAA","Auxin (IAA 1uM)",1
"PIN7","treat_3_auxin_seedling_3h_shimada",0.414623853521649,"treat",144781.035680359,22590,"auxin_seedling_3h_shimada","treat","seedling","3h","shimada","Auxin","treat","auxin_seedling_3h_shimada",1,"IAA","Auxin (IAA 1uM)",1
"PIN7","control_1_auxin_root_4h_stepanova",0.417910779725513,"control",144745.431466715,22590,"auxin_root_4h_stepanova","control","root","4h","stepanova","Control","control","auxin_root_4h_stepanova",1,"IAA","Auxin (IAA 1uM)",0
"PIN7","control_2_auxin_root_4h_stepanova",0.423021825878897,"control",144900.51460241,22590,"auxin_root_4h_stepanova","control","root","4h","stepanova","Control","control","auxin_root_4h_stepanova",1,"IAA","Auxin (IAA 1uM)",0
"PIN7","treat_1_auxin_root_4h_stepanova",0.494433533558485,"treat",144826.342266078,22590,"auxin_root_4h_stepanova","treat","root","4h","stepanova","Auxin","treat","auxin_root_4h_stepanova",1,"IAA","Auxin (IAA 1uM)",1
"PIN7","treat_2_auxin_root_4h_stepanova",0.490631459215088,"treat",144796.225628749,22590,"auxin_root_4h_stepanova","treat","root","4h","stepanova","Auxin","treat","auxin_root_4h_stepanova",1,"IAA","Auxin (IAA 1uM)",1
"PIN7","control_1_auxin_root_2h_vanneste",0.416078032777853,"control",144966.939261077,22590,"auxin_root_2h_vanneste","control","root","2h","vanneste","Control","control","auxin_root_2h_vanneste",10,"IAA","Auxin (IAA 10uM)",0
"PIN7","control_2_auxin_root_2h_vanneste",0.404195259059233,"control",144922.474082519,22590,"auxin_root_2h_vanneste","control","root","2h","vanneste","Control","control","auxin_root_2h_vanneste",10,"IAA","Auxin (IAA 10uM)",0
"PIN7","treat_1_auxin_root_2h_vanneste",0.506469923565534,"treat",144706.519274053,22590,"auxin_root_2h_vanneste","treat","root","2h","vanneste","Auxin","treat","auxin_root_2h_vanneste",10,"IAA","Auxin (IAA 10uM)",10
"PIN7","treat_2_auxin_root_2h_vanneste",0.49652665056233,"treat",144721.611518547,22590,"auxin_root_2h_vanneste","treat","root","2h","vanneste","Auxin","treat","auxin_root_2h_vanneste",10,"IAA","Auxin (IAA 10uM)",10
"PIN7","control_1_auxin_root_6h_vanneste",0.414081496247196,"control",145026.156491784,22590,"auxin_root_6h_vanneste","control","root","6h","vanneste","Control","control","auxin_root_6h_vanneste",10,"IAA","Auxin (IAA 10uM)",0
"PIN7","control_2_auxin_root_6h_vanneste",0.411116501021323,"control",145031.752703641,22590,"auxin_root_6h_vanneste","control","root","6h","vanneste","Control","control","auxin_root_6h_vanneste",10,"IAA","Auxin (IAA 10uM)",0
"PIN7","treat_1_auxin_root_6h_vanneste",0.502139016548531,"treat",144524.822905649,22590,"auxin_root_6h_vanneste","treat","root","6h","vanneste","Auxin","treat","auxin_root_6h_vanneste",10,"IAA","Auxin (IAA 10uM)",10
"PIN7","treat_2_auxin_root_6h_vanneste",0.501200734960997,"treat",144628.818837339,22590,"auxin_root_6h_vanneste","treat","root","6h","vanneste","Auxin","treat","auxin_root_6h_vanneste",10,"IAA","Auxin (IAA 10uM)",10
"PIN7","control_1_auxin_root-apex_6h_xuan",0.447196507680976,"control",144924.81239729,22590,"auxin_root-apex_6h_xuan","control","root-apex","6h","xuan","Control","control","auxin_root-apex_6h_xuan",10,"IBA","Auxin (IBA 10uM)",0
"PIN7","control_2_auxin_root-apex_6h_xuan",0.454399627989947,"control",144926.036288684,22590,"auxin_root-apex_6h_xuan","control","root-apex","6h","xuan","Control","control","auxin_root-apex_6h_xuan",10,"IBA","Auxin (IBA 10uM)",0
"PIN7","control_3_auxin_root-apex_6h_xuan",0.433802378519863,"control",144906.327627783,22590,"auxin_root-apex_6h_xuan","control","root-apex","6h","xuan","Control","control","auxin_root-apex_6h_xuan",10,"IBA","Auxin (IBA 10uM)",0
"PIN7","treat_1_auxin_root-apex_6h_xuan",0.472215636029932,"treat",144725.564784712,22590,"auxin_root-apex_6h_xuan","treat","root-apex","6h","xuan","Auxin","treat","auxin_root-apex_6h_xuan",10,"IBA","Auxin (IBA 10uM)",10
"PIN7","treat_2_auxin_root-apex_6h_xuan",0.456727570608279,"treat",144714.319614003,22590,"auxin_root-apex_6h_xuan","treat","root-apex","6h","xuan","Auxin","treat","auxin_root-apex_6h_xuan",10,"IBA","Auxin (IBA 10uM)",10
"PIN7","treat_3_auxin_root-apex_6h_xuan",0.471487688560618,"treat",144602.097876745,22590,"auxin_root-apex_6h_xuan","treat","root-apex","6h","xuan","Auxin","treat","auxin_root-apex_6h_xuan",10,"IBA","Auxin (IBA 10uM)",10
"PIN8","control_1_auxin_root_2h_bargmann",0.211626204561719,"control",144895.456982637,22590,"auxin_root_2h_bargmann","control","root","2h","bargmann","Control","control","auxin_root_2h_bargmann",5,"IAA","Auxin (IAA 5uM)",0
"PIN8","control_2_auxin_root_2h_bargmann",0.21874009807028,"control",144906.492295472,22590,"auxin_root_2h_bargmann","control","root","2h","bargmann","Control","control","auxin_root_2h_bargmann",5,"IAA","Auxin (IAA 5uM)",0
"PIN8","control_3_auxin_root_2h_bargmann",0.215916222253787,"control",144895.237265024,22590,"auxin_root_2h_bargmann","control","root","2h","bargmann","Control","control","auxin_root_2h_bargmann",5,"IAA","Auxin (IAA 5uM)",0
"PIN8","treat_1_auxin_root_2h_bargmann",0.216478536619661,"treat",144778.309908173,22590,"auxin_root_2h_bargmann","treat","root","2h","bargmann","Auxin","treat","auxin_root_2h_bargmann",5,"IAA","Auxin (IAA 5uM)",5
"PIN8","treat_2_auxin_root_2h_bargmann",0.222495117819103,"treat",144798.478522725,22590,"auxin_root_2h_bargmann","treat","root","2h","bargmann","Auxin","treat","auxin_root_2h_bargmann",5,"IAA","Auxin (IAA 5uM)",5
"PIN8","treat_3_auxin_root_2h_bargmann",0.229831727132695,"treat",144783.950884411,22590,"auxin_root_2h_bargmann","treat","root","2h","bargmann","Auxin","treat","auxin_root_2h_bargmann",5,"IAA","Auxin (IAA 5uM)",5
"PIN8","control_1_auxin_seedling_05h_delker",0.220144482957616,"control",145057.545347346,22590,"auxin_seedling_05h_delker","control","seedling","05h","delker","Control","control","auxin_seedling_05h_delker",1,"IAA","Auxin (IAA 1uM)",0
"PIN8","control_2_auxin_seedling_05h_delker",0.20710927593733,"control",145115.53412366,22590,"auxin_seedling_05h_delker","control","seedling","05h","delker","Control","control","auxin_seedling_05h_delker",1,"IAA","Auxin (IAA 1uM)",0
"PIN8","control_3_auxin_seedling_05h_delker",0.219231772494063,"control",145037.247498294,22590,"auxin_seedling_05h_delker","control","seedling","05h","delker","Control","control","auxin_seedling_05h_delker",1,"IAA","Auxin (IAA 1uM)",0
"PIN8","treat_1_auxin_seedling_05h_delker",0.22573209304665,"treat",144609.97329443,22590,"auxin_seedling_05h_delker","treat","seedling","05h","delker","Auxin","treat","auxin_seedling_05h_delker",1,"IAA","Auxin (IAA 1uM)",1
"PIN8","treat_2_auxin_seedling_05h_delker",0.229185977550851,"treat",144640.316191634,22590,"auxin_seedling_05h_delker","treat","seedling","05h","delker","Auxin","treat","auxin_seedling_05h_delker",1,"IAA","Auxin (IAA 1uM)",1
"PIN8","treat_3_auxin_seedling_05h_delker",0.214764706479898,"treat",144664.523047894,22590,"auxin_seedling_05h_delker","treat","seedling","05h","delker","Auxin","treat","auxin_seedling_05h_delker",1,"IAA","Auxin (IAA 1uM)",1
"PIN8","control_1_auxin_seedling_1h_delker",0.22730455014921,"control",145044.607860462,22590,"auxin_seedling_1h_delker","control","seedling","1h","delker","Control","control","auxin_seedling_1h_delker",1,"IAA","Auxin (IAA 1uM)",0
"PIN8","control_2_auxin_seedling_1h_delker",0.211089196447791,"control",145097.717137737,22590,"auxin_seedling_1h_delker","control","seedling","1h","delker","Control","control","auxin_seedling_1h_delker",1,"IAA","Auxin (IAA 1uM)",0
"PIN8","control_3_auxin_seedling_1h_delker",0.217669089500426,"control",145000.655695384,22590,"auxin_seedling_1h_delker","control","seedling","1h","delker","Control","control","auxin_seedling_1h_delker",1,"IAA","Auxin (IAA 1uM)",0
"PIN8","treat_1_auxin_seedling_1h_delker",0.216231241612847,"treat",144632.469447688,22590,"auxin_seedling_1h_delker","treat","seedling","1h","delker","Auxin","treat","auxin_seedling_1h_delker",1,"IAA","Auxin (IAA 1uM)",1
"PIN8","treat_2_auxin_seedling_1h_delker",0.213473259952925,"treat",144651.844241064,22590,"auxin_seedling_1h_delker","treat","seedling","1h","delker","Auxin","treat","auxin_seedling_1h_delker",1,"IAA","Auxin (IAA 1uM)",1
"PIN8","treat_3_auxin_seedling_1h_delker",0.2301766320091,"treat",144709.388995078,22590,"auxin_seedling_1h_delker","treat","seedling","1h","delker","Auxin","treat","auxin_seedling_1h_delker",1,"IAA","Auxin (IAA 1uM)",1
"PIN8","control_1_auxin_seedling_3h_delker",0.22251914466386,"control",144932.688979116,22590,"auxin_seedling_3h_delker","control","seedling","3h","delker","Control","control","auxin_seedling_3h_delker",1,"IAA","Auxin (IAA 1uM)",0
"PIN8","control_2_auxin_seedling_3h_delker",0.215790317050744,"control",145003.07482206,22590,"auxin_seedling_3h_delker","control","seedling","3h","delker","Control","control","auxin_seedling_3h_delker",1,"IAA","Auxin (IAA 1uM)",0
"PIN8","control_3_auxin_seedling_3h_delker",0.220239530414586,"control",144890.327919777,22590,"auxin_seedling_3h_delker","control","seedling","3h","delker","Control","control","auxin_seedling_3h_delker",1,"IAA","Auxin (IAA 1uM)",0
"PIN8","treat_1_auxin_seedling_3h_delker",0.216136541570062,"treat",144833.185810935,22590,"auxin_seedling_3h_delker","treat","seedling","3h","delker","Auxin","treat","auxin_seedling_3h_delker",1,"IAA","Auxin (IAA 1uM)",1
"PIN8","treat_2_auxin_seedling_3h_delker",0.211147612023653,"treat",144792.738319514,22590,"auxin_seedling_3h_delker","treat","seedling","3h","delker","Auxin","treat","auxin_seedling_3h_delker",1,"IAA","Auxin (IAA 1uM)",1
"PIN8","treat_3_auxin_seedling_3h_delker",0.231354620951854,"treat",144725.803267843,22590,"auxin_seedling_3h_delker","treat","seedling","3h","delker","Auxin","treat","auxin_seedling_3h_delker",1,"IAA","Auxin (IAA 1uM)",1
"PIN8","control_1_auxin_root_2h_derybel",0.223186551611748,"control",144891.502301021,22590,"auxin_root_2h_derybel","control","root","2h","derybel","Control","control","auxin_root_2h_derybel",10,"NAA","Auxin (NAA 10uM)",0
"PIN8","control_2_auxin_root_2h_derybel",0.217193914618954,"control",144833.260795673,22590,"auxin_root_2h_derybel","control","root","2h","derybel","Control","control","auxin_root_2h_derybel",10,"NAA","Auxin (NAA 10uM)",0
"PIN8","control_3_auxin_root_2h_derybel",0.211679102898603,"control",144891.611277383,22590,"auxin_root_2h_derybel","control","root","2h","derybel","Control","control","auxin_root_2h_derybel",10,"NAA","Auxin (NAA 10uM)",0
"PIN8","treat_1_auxin_root_2h_derybel",0.225931093253894,"treat",144786.255170148,22590,"auxin_root_2h_derybel","treat","root","2h","derybel","Auxin","treat","auxin_root_2h_derybel",10,"NAA","Auxin (NAA 10uM)",10
"PIN8","treat_2_auxin_root_2h_derybel",0.214482302698741,"treat",144798.429879037,22590,"auxin_root_2h_derybel","treat","root","2h","derybel","Auxin","treat","auxin_root_2h_derybel",10,"NAA","Auxin (NAA 10uM)",10
"PIN8","treat_3_auxin_root_2h_derybel",0.222291814142068,"treat",144927.167174773,22590,"auxin_root_2h_derybel","treat","root","2h","derybel","Auxin","treat","auxin_root_2h_derybel",10,"NAA","Auxin (NAA 10uM)",10
"PIN8","control_1_auxin_root_6h_derybel",0.219460141271062,"control",145006.656817472,22590,"auxin_root_6h_derybel","control","root","6h","derybel","Control","control","auxin_root_6h_derybel",10,"NAA","Auxin (NAA 10uM)",0
"PIN8","control_2_auxin_root_6h_derybel",0.21345841452058,"control",145073.439178668,22590,"auxin_root_6h_derybel","control","root","6h","derybel","Control","control","auxin_root_6h_derybel",10,"NAA","Auxin (NAA 10uM)",0
"PIN8","control_3_auxin_root_6h_derybel",0.212958298292263,"control",144948.250796977,22590,"auxin_root_6h_derybel","control","root","6h","derybel","Control","control","auxin_root_6h_derybel",10,"NAA","Auxin (NAA 10uM)",0
"PIN8","treat_1_auxin_root_6h_derybel",0.224847734773859,"treat",144700.489295898,22590,"auxin_root_6h_derybel","treat","root","6h","derybel","Auxin","treat","auxin_root_6h_derybel",10,"NAA","Auxin (NAA 10uM)",10
"PIN8","treat_2_auxin_root_6h_derybel",0.217509831042262,"treat",144650.40590281,22590,"auxin_root_6h_derybel","treat","root","6h","derybel","Auxin","treat","auxin_root_6h_derybel",10,"NAA","Auxin (NAA 10uM)",10
"PIN8","treat_3_auxin_root_6h_derybel",0.226419561192787,"treat",144669.598889119,22590,"auxin_root_6h_derybel","treat","root","6h","derybel","Auxin","treat","auxin_root_6h_derybel",10,"NAA","Auxin (NAA 10uM)",10
"PIN8","control_1_auxin_root_05h_lewis",0.211004653965574,"control",144993.986007535,22590,"auxin_root_05h_lewis","control","root","05h","lewis","Control","control","auxin_root_05h_lewis",1,"IAA","Auxin (IAA 1uM)",0
"PIN8","control_2_auxin_root_05h_lewis",0.223607144936473,"control",144834.255957278,22590,"auxin_root_05h_lewis","control","root","05h","lewis","Control","control","auxin_root_05h_lewis",1,"IAA","Auxin (IAA 1uM)",0
"PIN8","control_3_auxin_root_05h_lewis",0.223105804911229,"control",144934.867380418,22590,"auxin_root_05h_lewis","control","root","05h","lewis","Control","control","auxin_root_05h_lewis",1,"IAA","Auxin (IAA 1uM)",0
"PIN8","treat_1_auxin_root_05h_lewis",0.206382947040798,"treat",144795.955426744,22590,"auxin_root_05h_lewis","treat","root","05h","lewis","Auxin","treat","auxin_root_05h_lewis",1,"IAA","Auxin (IAA 1uM)",1
"PIN8","treat_2_auxin_root_05h_lewis",0.224613696264764,"treat",144813.037062305,22590,"auxin_root_05h_lewis","treat","root","05h","lewis","Auxin","treat","auxin_root_05h_lewis",1,"IAA","Auxin (IAA 1uM)",1
"PIN8","treat_3_auxin_root_05h_lewis",0.224777979394485,"treat",144760.950269369,22590,"auxin_root_05h_lewis","treat","root","05h","lewis","Auxin","treat","auxin_root_05h_lewis",1,"IAA","Auxin (IAA 1uM)",1
"PIN8","control_1_auxin_root_12h_lewis",0.210770422392022,"control",144937.107269202,22590,"auxin_root_12h_lewis","control","root","12h","lewis","Control","control","auxin_root_12h_lewis",1,"IAA","Auxin (IAA 1uM)",0
"PIN8","control_2_auxin_root_12h_lewis",0.218588592926843,"control",144747.181135968,22590,"auxin_root_12h_lewis","control","root","12h","lewis","Control","control","auxin_root_12h_lewis",1,"IAA","Auxin (IAA 1uM)",0
"PIN8","control_3_auxin_root_12h_lewis",0.228214300568428,"control",144896.880393328,22590,"auxin_root_12h_lewis","control","root","12h","lewis","Control","control","auxin_root_12h_lewis",1,"IAA","Auxin (IAA 1uM)",0
"PIN8","treat_1_auxin_root_12h_lewis",0.221064224198591,"treat",144898.768413632,22590,"auxin_root_12h_lewis","treat","root","12h","lewis","Auxin","treat","auxin_root_12h_lewis",1,"IAA","Auxin (IAA 1uM)",1
"PIN8","treat_2_auxin_root_12h_lewis",0.220915220000571,"treat",144856.381492436,22590,"auxin_root_12h_lewis","treat","root","12h","lewis","Auxin","treat","auxin_root_12h_lewis",1,"IAA","Auxin (IAA 1uM)",1
"PIN8","treat_3_auxin_root_12h_lewis",0.215395213138845,"treat",144831.695854087,22590,"auxin_root_12h_lewis","treat","root","12h","lewis","Auxin","treat","auxin_root_12h_lewis",1,"IAA","Auxin (IAA 1uM)",1
"PIN8","control_1_auxin_root_1h_lewis",0.216711791394122,"control",144865.138523716,22590,"auxin_root_1h_lewis","control","root","1h","lewis","Control","control","auxin_root_1h_lewis",1,"IAA","Auxin (IAA 1uM)",0
"PIN8","control_2_auxin_root_1h_lewis",0.22232483433746,"control",144866.692878786,22590,"auxin_root_1h_lewis","control","root","1h","lewis","Control","control","auxin_root_1h_lewis",1,"IAA","Auxin (IAA 1uM)",0
"PIN8","control_3_auxin_root_1h_lewis",0.218208297565651,"control",144866.668191885,22590,"auxin_root_1h_lewis","control","root","1h","lewis","Control","control","auxin_root_1h_lewis",1,"IAA","Auxin (IAA 1uM)",0
"PIN8","treat_1_auxin_root_1h_lewis",0.215605192000208,"treat",144901.609678118,22590,"auxin_root_1h_lewis","treat","root","1h","lewis","Auxin","treat","auxin_root_1h_lewis",1,"IAA","Auxin (IAA 1uM)",1
"PIN8","treat_2_auxin_root_1h_lewis",0.209814253459047,"treat",144897.780935278,22590,"auxin_root_1h_lewis","treat","root","1h","lewis","Auxin","treat","auxin_root_1h_lewis",1,"IAA","Auxin (IAA 1uM)",1
"PIN8","treat_3_auxin_root_1h_lewis",0.230583965292864,"treat",144836.604840951,22590,"auxin_root_1h_lewis","treat","root","1h","lewis","Auxin","treat","auxin_root_1h_lewis",1,"IAA","Auxin (IAA 1uM)",1
"PIN8","control_1_auxin_root_24h_lewis",0.216187149677081,"control",144932.489080945,22590,"auxin_root_24h_lewis","control","root","24h","lewis","Control","control","auxin_root_24h_lewis",1,"IAA","Auxin (IAA 1uM)",0
"PIN8","control_2_auxin_root_24h_lewis",0.229970477893993,"control",144808.73497657,22590,"auxin_root_24h_lewis","control","root","24h","lewis","Control","control","auxin_root_24h_lewis",1,"IAA","Auxin (IAA 1uM)",0
"PIN8","control_3_auxin_root_24h_lewis",0.223032763968236,"control",144921.340258979,22590,"auxin_root_24h_lewis","control","root","24h","lewis","Control","control","auxin_root_24h_lewis",1,"IAA","Auxin (IAA 1uM)",0
"PIN8","treat_1_auxin_root_24h_lewis",0.218594821986766,"treat",144917.793032522,22590,"auxin_root_24h_lewis","treat","root","24h","lewis","Auxin","treat","auxin_root_24h_lewis",1,"IAA","Auxin (IAA 1uM)",1
"PIN8","treat_2_auxin_root_24h_lewis",0.206204046947229,"treat",144802.538469348,22590,"auxin_root_24h_lewis","treat","root","24h","lewis","Auxin","treat","auxin_root_24h_lewis",1,"IAA","Auxin (IAA 1uM)",1
"PIN8","treat_3_auxin_root_24h_lewis",0.219526979833825,"treat",144875.202963885,22590,"auxin_root_24h_lewis","treat","root","24h","lewis","Auxin","treat","auxin_root_24h_lewis",1,"IAA","Auxin (IAA 1uM)",1
"PIN8","control_1_auxin_root_2h_lewis",0.220235931413751,"control",144905.159803495,22590,"auxin_root_2h_lewis","control","root","2h","lewis","Control","control","auxin_root_2h_lewis",1,"IAA","Auxin (IAA 1uM)",0
"PIN8","control_2_auxin_root_2h_lewis",0.227813103107576,"control",144845.655514571,22590,"auxin_root_2h_lewis","control","root","2h","lewis","Control","control","auxin_root_2h_lewis",1,"IAA","Auxin (IAA 1uM)",0
"PIN8","control_3_auxin_root_2h_lewis",0.22978981481437,"control",144718.580595369,22590,"auxin_root_2h_lewis","control","root","2h","lewis","Control","control","auxin_root_2h_lewis",1,"IAA","Auxin (IAA 1uM)",0
"PIN8","treat_1_auxin_root_2h_lewis",0.209874640944837,"treat",144940.700015881,22590,"auxin_root_2h_lewis","treat","root","2h","lewis","Auxin","treat","auxin_root_2h_lewis",1,"IAA","Auxin (IAA 1uM)",1
"PIN8","treat_2_auxin_root_2h_lewis",0.214145123261684,"treat",144960.52331451,22590,"auxin_root_2h_lewis","treat","root","2h","lewis","Auxin","treat","auxin_root_2h_lewis",1,"IAA","Auxin (IAA 1uM)",1
"PIN8","treat_3_auxin_root_2h_lewis",0.215865714087668,"treat",144883.688098146,22590,"auxin_root_2h_lewis","treat","root","2h","lewis","Auxin","treat","auxin_root_2h_lewis",1,"IAA","Auxin (IAA 1uM)",1
"PIN8","control_1_auxin_root_4h_lewis",0.212962418497952,"control",144848.651448325,22590,"auxin_root_4h_lewis","control","root","4h","lewis","Control","control","auxin_root_4h_lewis",1,"IAA","Auxin (IAA 1uM)",0
"PIN8","control_2_auxin_root_4h_lewis",0.218563979591319,"control",144826.343414401,22590,"auxin_root_4h_lewis","control","root","4h","lewis","Control","control","auxin_root_4h_lewis",1,"IAA","Auxin (IAA 1uM)",0
"PIN8","control_3_auxin_root_4h_lewis",0.227914763256268,"control",144812.395935967,22590,"auxin_root_4h_lewis","control","root","4h","lewis","Control","control","auxin_root_4h_lewis",1,"IAA","Auxin (IAA 1uM)",0
"PIN8","treat_1_auxin_root_4h_lewis",0.216246684071065,"treat",144886.920727317,22590,"auxin_root_4h_lewis","treat","root","4h","lewis","Auxin","treat","auxin_root_4h_lewis",1,"IAA","Auxin (IAA 1uM)",1
"PIN8","treat_2_auxin_root_4h_lewis",0.212265206157907,"treat",144894.144383529,22590,"auxin_root_4h_lewis","treat","root","4h","lewis","Auxin","treat","auxin_root_4h_lewis",1,"IAA","Auxin (IAA 1uM)",1
"PIN8","treat_3_auxin_root_4h_lewis",0.22688210452436,"treat",144862.849666918,22590,"auxin_root_4h_lewis","treat","root","4h","lewis","Auxin","treat","auxin_root_4h_lewis",1,"IAA","Auxin (IAA 1uM)",1
"PIN8","control_1_auxin_root_8h_lewis",0.228060050492502,"control",144812.499230489,22590,"auxin_root_8h_lewis","control","root","8h","lewis","Control","control","auxin_root_8h_lewis",1,"IAA","Auxin (IAA 1uM)",0
"PIN8","control_2_auxin_root_8h_lewis",0.224996910224168,"control",144823.513422043,22590,"auxin_root_8h_lewis","control","root","8h","lewis","Control","control","auxin_root_8h_lewis",1,"IAA","Auxin (IAA 1uM)",0
"PIN8","control_3_auxin_root_8h_lewis",0.219179002227103,"control",144744.097409198,22590,"auxin_root_8h_lewis","control","root","8h","lewis","Control","control","auxin_root_8h_lewis",1,"IAA","Auxin (IAA 1uM)",0
"PIN8","treat_1_auxin_root_8h_lewis",0.219536123845353,"treat",144950.172806519,22590,"auxin_root_8h_lewis","treat","root","8h","lewis","Auxin","treat","auxin_root_8h_lewis",1,"IAA","Auxin (IAA 1uM)",1
"PIN8","treat_2_auxin_root_8h_lewis",0.207978076206552,"treat",144916.250531644,22590,"auxin_root_8h_lewis","treat","root","8h","lewis","Auxin","treat","auxin_root_8h_lewis",1,"IAA","Auxin (IAA 1uM)",1
"PIN8","treat_3_auxin_root_8h_lewis",0.219067590845333,"treat",144868.756145071,22590,"auxin_root_8h_lewis","treat","root","8h","lewis","Auxin","treat","auxin_root_8h_lewis",1,"IAA","Auxin (IAA 1uM)",1
"PIN8","control_1_auxin_seedling_2h_okushima",0.221924176186574,"control",144850.414454846,22590,"auxin_seedling_2h_okushima","control","seedling","2h","okushima","Control","control","auxin_seedling_2h_okushima",5,"IAA","Auxin (IAA 5uM)",0
"PIN8","control_2_auxin_seedling_2h_okushima",0.218327790402857,"control",144852.755342067,22590,"auxin_seedling_2h_okushima","control","seedling","2h","okushima","Control","control","auxin_seedling_2h_okushima",5,"IAA","Auxin (IAA 5uM)",0
"PIN8","control_3_auxin_seedling_2h_okushima",0.220310547026231,"control",145027.418420535,22590,"auxin_seedling_2h_okushima","control","seedling","2h","okushima","Control","control","auxin_seedling_2h_okushima",5,"IAA","Auxin (IAA 5uM)",0
"PIN8","treat_1_auxin_seedling_2h_okushima",0.223699198939144,"treat",144752.38393162,22590,"auxin_seedling_2h_okushima","treat","seedling","2h","okushima","Auxin","treat","auxin_seedling_2h_okushima",5,"IAA","Auxin (IAA 5uM)",5
"PIN8","treat_2_auxin_seedling_2h_okushima",0.20833173346957,"treat",144785.81138481,22590,"auxin_seedling_2h_okushima","treat","seedling","2h","okushima","Auxin","treat","auxin_seedling_2h_okushima",5,"IAA","Auxin (IAA 5uM)",5
"PIN8","treat_3_auxin_seedling_2h_okushima",0.223404434281014,"treat",144786.604613882,22590,"auxin_seedling_2h_okushima","treat","seedling","2h","okushima","Auxin","treat","auxin_seedling_2h_okushima",5,"IAA","Auxin (IAA 5uM)",5
"PIN8","control_1_auxin_leaves_72h_romero-puertas",0.221548159271779,"control",144834.927944919,22590,"auxin_leaves_72h_romero-puertas","control","leaves","72h","romero-puertas","Control","control","auxin_leaves_72h_romero-puertas",10,"NAA","Auxin (NAA 10uM)",0
"PIN8","control_2_auxin_leaves_72h_romero-puertas",0.212081686389677,"control",144820.13560876,22590,"auxin_leaves_72h_romero-puertas","control","leaves","72h","romero-puertas","Control","control","auxin_leaves_72h_romero-puertas",10,"NAA","Auxin (NAA 10uM)",0
"PIN8","control_3_auxin_leaves_72h_romero-puertas",0.219778762729146,"control",144795.749595683,22590,"auxin_leaves_72h_romero-puertas","control","leaves","72h","romero-puertas","Control","control","auxin_leaves_72h_romero-puertas",10,"NAA","Auxin (NAA 10uM)",0
"PIN8","treat_1_auxin_leaves_72h_romero-puertas",0.223544867677885,"treat",144904.813770844,22590,"auxin_leaves_72h_romero-puertas","treat","leaves","72h","romero-puertas","Auxin","treat","auxin_leaves_72h_romero-puertas",10,"NAA","Auxin (NAA 10uM)",10
"PIN8","treat_2_auxin_leaves_72h_romero-puertas",0.220856237730501,"treat",144867.605003919,22590,"auxin_leaves_72h_romero-puertas","treat","leaves","72h","romero-puertas","Auxin","treat","auxin_leaves_72h_romero-puertas",10,"NAA","Auxin (NAA 10uM)",10
"PIN8","treat_3_auxin_leaves_72h_romero-puertas",0.217980330389117,"treat",144895.691298338,22590,"auxin_leaves_72h_romero-puertas","treat","leaves","72h","romero-puertas","Auxin","treat","auxin_leaves_72h_romero-puertas",10,"NAA","Auxin (NAA 10uM)",10
"PIN8","control_1_auxin_seedling_3h_shimada",0.217761478902843,"control",144936.148632461,22590,"auxin_seedling_3h_shimada","control","seedling","3h","shimada","Control","control","auxin_seedling_3h_shimada",1,"IAA","Auxin (IAA 1uM)",0
"PIN8","control_2_auxin_seedling_3h_shimada",0.215994075437239,"control",144826.947354206,22590,"auxin_seedling_3h_shimada","control","seedling","3h","shimada","Control","control","auxin_seedling_3h_shimada",1,"IAA","Auxin (IAA 1uM)",0
"PIN8","control_3_auxin_seedling_3h_shimada",0.224006604140358,"control",144820.075522564,22590,"auxin_seedling_3h_shimada","control","seedling","3h","shimada","Control","control","auxin_seedling_3h_shimada",1,"IAA","Auxin (IAA 1uM)",0
"PIN8","treat_1_auxin_seedling_3h_shimada",0.223077484908233,"treat",144885.553254898,22590,"auxin_seedling_3h_shimada","treat","seedling","3h","shimada","Auxin","treat","auxin_seedling_3h_shimada",1,"IAA","Auxin (IAA 1uM)",1
"PIN8","treat_2_auxin_seedling_3h_shimada",0.226537851568926,"treat",144878.829063559,22590,"auxin_seedling_3h_shimada","treat","seedling","3h","shimada","Auxin","treat","auxin_seedling_3h_shimada",1,"IAA","Auxin (IAA 1uM)",1
"PIN8","treat_3_auxin_seedling_3h_shimada",0.209430926727982,"treat",144781.035680359,22590,"auxin_seedling_3h_shimada","treat","seedling","3h","shimada","Auxin","treat","auxin_seedling_3h_shimada",1,"IAA","Auxin (IAA 1uM)",1
"PIN8","control_1_auxin_root_4h_stepanova",0.208464062596206,"control",144745.431466715,22590,"auxin_root_4h_stepanova","control","root","4h","stepanova","Control","control","auxin_root_4h_stepanova",1,"IAA","Auxin (IAA 1uM)",0
"PIN8","control_2_auxin_root_4h_stepanova",0.216926464299007,"control",144900.51460241,22590,"auxin_root_4h_stepanova","control","root","4h","stepanova","Control","control","auxin_root_4h_stepanova",1,"IAA","Auxin (IAA 1uM)",0
"PIN8","treat_1_auxin_root_4h_stepanova",0.228348404778144,"treat",144826.342266078,22590,"auxin_root_4h_stepanova","treat","root","4h","stepanova","Auxin","treat","auxin_root_4h_stepanova",1,"IAA","Auxin (IAA 1uM)",1
"PIN8","treat_2_auxin_root_4h_stepanova",0.223833253495575,"treat",144796.225628749,22590,"auxin_root_4h_stepanova","treat","root","4h","stepanova","Auxin","treat","auxin_root_4h_stepanova",1,"IAA","Auxin (IAA 1uM)",1
"PIN8","control_1_auxin_root_2h_vanneste",0.213633341657067,"control",144966.939261077,22590,"auxin_root_2h_vanneste","control","root","2h","vanneste","Control","control","auxin_root_2h_vanneste",10,"IAA","Auxin (IAA 10uM)",0
"PIN8","control_2_auxin_root_2h_vanneste",0.227551145349587,"control",144922.474082519,22590,"auxin_root_2h_vanneste","control","root","2h","vanneste","Control","control","auxin_root_2h_vanneste",10,"IAA","Auxin (IAA 10uM)",0
"PIN8","treat_1_auxin_root_2h_vanneste",0.212067769973369,"treat",144706.519274053,22590,"auxin_root_2h_vanneste","treat","root","2h","vanneste","Auxin","treat","auxin_root_2h_vanneste",10,"IAA","Auxin (IAA 10uM)",10
"PIN8","treat_2_auxin_root_2h_vanneste",0.224587366401304,"treat",144721.611518547,22590,"auxin_root_2h_vanneste","treat","root","2h","vanneste","Auxin","treat","auxin_root_2h_vanneste",10,"IAA","Auxin (IAA 10uM)",10
"PIN8","control_1_auxin_root_6h_vanneste",0.211569322993496,"control",145026.156491784,22590,"auxin_root_6h_vanneste","control","root","6h","vanneste","Control","control","auxin_root_6h_vanneste",10,"IAA","Auxin (IAA 10uM)",0
"PIN8","control_2_auxin_root_6h_vanneste",0.224979615199692,"control",145031.752703641,22590,"auxin_root_6h_vanneste","control","root","6h","vanneste","Control","control","auxin_root_6h_vanneste",10,"IAA","Auxin (IAA 10uM)",0
"PIN8","treat_1_auxin_root_6h_vanneste",0.220506899338875,"treat",144524.822905649,22590,"auxin_root_6h_vanneste","treat","root","6h","vanneste","Auxin","treat","auxin_root_6h_vanneste",10,"IAA","Auxin (IAA 10uM)",10
"PIN8","treat_2_auxin_root_6h_vanneste",0.220784717156465,"treat",144628.818837339,22590,"auxin_root_6h_vanneste","treat","root","6h","vanneste","Auxin","treat","auxin_root_6h_vanneste",10,"IAA","Auxin (IAA 10uM)",10
"PIN8","control_1_auxin_root-apex_6h_xuan",0.209491670681774,"control",144924.81239729,22590,"auxin_root-apex_6h_xuan","control","root-apex","6h","xuan","Control","control","auxin_root-apex_6h_xuan",10,"IBA","Auxin (IBA 10uM)",0
"PIN8","control_2_auxin_root-apex_6h_xuan",0.217096939821269,"control",144926.036288684,22590,"auxin_root-apex_6h_xuan","control","root-apex","6h","xuan","Control","control","auxin_root-apex_6h_xuan",10,"IBA","Auxin (IBA 10uM)",0
"PIN8","control_3_auxin_root-apex_6h_xuan",0.222913502411268,"control",144906.327627783,22590,"auxin_root-apex_6h_xuan","control","root-apex","6h","xuan","Control","control","auxin_root-apex_6h_xuan",10,"IBA","Auxin (IBA 10uM)",0
"PIN8","treat_1_auxin_root-apex_6h_xuan",0.224226838614853,"treat",144725.564784712,22590,"auxin_root-apex_6h_xuan","treat","root-apex","6h","xuan","Auxin","treat","auxin_root-apex_6h_xuan",10,"IBA","Auxin (IBA 10uM)",10
"PIN8","treat_2_auxin_root-apex_6h_xuan",0.212616529159645,"treat",144714.319614003,22590,"auxin_root-apex_6h_xuan","treat","root-apex","6h","xuan","Auxin","treat","auxin_root-apex_6h_xuan",10,"IBA","Auxin (IBA 10uM)",10
"PIN8","treat_3_auxin_root-apex_6h_xuan",0.229352319704318,"treat",144602.097876745,22590,"auxin_root-apex_6h_xuan","treat","root-apex","6h","xuan","Auxin","treat","auxin_root-apex_6h_xuan",10,"IBA","Auxin (IBA 10uM)",10
