arabidopsis_gene	rice_gene	orthology_type	orthology_confidence
AT2G27490	Os01g0360600	ortholog_one2one	1
AT2G34090	Os01g0613900	ortholog_one2one	1
AT1G76730	Os12g0168000	ortholog_one2one	1
AT5G61800	Os04g0401200	ortholog_one2one	1
AT1G80310	Os01g0645900	ortholog_one2one	1
AT1G03910	Os03g0800100	ortholog_one2one	1
AT5G08580	Os02g0221800	ortholog_one2one	1
AT1G79830	Os05g0559900	ortholog_one2one	1
AT5G54520	Os02g0319800	ortholog_one2one	1
AT1G48140	Os02g0749450	ortholog_one2one	1
AT2G32600	Os03g0263500	ortholog_one2one	1
AT3G06580	Os03g0832600	ortholog_one2one	1
AT2G26000	Os02g0182900	ortholog_one2one	1
AT3G51050	Os02g0100700	ortholog_one2one	1
AT5G23060	Os02g0729400	ortholog_one2one	1
AT2G23093	Os08g0113800	ortholog_one2one	1
AT2G46900	Os09g0514900	ortholog_one2one	1
AT3G13440	Os03g0824200	ortholog_one2one	1
AT5G08370	Os10g0493600	ortholog_one2one	1
AT4G13020	Os03g0847600	ortholog_one2one	1
AT1G34770	Os07g0151300	ortholog_one2one	1
AT2G24820	Os02g0792800	ortholog_one2one	1
AT1G29810	Os01g0663500	ortholog_one2one	1
AT1G34380	Os01g0874800	ortholog_one2one	1
AT5G09650	Os02g0768600	ortholog_one2one	1
AT2G37970	Os01g0850900	ortholog_one2one	1
AT5G15300	Os03g0168550	ortholog_one2one	1
AT5G20140	Os06g0597900	ortholog_one2one	1
AT1G63660	Os08g0326600	ortholog_one2one	1
AT5G35840	Os03g0752100	ortholog_one2one	1
AT5G50210	Os12g0290150	ortholog_one2one	1
AT1G17870	Os03g0729000	ortholog_one2one	1
AT1G23090	Os04g0652400	ortholog_one2one	1
AT5G25770	Os06g0163200	ortholog_one2one	1
AT1G76420	Os08g0511200	ortholog_one2one	1
AT4G04930	Os02g0639600	ortholog_one2one	1
AT1G68220	Os08g0261100	ortholog_one2one	1
AT4G12680	Os06g0300500	ortholog_one2one	1
AT2G19540	Os11g0134500	ortholog_one2one	1
AT2G40190	Os12g0583000	ortholog_one2one	1
AT3G07230	Os12g0405700	ortholog_one2one	1
AT3G18270	Os01g0138900	ortholog_one2one	1
AT2G28490	Os03g0336100	ortholog_one2one	1
AT3G24200	Os03g0839100	ortholog_one2one	1
AT5G22030	Os07g0160000	ortholog_one2one	1
AT5G57280	Os02g0804300	ortholog_one2one	1
AT3G06920	Os07g0249100	ortholog_one2one	1
AT5G50290	Os05g0409100	ortholog_one2one	1
AT4G10260	Os08g0113100	ortholog_one2one	1
AT5G53050	Os05g0542200	ortholog_one2one	1
AT3G03630	Os01g0814800	ortholog_one2one	1
AT4G29820	Os08g0398800	ortholog_one2one	1
AT4G24400	Os01g0536000	ortholog_one2one	1
AT5G06530	Os03g0157400	ortholog_one2one	1
AT3G59520	Os01g0895500	ortholog_one2one	1
AT3G13550	Os07g0577400	ortholog_one2one	1
AT2G35790	Os03g0853800	ortholog_one2one	1
AT5G36170	Os07g0546600	ortholog_one2one	1
AT1G56290	Os03g0740700	ortholog_one2one	1
AT2G03270	Os03g0586900	ortholog_one2one	1
AT1G12370	Os10g0167600	ortholog_one2one	1
AT3G12930	Os09g0493600	ortholog_one2one	1
AT2G32080	Os01g0260700	ortholog_one2one	1
AT4G39670	Os03g0710700	ortholog_one2one	1
AT5G09310	Os01g0960000	ortholog_one2one	1
AT1G06820	Os11g0572700	ortholog_one2one	1
AT1G56590	Os05g0383100	ortholog_one2one	1
AT2G35130	Os02g0170000	ortholog_one2one	1
AT5G02250	Os01g0841800	ortholog_one2one	1
AT2G42810	Os05g0204900	ortholog_one2one	1
AT5G06140	Os01g0862300	ortholog_one2one	1
AT3G03070	Os08g0161700	ortholog_one2one	1
AT1G04190	Os12g0604800	ortholog_one2one	1
AT5G19400	Os08g0305300	ortholog_one2one	1
AT2G30390	Os05g0361200	ortholog_one2one	1
AT4G19900	Os07g0567300	ortholog_one2one	1
AT2G47710	Os07g0673400	ortholog_one2one	1
AT1G30010	Os12g0407300	ortholog_one2one	1
AT5G51300	Os04g0385700	ortholog_one2one	1
AT1G67410	Os01g0921300	ortholog_one2one	1
AT1G32090	Os10g0579100	ortholog_one2one	1
AT1G71480	Os09g0266000	ortholog_one2one	1
AT1G79890	Os05g0219800	ortholog_one2one	1
AT1G28340	Os07g0501800	ortholog_one2one	1
AT3G47810	Os02g0265400	ortholog_one2one	1
AT1G63680	Os10g0548900	ortholog_one2one	1
AT3G21720	Os07g0529000	ortholog_one2one	1
AT4G13250	Os01g0227100	ortholog_one2one	1
AT5G45160	Os12g0604600	ortholog_one2one	1
AT2G28800	Os01g0151200	ortholog_one2one	1
AT4G30810	Os06g0186400	ortholog_one2one	1
AT4G25770	Os08g0447300	ortholog_one2one	1
AT1G61050	Os04g0529700	ortholog_one2one	1
AT4G10180	Os01g0104600	ortholog_one2one	1
AT1G16770	Os02g0140800	ortholog_one2one	1
AT5G08380	Os10g0492900	ortholog_one2one	1
AT1G64860	Os08g0163400	ortholog_one2one	1
AT3G06810	Os07g0675000	ortholog_one2one	1
AT5G50230	Os03g0746600	ortholog_one2one	1
AT1G17160	Os01g0665400	ortholog_one2one	1
AT5G51970	Os08g0545200	ortholog_one2one	1
AT5G16260	Os04g0496400	ortholog_one2one	1
AT3G16270	Os01g0232400	ortholog_one2one	1
AT5G05310	Os12g0112300	ortholog_one2one	1
AT3G52200	Os06g0499900	ortholog_one2one	1
AT5G51750	Os04g0573300	ortholog_one2one	1
AT1G60600	Os03g0190100	ortholog_one2one	1
AT5G13780	Os04g0635800	ortholog_one2one	1
AT5G41960	Os04g0585600	ortholog_one2one	1
AT5G57020	Os01g0708100	ortholog_one2one	1
AT4G34730	Os06g0137600	ortholog_one2one	1
AT1G06550	Os01g0752200	ortholog_one2one	1
AT5G20590	Os06g0659400	ortholog_one2one	1
AT2G24220	Os09g0557500	ortholog_one2one	1
AT3G22290	Os03g0784400	ortholog_one2one	1
AT3G52155	Os09g0287300	ortholog_one2one	1
AT1G50940	Os03g0835400	ortholog_one2one	1
AT5G22010	Os11g0572100	ortholog_one2one	1
AT5G64630	Os08g0108200	ortholog_one2one	1
AT3G05480	Os03g0345100	ortholog_one2one	1
AT4G21150	Os01g0911200	ortholog_one2one	1
AT3G53570	Os01g0837900	ortholog_one2one	1
AT3G63090	Os01g0293200	ortholog_one2one	1
AT1G63610	Os02g0833400	ortholog_one2one	1
AT1G71840	Os03g0685600	ortholog_one2one	1
AT5G22470	Os02g0530600	ortholog_one2one	1
AT3G09010	Os03g0264300	ortholog_one2one	1
AT1G73820	Os12g0168200	ortholog_one2one	1
AT1G08860	Os05g0373300	ortholog_one2one	1
AT4G37270	Os06g0690700	ortholog_one2one	1
AT1G18270	Os06g0258900	ortholog_one2one	1
AT5G51130	Os08g0540500	ortholog_one2one	1
AT3G57430	Os04g0118700	ortholog_one2one	1
AT1G03100	Os10g0422566	ortholog_one2one	1
AT4G39880	Os07g0415200	ortholog_one2one	1
AT5G63140	Os09g0533300	ortholog_one2one	1
AT3G18800	Os04g0687200	ortholog_one2one	1
AT1G13040	Os07g0688100	ortholog_one2one	1
AT2G44950	Os04g0550400	ortholog_one2one	1
AT3G13180	Os09g0477900	ortholog_one2one	1
AT3G47860	Os04g0626400	ortholog_one2one	1
AT5G06400	Os12g0456100	ortholog_one2one	1
AT2G21620	Os02g0705400	ortholog_one2one	1
AT1G44575	Os01g0869800	ortholog_one2one	1
AT3G13235	Os02g0198600	ortholog_one2one	1
AT5G18390	Os08g0525500	ortholog_one2one	1
AT2G24395	Os08g0520850	ortholog_one2one	1
AT4G39280	Os10g0400800	ortholog_one2one	1
AT2G40430	Os05g0144200	ortholog_one2one	1
AT3G10960	Os05g0332600	ortholog_one2one	1
AT3G59480	Os01g0894300	ortholog_one2one	1
AT5G61970	Os08g0323000	ortholog_one2one	1
AT5G55280	Os04g0665400	ortholog_one2one	1
AT4G33680	Os03g0299900	ortholog_one2one	1
AT4G33925	Os07g0593200	ortholog_one2one	1
AT3G27740	Os02g0708100	ortholog_one2one	1
AT3G52180	Os03g0107800	ortholog_one2one	1
AT3G25210	Os06g0184866	ortholog_one2one	1
AT3G02760	Os05g0150900	ortholog_one2one	1
AT1G71990	Os12g0170600	ortholog_one2one	1
AT4G35730	Os09g0547200	ortholog_one2one	1
AT1G18700	Os07g0632600	ortholog_one2one	1
AT5G53490	Os10g0502000	ortholog_one2one	1
AT5G42150	Os04g0244400	ortholog_one2one	1
AT2G36990	Os08g0242800	ortholog_one2one	1
AT1G65230	Os01g0912700	ortholog_one2one	1
AT4G15110	Os02g0173100	ortholog_one2one	1
AT4G16700	Os03g0101900	ortholog_one2one	1
AT1G10310	Os02g0557700	ortholog_one2one	1
AT5G51700	Os02g0535400	ortholog_one2one	1
AT3G28030	Os03g0205400	ortholog_one2one	1
AT5G35620	Os10g0467600	ortholog_one2one	1
AT1G45150	Os07g0581300	ortholog_one2one	1
AT1G17850	Os03g0861700	ortholog_one2one	1
AT5G13570	Os02g0805900	ortholog_one2one	1
AT5G16020	Os01g0605400	ortholog_one2one	1
AT3G49142	Os03g0241800	ortholog_one2one	1
AT5G62190	Os09g0520700	ortholog_one2one	1
AT3G54750	Os12g0621700	ortholog_one2one	1
AT2G32120	Os03g0218500	ortholog_one2one	1
AT4G34310	Os03g0185500	ortholog_one2one	1
AT1G65030	Os12g0615900	ortholog_one2one	1
AT1G70570	Os02g0131200	ortholog_one2one	1
AT2G36730	Os09g0412900	ortholog_one2one	1
AT4G32250	Os06g0639500	ortholog_one2one	1
AT5G19050	Os07g0211800	ortholog_one2one	1
AT2G42160	Os04g0648500	ortholog_one2one	1
AT4G38160	Os08g0515800	ortholog_one2one	1
AT1G06110	Os11g0265200	ortholog_one2one	1
AT3G12270	Os07g0640000	ortholog_one2one	1
AT5G14430	Os06g0687450	ortholog_one2one	1
AT3G26670	Os02g0518100	ortholog_one2one	1
AT5G66530	Os09g0327400	ortholog_one2one	1
AT4G22200	Os05g0428700	ortholog_one2one	1
AT5G14850	Os01g0580100	ortholog_one2one	1
AT1G49380	Os03g0769600	ortholog_one2one	1
AT4G38020	Os03g0685100	ortholog_one2one	1
AT5G65490	Os08g0447200	ortholog_one2one	1
AT1G03000	Os04g0617600	ortholog_one2one	1
AT1G71350	Os02g0557600	ortholog_one2one	1
AT1G17630	Os01g0197450	ortholog_one2one	1
AT3G01435	Os02g0189100	ortholog_one2one	1
AT2G45860	Os02g0824400	ortholog_one2one	1
AT1G77020	Os02g0555700	ortholog_one2one	1
AT4G14180	Os04g0347800	ortholog_one2one	1
AT4G37460	Os07g0113700	ortholog_one2one	1
AT5G14100	Os11g0490800	ortholog_one2one	1
AT3G63190	Os07g0570700	ortholog_one2one	1
AT5G66360	Os07g0509600	ortholog_one2one	1
AT5G39710	Os06g0152500	ortholog_one2one	1
AT3G13220	Os06g0607700	ortholog_one2one	1
AT5G35220	Os03g0792400	ortholog_one2one	1
AT4G32605	Os01g0771100	ortholog_one2one	1
AT5G37680	Os02g0732500	ortholog_one2one	1
AT5G11840	Os05g0539900	ortholog_one2one	1
AT4G17040	Os01g0271400	ortholog_one2one	1
AT3G18524	Os05g0274200	ortholog_one2one	1
AT5G01300	Os05g0468800	ortholog_one2one	1
AT3G26560	Os02g0301500	ortholog_one2one	1
AT3G17000	Os03g0308000	ortholog_one2one	1
AT1G19290	Os05g0275100	ortholog_one2one	1
AT5G50840	Os03g0288600	ortholog_one2one	1
AT2G38680	Os03g0648900	ortholog_one2one	1
AT4G14890	Os03g0659200	ortholog_one2one	1
AT3G47990	Os05g0145000	ortholog_one2one	1
AT2G21970	Os04g0639200	ortholog_one2one	1
AT3G49660	Os03g0725400	ortholog_one2one	1
AT1G64680	Os08g0114100	ortholog_one2one	1
AT2G02980	Os03g0795200	ortholog_one2one	1
AT3G07080	Os06g0681700	ortholog_one2one	1
AT3G62030	Os01g0284700	ortholog_one2one	1
AT2G16920	Os01g0125900	ortholog_one2one	1
AT3G22950	Os11g0586900	ortholog_one2one	1
AT5G56730	Os01g0558850	ortholog_one2one	1
AT5G12130	Os05g0121200	ortholog_one2one	1
AT5G04895	Os03g0748800	ortholog_one2one	1
AT5G59140	Os11g0707700	ortholog_one2one	1
AT5G06130	Os02g0535000	ortholog_one2one	1
AT1G53600	Os08g0131000	ortholog_one2one	1
AT4G11160	Os09g0515500	ortholog_one2one	1
AT5G02850	Os09g0540500	ortholog_one2one	1
AT1G64770	Os03g0158300	ortholog_one2one	1
AT1G48520	Os11g0544800	ortholog_one2one	1
AT5G03910	Os04g0413000	ortholog_one2one	1
AT1G60550	Os01g0662700	ortholog_one2one	1
AT5G60620	Os07g0531600	ortholog_one2one	1
AT2G45730	Os04g0112300	ortholog_one2one	1
AT1G72440	Os09g0116400	ortholog_one2one	1
AT3G12100	Os02g0832700	ortholog_one2one	1
AT5G46700	Os03g0100020	ortholog_one2one	1
AT5G16210	Os01g0514300	ortholog_one2one	1
AT5G13770	Os04g0583101	ortholog_one2one	1
AT3G27120	Os12g0443800	ortholog_one2one	1
AT1G80420	Os06g0144000	ortholog_one2one	1
AT2G30100	Os05g0353300	ortholog_one2one	1
AT5G24690	Os12g0283800	ortholog_one2one	1
AT1G05055	Os04g0508900	ortholog_one2one	1
AT5G62030	Os02g0815600	ortholog_one2one	1
AT3G18860	Os07g0123700	ortholog_one2one	1
AT5G52920	Os01g0660300	ortholog_one2one	1
AT5G44200	Os02g0612300	ortholog_one2one	1
AT5G04420	Os02g0822800	ortholog_one2one	1
AT5G44340	Os03g0661300	ortholog_one2one	1
AT5G52810	Os10g0533200	ortholog_one2one	1
AT3G47490	Os03g0169800	ortholog_one2one	1
AT5G26742	Os03g0827700	ortholog_one2one	1
AT1G10760	Os06g0498400	ortholog_one2one	1
AT1G73850	Os01g0129500	ortholog_one2one	1
AT2G26910	Os01g0177900	ortholog_one2one	1
AT5G27710	Os07g0673000	ortholog_one2one	1
AT5G40500	Os04g0482900	ortholog_one2one	1
AT5G49800	Os11g0245500	ortholog_one2one	1
AT4G00026	Os03g0253800	ortholog_one2one	1
AT4G16835	Os08g0153600	ortholog_one2one	1
AT5G66090	Os09g0541700	ortholog_one2one	1
AT2G30320	Os03g0338600	ortholog_one2one	1
AT1G12680	Os09g0466900	ortholog_one2one	1
AT3G20440	Os06g0367100	ortholog_one2one	1
AT1G77030	Os08g0416100	ortholog_one2one	1
AT3G02710	Os02g0831300	ortholog_one2one	1
AT5G65110	Os11g0605500	ortholog_one2one	1
AT2G47490	Os05g0357200	ortholog_one2one	1
AT5G23520	Os04g0442100	ortholog_one2one	1
AT1G17880	Os03g0851000	ortholog_one2one	1
AT2G39650	Os01g0973600	ortholog_one2one	1
AT5G55500	Os08g0503800	ortholog_one2one	1
AT3G25410	Os02g0475400	ortholog_one2one	1
AT5G11680	Os09g0512900	ortholog_one2one	1
AT3G55760	Os11g0586300	ortholog_one2one	1
AT2G40860	Os01g0541900	ortholog_one2one	1
AT4G24480	Os04g0610900	ortholog_one2one	1
AT1G80770	Os08g0158900	ortholog_one2one	1
AT2G30200	Os03g0297400	ortholog_one2one	1
AT5G60700	Os02g0806500	ortholog_one2one	1
AT1G67570	Os08g0128200	ortholog_one2one	1
AT1G07320	Os03g0265400	ortholog_one2one	1
AT3G01060	Os05g0512200	ortholog_one2one	1
AT1G63260	Os10g0503600	ortholog_one2one	1
AT2G30600	Os05g0345500	ortholog_one2one	1
AT5G65220	Os02g0754300	ortholog_one2one	1
AT2G18940	Os05g0275000	ortholog_one2one	1
AT4G02580	Os05g0509200	ortholog_one2one	1
AT4G29540	Os01g0722100	ortholog_one2one	1
AT5G67290	Os07g0155100	ortholog_one2one	1
AT4G14000	Os09g0359900	ortholog_one2one	1
AT3G07300	Os10g0392700	ortholog_one2one	1
AT2G34980	Os02g0622200	ortholog_one2one	1
AT2G15680	Os09g0458700	ortholog_one2one	1
AT4G37170	Os03g0235200	ortholog_one2one	1
AT3G11620	Os01g0958800	ortholog_one2one	1
AT3G55510	Os12g0163200	ortholog_one2one	1
AT1G07120	Os03g0294100	ortholog_one2one	1
AT3G27530	Os12g0538900	ortholog_one2one	1
AT1G78770	Os03g0236966	ortholog_one2one	1
AT5G13290	Os01g0927500	ortholog_one2one	1
AT4G01860	Os03g0111800	ortholog_one2one	1
AT5G44450	Os03g0780900	ortholog_one2one	1
AT1G52340	Os03g0810800	ortholog_one2one	1
AT1G67740	Os08g0119800	ortholog_one2one	1
AT5G04910	Os01g0265700	ortholog_one2one	1
AT5G49410	Os08g0360000	ortholog_one2one	1
AT1G14990	Os01g0606050	ortholog_one2one	1
AT5G57170	Os06g0699500	ortholog_one2one	1
AT1G55480	Os07g0171100	ortholog_one2one	1
AT3G06440	Os01g0328900	ortholog_one2one	1
AT1G30460	Os06g0677700	ortholog_one2one	1
AT2G38000	Os05g0316200	ortholog_one2one	1
AT2G37560	Os03g0184700	ortholog_one2one	1
AT5G15330	Os03g0827500	ortholog_one2one	1
AT5G53800	Os04g0530300	ortholog_one2one	1
AT5G14140	Os11g0498400	ortholog_one2one	1
AT1G21350	Os07g0260300	ortholog_one2one	1
AT5G52030	Os08g0545700	ortholog_one2one	1
AT5G19370	Os07g0687500	ortholog_one2one	1
AT1G71790	Os03g0381200	ortholog_one2one	1
AT2G39805	Os05g0455800	ortholog_one2one	1
AT4G38225	Os03g0128800	ortholog_one2one	1
AT1G50240	Os12g0433500	ortholog_one2one	1
AT5G18070	Os07g0195400	ortholog_one2one	1
AT4G38890	Os04g0117600	ortholog_one2one	1
AT4G17830	Os02g0690800	ortholog_one2one	1
AT3G59770	Os01g0355600	ortholog_one2one	1
AT5G08260	Os04g0525700	ortholog_one2one	1
AT5G11340	Os01g0610400	ortholog_one2one	1
AT3G20475	Os05g0498300	ortholog_one2one	1
AT4G28030	Os08g0260000	ortholog_one2one	1
AT3G59630	Os11g0265600	ortholog_one2one	1
AT1G04080	Os03g0210400	ortholog_one2one	1
AT4G31120	Os02g0139200	ortholog_one2one	1
AT1G42430	Os03g0133300	ortholog_one2one	1
AT1G18680	Os10g0335200	ortholog_one2one	1
AT1G44835	Os02g0767700	ortholog_one2one	1
AT5G46330	Os04g0618700	ortholog_one2one	1
AT3G11960	Os07g0203700	ortholog_one2one	1
AT3G05675	Os07g0668800	ortholog_one2one	1
AT1G07970	Os03g0288800	ortholog_one2one	1
AT3G46940	Os03g0669100	ortholog_one2one	1
AT4G21445	Os04g0635700	ortholog_one2one	1
AT3G51610	Os05g0168400	ortholog_one2one	1
AT1G64310	Os01g0545900	ortholog_one2one	1
AT1G13380	Os09g0281300	ortholog_one2one	1
AT5G22370	Os02g0555000	ortholog_one2one	1
AT3G02330	Os10g0558600	ortholog_one2one	1
AT3G12170	Os02g0195800	ortholog_one2one	1
AT3G62910	Os11g0657100	ortholog_one2one	1
AT1G16280	Os07g0633500	ortholog_one2one	1
AT3G23020	Os03g0162900	ortholog_one2one	1
AT4G39700	Os08g0403300	ortholog_one2one	1
AT2G31290	Os06g0265900	ortholog_one2one	1
AT5G17990	Os03g0126000	ortholog_one2one	1
AT4G10920	Os01g0706000	ortholog_one2one	1
AT5G11980	Os12g0538300	ortholog_one2one	1
AT1G64150	Os01g0221700	ortholog_one2one	1
AT2G26930	Os01g0802100	ortholog_one2one	1
AT1G03330	Os08g0154700	ortholog_one2one	1
AT4G26330	Os03g0158700	ortholog_one2one	1
AT4G10840	Os02g0109800	ortholog_one2one	1
AT1G27880	Os04g0486800	ortholog_one2one	1
AT3G53470	Os03g0285100	ortholog_one2one	1
AT4G02060	Os12g0560700	ortholog_one2one	1
AT5G23550	Os02g0564500	ortholog_one2one	1
AT3G07270	Os04g0662700	ortholog_one2one	1
AT2G19430	Os09g0363600	ortholog_one2one	1
AT5G46220	Os01g0210400	ortholog_one2one	1
AT2G01110	Os01g0501700	ortholog_one2one	1
AT1G44960	Os11g0537300	ortholog_one2one	1
AT5G11540	Os01g0687800	ortholog_one2one	1
AT4G37750	Os03g0232200	ortholog_one2one	1
AT1G21780	Os08g0103600	ortholog_one2one	1
AT3G03380	Os02g0712000	ortholog_one2one	1
AT1G11660	Os06g0679800	ortholog_one2one	1
AT2G01350	Os09g0553600	ortholog_one2one	1
AT1G79280	Os02g0741500	ortholog_one2one	1
AT4G03280	Os07g0556200	ortholog_one2one	1
AT1G79150	Os06g0498500	ortholog_one2one	1
AT5G65930	Os04g0666900	ortholog_one2one	1
AT1G14000	Os07g0632800	ortholog_one2one	1
AT5G20380	Os09g0556400	ortholog_one2one	1
AT1G48950	Os01g0605650	ortholog_one2one	1
AT2G25100	Os11g0153900	ortholog_one2one	1
AT1G09420	Os03g0318500	ortholog_one2one	1
AT2G10940	Os06g0643500	ortholog_one2one	1
AT2G28790	Os01g0839900	ortholog_one2one	1
AT2G31060	Os01g0752700	ortholog_one2one	1
AT5G01470	Os03g0826700	ortholog_one2one	1
AT2G21440	Os03g0801800	ortholog_one2one	1
AT1G10130	Os03g0730800	ortholog_one2one	1
AT3G13560	Os07g0577300	ortholog_one2one	1
AT5G03070	Os01g0158000	ortholog_one2one	1
AT2G43650	Os01g0104800	ortholog_one2one	1
AT3G60680	Os10g0508100	ortholog_one2one	1
AT5G13760	Os07g0656100	ortholog_one2one	1
AT1G10840	Os04g0376500	ortholog_one2one	1
AT5G24710	Os01g0653800	ortholog_one2one	1
AT2G36370	Os01g0968600	ortholog_one2one	1
AT3G08980	Os03g0147900	ortholog_one2one	1
AT2G32500	Os03g0110900	ortholog_one2one	1
AT3G20260	Os08g0519600	ortholog_one2one	1
AT5G57930	Os02g0732900	ortholog_one2one	1
AT5G07590	Os10g0563300	ortholog_one2one	1
AT1G63980	Os03g0125300	ortholog_one2one	1
AT3G09580	Os07g0626800	ortholog_one2one	1
AT5G47390	Os10g0561400	ortholog_one2one	1
AT2G30070	Os06g0671000	ortholog_one2one	1
AT1G24030	Os09g0375600	ortholog_one2one	1
AT1G10460	Os03g0179100	ortholog_one2one	1
AT2G33630	Os02g0715200	ortholog_one2one	1
AT1G33270	Os11g0546300	ortholog_one2one	1
AT4G18460	Os01g0242500	ortholog_one2one	1
AT5G57590	Os08g0245400	ortholog_one2one	1
AT5G44635	Os05g0235800	ortholog_one2one	1
AT4G12230	Os10g0169800	ortholog_one2one	1
AT1G66510	Os04g0132300	ortholog_one2one	1
AT4G23440	Os01g0760400	ortholog_one2one	1
AT3G58600	Os01g0614700	ortholog_one2one	1
AT1G78560	Os04g0381100	ortholog_one2one	1
AT1G27520	Os02g0741300	ortholog_one2one	1
AT2G28450	Os04g0105000	ortholog_one2one	1
AT3G16170	Os01g0761300	ortholog_one2one	1
AT5G48840	Os03g0851800	ortholog_one2one	1
AT1G51160	Os01g0513700	ortholog_one2one	1
AT1G61780	Os08g0190800	ortholog_one2one	1
AT4G08790	Os12g0502500	ortholog_one2one	1
AT1G45110	Os10g0414500	ortholog_one2one	1
AT4G31150	Os06g0663600	ortholog_one2one	1
AT5G51820	Os10g0189100	ortholog_one2one	1
AT1G09010	Os05g0391500	ortholog_one2one	1
AT1G31360	Os11g0708600	ortholog_one2one	1
AT4G16440	Os03g0748700	ortholog_one2one	1
AT2G27760	Os01g0968700	ortholog_one2one	1
AT1G78650	Os01g0204000	ortholog_one2one	1
AT5G60750	Os06g0505400	ortholog_one2one	1
AT2G21290	Os09g0528100	ortholog_one2one	1
AT5G13200	Os12g0478200	ortholog_one2one	1
AT1G05410	Os03g0747200	ortholog_one2one	1
AT5G08400	Os02g0827600	ortholog_one2one	1
AT5G14590	Os04g0508200	ortholog_one2one	1
AT5G35570	Os09g0442900	ortholog_one2one	1
AT5G26850	Os03g0308200	ortholog_one2one	1
AT5G14760	Os02g0134400	ortholog_one2one	1
AT5G62310	Os12g0621500	ortholog_one2one	1
AT1G26900	Os08g0494350	ortholog_one2one	1
AT1G05940	Os02g0655700	ortholog_one2one	1
AT5G22100	Os03g0833700	ortholog_one2one	1
AT3G13840	Os03g0408600	ortholog_one2one	1
AT4G15420	Os01g0534800	ortholog_one2one	1
AT5G13030	Os06g0320700	ortholog_one2one	1
AT3G03220	Os04g0583500	ortholog_one2one	1
AT5G51220	Os07g0490300	ortholog_one2one	1
AT5G36950	Os05g0417100	ortholog_one2one	1
AT4G33200	Os10g0395150	ortholog_one2one	1
AT1G04620	Os04g0320100	ortholog_one2one	1
AT1G06440	Os10g0510300	ortholog_one2one	1
AT4G02485	Os11g0657200	ortholog_one2one	1
AT1G80360	Os01g0178000	ortholog_one2one	1
AT1G17120	Os06g0539400	ortholog_one2one	1
AT1G51510	Os05g0140500	ortholog_one2one	1
AT5G51540	Os06g0686500	ortholog_one2one	1
AT4G15850	Os02g0795900	ortholog_one2one	1
AT3G13860	Os05g0540300	ortholog_one2one	1
AT1G10040	Os03g0726800	ortholog_one2one	1
AT5G09550	Os03g0277000	ortholog_one2one	1
AT3G55440	Os01g0841600	ortholog_one2one	1
AT2G21860	Os01g0716400	ortholog_one2one	1
AT3G02260	Os09g0247700	ortholog_one2one	1
AT4G01810	Os01g0321700	ortholog_one2one	1
AT3G24320	Os04g0507000	ortholog_one2one	1
AT1G04900	Os01g0911900	ortholog_one2one	1
AT5G43500	Os04g0177600	ortholog_one2one	1
AT5G21050	Os03g0722000	ortholog_one2one	1
AT1G20620	Os02g0115700	ortholog_one2one	1
AT1G07290	Os03g0826300	ortholog_one2one	1
AT5G26880	Os08g0506500	ortholog_one2one	1
AT4G00590	Os04g0682500	ortholog_one2one	1
AT4G36630	Os03g0715500	ortholog_one2one	1
AT3G23750	Os04g0685900	ortholog_one2one	1
AT5G18230	Os03g0652100	ortholog_one2one	1
AT2G04845	Os03g0194400	ortholog_one2one	1
AT5G40400	Os01g0546700	ortholog_one2one	1
AT3G17300	Os12g0566100	ortholog_one2one	1
AT1G51550	Os08g0230300	ortholog_one2one	1
AT5G24760	Os02g0637700	ortholog_one2one	1
AT5G19610	Os04g0117300	ortholog_one2one	1
AT1G07830	Os06g0128500	ortholog_one2one	1
AT3G05090	Os12g0165000	ortholog_one2one	1
AT1G78910	Os08g0520100	ortholog_one2one	1
AT3G06050	Os01g0266600	ortholog_one2one	1
AT2G38770	Os03g0387000	ortholog_one2one	1
AT2G31530	Os05g0397700	ortholog_one2one	1
AT2G45700	Os09g0439000	ortholog_one2one	1
AT4G26370	Os03g0656900	ortholog_one2one	1
AT1G76400	Os05g0301500	ortholog_one2one	1
AT4G21580	Os02g0805600	ortholog_one2one	1
AT1G08560	Os03g0736500	ortholog_one2one	1
AT3G15200	Os01g0151900	ortholog_one2one	1
AT3G54440	Os01g0952600	ortholog_one2one	1
AT3G02680	Os10g0487300	ortholog_one2one	1
AT1G09270	Os07g0688300	ortholog_one2one	1
AT1G16445	Os05g0511700	ortholog_one2one	1
AT3G17940	Os10g0155500	ortholog_one2one	1
AT3G07890	Os08g0337700	ortholog_one2one	1
AT5G17380	Os01g0505400	ortholog_one2one	1
AT5G22080	Os03g0261500	ortholog_one2one	1
AT5G01270	Os01g0857000	ortholog_one2one	1
AT4G19860	Os04g0615100	ortholog_one2one	1
AT1G61620	Os03g0279900	ortholog_one2one	1
AT2G41680	Os07g0657900	ortholog_one2one	1
AT2G20860	Os04g0455800	ortholog_one2one	1
AT2G43110	Os04g0348100	ortholog_one2one	1
AT1G04400	Os02g0625000	ortholog_one2one	1
AT1G20810	Os02g0117600	ortholog_one2one	1
AT3G12290	Os05g0150800	ortholog_one2one	1
AT5G11900	Os01g0195500	ortholog_one2one	1
AT5G49840	Os01g0886600	ortholog_one2one	1
AT5G46580	Os03g0856100	ortholog_one2one	1
AT3G56290	Os01g0823600	ortholog_one2one	1
AT5G48870	Os05g0389300	ortholog_one2one	1
AT3G20330	Os08g0248800	ortholog_one2one	1
AT4G39400	Os01g0718300	ortholog_one2one	1
AT1G78280	Os03g0389900	ortholog_one2one	1
AT5G45780	Os02g0236100	ortholog_one2one	1
AT1G29990	Os02g0246300	ortholog_one2one	1
AT4G20070	Os06g0665500	ortholog_one2one	1
AT1G74530	Os08g0171000	ortholog_one2one	1
AT5G24120	Os05g0586600	ortholog_one2one	1
AT2G14530	Os07g0498900	ortholog_one2one	1
AT2G04560	Os01g0752600	ortholog_one2one	1
AT1G22460	Os06g0219400	ortholog_one2one	1
AT3G53360	Os06g0506100	ortholog_one2one	1
AT1G34350	Os08g0104100	ortholog_one2one	1
AT4G33150	Os02g0783700	ortholog_one2one	1
AT3G53090	Os03g0683866	ortholog_one2one	1
AT5G11040	Os04g0502200	ortholog_one2one	1
AT1G56310	Os05g0357100	ortholog_one2one	1
AT5G19830	Os03g0347800	ortholog_one2one	1
AT4G02050	Os09g0416200	ortholog_one2one	1
AT5G53890	Os07g0107800	ortholog_one2one	1
AT1G24610	Os02g0733800	ortholog_one2one	1
AT1G49670	Os09g0459800	ortholog_one2one	1
AT2G06510	Os02g0776800	ortholog_one2one	1
AT2G46090	Os03g0125400	ortholog_one2one	1
AT1G42970	Os03g0129300	ortholog_one2one	1
AT1G68050	Os11g0547000	ortholog_one2one	1
AT4G01870	Os07g0638100	ortholog_one2one	1
AT3G18520	Os07g0164100	ortholog_one2one	1
AT2G35040	Os08g0206600	ortholog_one2one	1
AT2G20390	Os02g0754800	ortholog_one2one	1
AT5G22110	Os05g0160800	ortholog_one2one	1
AT4G31600	Os06g0188100	ortholog_one2one	1
AT3G09890	Os03g0145800	ortholog_one2one	1
AT5G42310	Os07g0548300	ortholog_one2one	1
AT2G02090	Os04g0566100	ortholog_one2one	1
AT3G55160	Os08g0169700	ortholog_one2one	1
AT1G15200	Os03g0701900	ortholog_one2one	1
AT1G11930	Os05g0150000	ortholog_one2one	1
AT4G29490	Os02g0224400	ortholog_one2one	1
AT1G01280	Os08g0131100	ortholog_one2one	1
AT5G47040	Os09g0533400	ortholog_one2one	1
AT2G26100	Os05g0199500	ortholog_one2one	1
AT5G35560	Os02g0777100	ortholog_one2one	1
AT2G03350	Os03g0210500	ortholog_one2one	1
AT5G66055	Os03g0135600	ortholog_one2one	1
AT4G24175	Os04g0250700	ortholog_one2one	1
AT3G15160	Os04g0626900	ortholog_one2one	1
AT5G18930	Os05g0141800	ortholog_one2one	1
AT1G62940	Os04g0310800	ortholog_one2one	1
AT5G27720	Os01g0256900	ortholog_one2one	1
AT5G37830	Os01g0966000	ortholog_one2one	1
AT5G45390	Os10g0580800	ortholog_one2one	1
AT3G48380	Os12g0285500	ortholog_one2one	1
AT3G52860	Os05g0154900	ortholog_one2one	1
AT3G63520	Os12g0640600	ortholog_one2one	1
AT1G64280	Os01g0194300	ortholog_one2one	1
AT1G56440	Os05g0129900	ortholog_one2one	1
AT5G63040	Os01g0704200	ortholog_one2one	1
AT3G01180	Os10g0437600	ortholog_one2one	1
AT1G27980	Os01g0100900	ortholog_one2one	1
AT3G29185	Os03g0758900	ortholog_one2one	1
AT1G03150	Os03g0699400	ortholog_one2one	1
AT2G34050	Os02g0312700	ortholog_one2one	1
AT5G48450	Os01g0100400	ortholog_one2one	1
AT2G37440	Os05g0114100	ortholog_one2one	1
AT5G18920	Os05g0404300	ortholog_one2one	1
AT5G57040	Os07g0160400	ortholog_one2one	1
AT2G45640	Os02g0122000	ortholog_one2one	1
AT1G47271	Os01g0634900	ortholog_one2one	1
AT2G27600	Os01g0141300	ortholog_one2one	1
AT5G63010	Os04g0507900	ortholog_one2one	1
AT5G58490	Os03g0818200	ortholog_one2one	1
AT3G02065	Os02g0201900	ortholog_one2one	1
AT3G21200	Os08g0254900	ortholog_one2one	1
AT4G20850	Os02g0664300	ortholog_one2one	1
AT2G19385	Os01g0583200	ortholog_one2one	1
AT5G22130	Os03g0670200	ortholog_one2one	1
AT2G47980	Os05g0188500	ortholog_one2one	1
AT4G34412	Os01g0142200	ortholog_one2one	1
AT5G52520	Os07g0165000	ortholog_one2one	1
AT1G79850	Os04g0691600	ortholog_one2one	1
AT4G13070	Os06g0304500	ortholog_one2one	1
AT3G54670	Os12g0641500	ortholog_one2one	1
AT2G34260	Os07g0660700	ortholog_one2one	1
AT1G72990	Os05g0539400	ortholog_one2one	1
AT3G51800	Os05g0350500	ortholog_one2one	1
AT1G77930	Os07g0626400	ortholog_one2one	1
AT4G39920	Os02g0557000	ortholog_one2one	1
AT5G58070	Os02g0612900	ortholog_one2one	1
AT5G48390	Os01g0890900	ortholog_one2one	1
AT1G62990	Os03g0123500	ortholog_one2one	1
AT2G26430	Os01g0377500	ortholog_one2one	1
AT3G28720	Os06g0584200	ortholog_one2one	1
AT3G24350	Os01g0179200	ortholog_one2one	1
AT3G21110	Os09g0467100	ortholog_one2one	1
AT1G04200	Os01g0773100	ortholog_one2one	1
AT1G80860	Os02g0612100	ortholog_one2one	1
AT4G18780	Os01g0750300	ortholog_one2one	1
AT5G03800	Os07g0172600	ortholog_one2one	1
AT3G17365	Os08g0517600	ortholog_one2one	1
AT5G15880	Os09g0108400	ortholog_one2one	1
AT1G22940	Os12g0192500	ortholog_one2one	1
AT5G04430	Os02g0822300	ortholog_one2one	1
AT5G06580	Os07g0163000	ortholog_one2one	1
AT4G21300	Os03g0781100	ortholog_one2one	1
AT2G24540	Os06g0655500	ortholog_one2one	1
AT1G51580	Os09g0498600	ortholog_one2one	1
AT4G16390	Os03g0215900	ortholog_one2one	1
AT4G16510	Os02g0662200	ortholog_one2one	1
AT1G01290	Os04g0460500	ortholog_one2one	1
AT3G08560	Os05g0480700	ortholog_one2one	1
AT5G57090	Os06g0660200	ortholog_one2one	1
AT5G10910	Os02g0137600	ortholog_one2one	1
AT1G02860	Os07g0673200	ortholog_one2one	1
AT4G38150	Os01g0546500	ortholog_one2one	1
AT4G00300	Os03g0124300	ortholog_one2one	1
AT2G16050	Os12g0596300	ortholog_one2one	1
AT2G45460	Os03g0127600	ortholog_one2one	1
AT1G51720	Os01g0558200	ortholog_one2one	1
AT2G22610	Os03g0114000	ortholog_one2one	1
AT2G12646	Os02g0183000	ortholog_one2one	1
AT5G12040	Os03g0175600	ortholog_one2one	1
AT1G44790	Os04g0448600	ortholog_one2one	1
AT2G40935	Os01g0267400	ortholog_one2one	1
AT3G10220	Os04g0692100	ortholog_one2one	1
AT1G03160	Os05g0390100	ortholog_one2one	1
AT3G07050	Os01g0375000	ortholog_one2one	1
AT2G30170	Os01g0164600	ortholog_one2one	1
AT5G38380	Os07g0283200	ortholog_one2one	1
AT5G14050	Os07g0603200	ortholog_one2one	1
AT1G47640	Os03g0766000	ortholog_one2one	1
AT5G04830	Os01g0965900	ortholog_one2one	1
AT2G15560	Os08g0230500	ortholog_one2one	1
AT3G47530	Os08g0434000	ortholog_one2one	1
AT1G48170	Os12g0182800	ortholog_one2one	1
AT5G16690	Os10g0402200	ortholog_one2one	1
AT1G68570	Os06g0264500	ortholog_one2one	1
AT5G08110	Os02g0111900	ortholog_one2one	1
AT3G66654	Os07g0476500	ortholog_one2one	1
AT1G76570	Os09g0296800	ortholog_one2one	1
AT1G11870	Os11g0610900	ortholog_one2one	1
AT2G41720	Os07g0213300	ortholog_one2one	1
AT5G47520	Os07g0634200	ortholog_one2one	1
AT3G18790	Os02g0602500	ortholog_one2one	1
AT5G59750	Os05g0460600	ortholog_one2one	1
AT4G18520	Os03g0644200	ortholog_one2one	1
AT2G20540	Os05g0439300	ortholog_one2one	1
AT3G27925	Os05g0568900	ortholog_one2one	1
AT1G05910	Os09g0515100	ortholog_one2one	1
AT3G21820	Os04g0629100	ortholog_one2one	1
AT3G11210	Os11g0708400	ortholog_one2one	1
AT1G73930	Os03g0259700	ortholog_one2one	1
AT2G47620	Os04g0480300	ortholog_one2one	1
AT5G04710	Os01g0967900	ortholog_one2one	1
AT4G01935	Os01g0252600	ortholog_one2one	1
AT5G51150	Os07g0494900	ortholog_one2one	1
AT1G45474	Os02g0764500	ortholog_one2one	1
AT1G57540	Os01g0250600	ortholog_one2one	1
AT2G05170	Os04g0382700	ortholog_one2one	1
AT3G62940	Os04g0619500	ortholog_one2one	1
AT4G02260	Os03g0340900	ortholog_one2one	1
AT4G02350	Os01g0351300	ortholog_one2one	1
AT1G79810	Os05g0275700	ortholog_one2one	1
AT4G10800	Os06g0129200	ortholog_one2one	1
AT4G16563	Os04g0535200	ortholog_one2one	1
AT3G14080	Os04g0445800	ortholog_one2one	1
AT3G11540	Os08g0559300	ortholog_one2one	1
AT1G50120	Os06g0618600	ortholog_one2one	1
AT5G01340	Os03g0292200	ortholog_one2one	1
AT1G02100	Os06g0140100	ortholog_one2one	1
AT4G34360	Os11g0557700	ortholog_one2one	1
AT2G28070	Os03g0859500	ortholog_one2one	1
AT4G09620	Os03g0838900	ortholog_one2one	1
AT5G66470	Os05g0567300	ortholog_one2one	1
AT1G04970	Os09g0482720	ortholog_one2one	1
AT3G63480	Os08g0117000	ortholog_one2one	1
AT2G43560	Os08g0541400	ortholog_one2one	1
AT3G03310	Os09g0513100	ortholog_one2one	1
AT1G02060	Os02g0121900	ortholog_one2one	1
AT5G51070	Os02g0526400	ortholog_one2one	1
AT4G25450	Os07g0464600	ortholog_one2one	1
AT1G67730	Os04g0483500	ortholog_one2one	1
AT1G63440	Os04g0556000	ortholog_one2one	1
AT3G46560	Os12g0571200	ortholog_one2one	1
AT3G14240	Os08g0452100	ortholog_one2one	1
AT4G27750	Os06g0129300	ortholog_one2one	1
AT5G27620	Os03g0737600	ortholog_one2one	1
AT5G17410	Os04g0501700	ortholog_one2one	1
AT5G17710	Os02g0612000	ortholog_one2one	1
AT4G17380	Os07g0486000	ortholog_one2one	1
AT3G25440	Os04g0492900	ortholog_one2one	1
AT2G41450	Os05g0376600	ortholog_one2one	1
AT5G47570	Os10g0551600	ortholog_one2one	1
AT2G26830	Os09g0438400	ortholog_one2one	1
AT5G62530	Os05g0536400	ortholog_one2one	1
AT3G53490	Os03g0282800	ortholog_one2one	1
AT5G50390	Os08g0138600	ortholog_one2one	1
AT1G24706	Os01g0916800	ortholog_one2one	1
AT2G16790	Os06g0114650	ortholog_one2one	1
AT3G18110	Os06g0199100	ortholog_one2one	1
AT4G16490	Os07g0584900	ortholog_one2one	1
AT3G03690	Os10g0437000	ortholog_one2one	1
AT1G24340	Os01g0901700	ortholog_one2one	1
AT2G34960	Os01g0209800	ortholog_one2one	1
AT1G10930	Os04g0433800	ortholog_one2one	1
AT3G16560	Os04g0403701	ortholog_one2one	1
AT5G53190	Os05g0214300	ortholog_one2one	1
AT3G51930	Os01g0946100	ortholog_one2one	1
AT1G78690	Os04g0667000	ortholog_one2one	1
AT5G11260	Os02g0203000	ortholog_one2one	1
AT1G62730	Os06g0104100	ortholog_one2one	1
AT4G33670	Os12g0482700	ortholog_one2one	1
AT3G52140	Os02g0717400	ortholog_one2one	1
AT5G24520	Os02g0682500	ortholog_one2one	1
AT3G17611	Os01g0283500	ortholog_one2one	1
AT4G08940	Os09g0473400	ortholog_one2one	1
AT2G34630	Os08g0193100	ortholog_one2one	1
AT5G60570	Os04g0619300	ortholog_one2one	1
AT5G21160	Os01g0266000	ortholog_one2one	1
AT2G01210	Os01g0514700	ortholog_one2one	1
AT2G35500	Os10g0577700	ortholog_one2one	1
AT4G29720	Os01g0710200	ortholog_one2one	1
AT5G01400	Os07g0693900	ortholog_one2one	1
AT3G61360	Os06g0694600	ortholog_one2one	1
AT1G03510	Os03g0852000	ortholog_one2one	1
AT4G33760	Os01g0153400	ortholog_one2one	1
AT5G53850	Os11g0484000	ortholog_one2one	1
AT2G41760	Os05g0387900	ortholog_one2one	1
AT5G51570	Os06g0136000	ortholog_one2one	1
AT1G49470	Os08g0462900	ortholog_one2one	1
AT3G09090	Os03g0825700	ortholog_one2one	1
AT3G55070	Os05g0160100	ortholog_one2one	1
AT2G29890	Os05g0153000	ortholog_one2one	1
AT3G10700	Os04g0608100	ortholog_one2one	1
AT1G05790	Os04g0489100	ortholog_one2one	1
AT1G08315	Os01g0956075	ortholog_one2one	1
AT5G19950	Os01g0178100	ortholog_one2one	1
AT1G67960	Os03g0715400	ortholog_one2one	1
AT4G05160	Os03g0152400	ortholog_one2one	1
AT1G31600	Os04g0602700	ortholog_one2one	1
AT1G26230	Os04g0443900	ortholog_one2one	1
AT4G02450	Os08g0359500	ortholog_one2one	1
AT5G07270	Os10g0521600	ortholog_one2one	1
AT4G35830	Os03g0136900	ortholog_one2one	1
AT1G14345	Os03g0170500	ortholog_one2one	1
AT1G11545	Os07g0529700	ortholog_one2one	1
AT1G12470	Os08g0178100	ortholog_one2one	1
AT5G58230	Os03g0640100	ortholog_one2one	1
AT1G19520	Os02g0611400	ortholog_one2one	1
AT4G32300	Os06g0494100	ortholog_one2one	1
AT1G24510	Os06g0562600	ortholog_one2one	1
AT1G31430	Os06g0597500	ortholog_one2one	1
AT3G49890	Os03g0201200	ortholog_one2one	1
AT2G37510	Os03g0278800	ortholog_one2one	1
AT4G34020	Os05g0519600	ortholog_one2one	1
AT2G35720	Os10g0507800	ortholog_one2one	1
AT1G68290	Os01g0128100	ortholog_one2one	1
AT2G35680	Os10g0561900	ortholog_one2one	1
AT3G52030	Os11g0182400	ortholog_one2one	1
AT5G59180	Os05g0400700	ortholog_one2one	1
AT4G32140	Os04g0645600	ortholog_one2one	1
AT3G12150	Os02g0195000	ortholog_one2one	1
AT4G30790	Os02g0179800	ortholog_one2one	1
AT3G33520	Os01g0269900	ortholog_one2one	1
AT1G69020	Os09g0475700	ortholog_one2one	1
AT3G12300	Os09g0510200	ortholog_one2one	1
AT1G44900	Os11g0484300	ortholog_one2one	1
AT1G27340	Os01g0923900	ortholog_one2one	1
AT1G80680	Os03g0172000	ortholog_one2one	1
AT2G36130	Os08g0559400	ortholog_one2one	1
AT4G35560	Os04g0564700	ortholog_one2one	1
AT1G11800	Os12g0414900	ortholog_one2one	1
AT3G20500	Os03g0568900	ortholog_one2one	1
AT1G72050	Os05g0121400	ortholog_one2one	1
AT3G15090	Os01g0753100	ortholog_one2one	1
AT3G54390	Os09g0558200	ortholog_one2one	1
AT1G08845	Os10g0559900	ortholog_one2one	1
AT3G21360	Os01g0190000	ortholog_one2one	1
AT5G42320	Os02g0119300	ortholog_one2one	1
AT5G67220	Os06g0712900	ortholog_one2one	1
AT2G42700	Os11g0169100	ortholog_one2one	1
AT1G62830	Os02g0755200	ortholog_one2one	1
AT5G06680	Os09g0446200	ortholog_one2one	1
AT1G80950	Os05g0357800	ortholog_one2one	1
AT5G48910	Os09g0474051	ortholog_one2one	1
AT3G24495	Os01g0180600	ortholog_one2one	1
AT3G63120	Os05g0398000	ortholog_one2one	1
AT1G77710	Os01g0962400	ortholog_one2one	1
AT1G14620	Os06g0300600	ortholog_one2one	1
AT4G26900	Os03g0256400	ortholog_one2one	1
AT1G50430	Os02g0465400	ortholog_one2one	1
AT3G10185	Os05g0376800	ortholog_one2one	1
AT2G18760	Os01g0102800	ortholog_one2one	1
AT2G34620	Os03g0785200	ortholog_one2one	1
AT5G22260	Os09g0449000	ortholog_one2one	1
AT1G63780	Os08g0155000	ortholog_one2one	1
AT1G55150	Os01g0197200	ortholog_one2one	1
AT1G32410	Os02g0803400	ortholog_one2one	1
AT3G53220	Os04g0560200	ortholog_one2one	1
AT3G19990	Os02g0828200	ortholog_one2one	1
AT5G15400	Os03g0427900	ortholog_one2one	1
AT1G11090	Os07g0565700	ortholog_one2one	1
AT4G35250	Os08g0553800	ortholog_one2one	1
AT4G02440	Os05g0365000	ortholog_one2one	1
AT1G03110	Os03g0746800	ortholog_one2one	1
AT5G47800	Os09g0266600	ortholog_one2one	1
AT4G24160	Os09g0520200	ortholog_one2one	1
AT1G50200	Os10g0182000	ortholog_one2one	1
AT5G23400	Os04g0677200	ortholog_one2one	1
AT3G21670	Os04g0464400	ortholog_one2one	1
AT1G09570	Os03g0719800	ortholog_one2one	1
AT3G55830	Os06g0705000	ortholog_one2one	1
AT4G21800	Os03g0312600	ortholog_one2one	1
AT1G19720	Os03g0807400	ortholog_one2one	1
AT3G49640	Os04g0531300	ortholog_one2one	1
AT5G50170	Os04g0476600	ortholog_one2one	1
AT1G54520	Os03g0695500	ortholog_one2one	1
AT1G51940	Os01g0741200	ortholog_one2one	1
AT3G12040	Os02g0774500	ortholog_one2one	1
AT5G13240	Os04g0662900	ortholog_one2one	1
AT5G56590	Os01g0739700	ortholog_one2one	1
AT3G48140	Os06g0246000	ortholog_one2one	1
AT3G03900	Os07g0573100	ortholog_one2one	1
AT5G10020	Os07g0626500	ortholog_one2one	1
AT4G03115	Os12g0533800	ortholog_one2one	1
AT2G31170	Os09g0556500	ortholog_one2one	1
AT4G21070	Os05g0512000	ortholog_one2one	1
AT1G03600	Os03g0333400	ortholog_one2one	1
AT5G19680	Os02g0230100	ortholog_one2one	1
AT5G59440	Os07g0639900	ortholog_one2one	1
AT5G50320	Os04g0484900	ortholog_one2one	1
AT5G13840	Os01g0972900	ortholog_one2one	1
AT2G27450	Os02g0533900	ortholog_one2one	1
AT4G04870	Os01g0789100	ortholog_one2one	1
AT2G20490	Os02g0618250	ortholog_one2one	1
AT4G28450	Os01g0238900	ortholog_one2one	1
AT1G64500	Os01g0235900	ortholog_one2one	1
AT3G56820	Os01g0810200	ortholog_one2one	1
AT3G02600	Os01g0139600	ortholog_one2one	1
AT5G05740	Os01g0142100	ortholog_one2one	1
AT1G08840	Os04g0588200	ortholog_one2one	1
AT1G30960	Os08g0207600	ortholog_one2one	1
AT5G24020	Os06g0106000	ortholog_one2one	1
AT1G08490	Os12g0287300	ortholog_one2one	1
AT1G32190	Os08g0161500	ortholog_one2one	1
AT5G39210	Os01g0763700	ortholog_one2one	1
AT5G54730	Os01g0786900	ortholog_one2one	1
AT1G66670	Os01g0507900	ortholog_one2one	1
AT1G11680	Os11g0525200	ortholog_one2one	1
AT3G07790	Os06g0502900	ortholog_one2one	1
AT4G00840	Os07g0467800	ortholog_one2one	1
AT1G02680	Os01g0338100	ortholog_one2one	1
AT3G57790	Os09g0487600	ortholog_one2one	1
AT2G37990	Os04g0685100	ortholog_one2one	1
AT1G52150	Os01g0200300	ortholog_one2one	1
AT5G27740	Os03g0792600	ortholog_one2one	1
AT3G56160	Os02g0531200	ortholog_one2one	1
AT3G18480	Os03g0710900	ortholog_one2one	1
AT1G78530	Os01g0247500	ortholog_one2one	1
AT2G40550	Os01g0166800	ortholog_one2one	1
AT3G18760	Os01g0220300	ortholog_one2one	1
AT5G20320	Os04g0509300	ortholog_one2one	1
AT1G77320	Os11g0191300	ortholog_one2one	1
AT5G63970	Os01g0960500	ortholog_one2one	1
AT4G22830	Os04g0379400	ortholog_one2one	1
AT1G80750	Os08g0542100	ortholog_one2one	1
AT4G15470	Os05g0402300	ortholog_one2one	1
AT1G50670	Os02g0164800	ortholog_one2one	1
AT5G17230	Os06g0729000	ortholog_one2one	1
AT4G14305	Os08g0566900	ortholog_one2one	1
AT1G10500	Os06g0146400	ortholog_one2one	1
AT1G31860	Os01g0276500	ortholog_one2one	1
AT1G79390	Os02g0495900	ortholog_one2one	1
AT1G43620	Os01g0867600	ortholog_one2one	1
AT2G22870	Os03g0232500	ortholog_one2one	1
AT1G12800	Os02g0115600	ortholog_one2one	1
AT4G38490	Os09g0450200	ortholog_one2one	1
AT2G42070	Os09g0553300	ortholog_one2one	1
AT2G20495	Os07g0458800	ortholog_one2one	1
AT3G55350	Os01g0838900	ortholog_one2one	1
AT3G04790	Os07g0176900	ortholog_one2one	1
AT5G08415	Os05g0511500	ortholog_one2one	1
AT5G62740	Os05g0591900	ortholog_one2one	1
AT1G02330	Os03g0374100	ortholog_one2one	1
AT3G51070	Os06g0712800	ortholog_one2one	1
AT3G23400	Os11g0595200	ortholog_one2one	1
AT2G20370	Os03g0144800	ortholog_one2one	1
AT4G28500	Os05g0563000	ortholog_one2one	1
AT5G39410	Os07g0597100	ortholog_one2one	1
AT3G19260	Os03g0264000	ortholog_one2one	1
AT4G39970	Os08g0485900	ortholog_one2one	1
AT5G19300	Os04g0244500	ortholog_one2one	1
AT2G36570	Os12g0145900	ortholog_one2one	1
AT1G77220	Os05g0516900	ortholog_one2one	1
AT2G27350	Os04g0414100	ortholog_one2one	1
AT1G17760	Os12g0571900	ortholog_one2one	1
AT2G36910	Os08g0564300	ortholog_one2one	1
AT4G34850	Os07g0411300	ortholog_one2one	1
AT1G79915	Os06g0639300	ortholog_one2one	1
AT5G54660	Os05g0500500	ortholog_one2one	1
AT3G62120	Os12g0443700	ortholog_one2one	1
AT1G06590	Os12g0626300	ortholog_one2one	1
AT1G13990	Os03g0168200	ortholog_one2one	1
AT4G14605	Os02g0602400	ortholog_one2one	1
AT1G20230	Os05g0370000	ortholog_one2one	1
AT3G49500	Os01g0527600	ortholog_one2one	1
AT4G09140	Os01g0958900	ortholog_one2one	1
AT1G68850	Os06g0274800	ortholog_one2one	1
AT3G58520	Os04g0546100	ortholog_one2one	1
AT1G09820	Os10g0484300	ortholog_one2one	1
AT3G21580	Os05g0400600	ortholog_one2one	1
AT1G09800	Os12g0194800	ortholog_one2one	1
AT3G06980	Os03g0108600	ortholog_one2one	1
AT1G67420	Os07g0295800	ortholog_one2one	1
AT5G61750	Os11g0537350	ortholog_one2one	1
AT1G51610	Os04g0298200	ortholog_one2one	1
AT1G55000	Os03g0699600	ortholog_one2one	1
AT1G09770	Os04g0348300	ortholog_one2one	1
AT2G38710	Os10g0573100	ortholog_one2one	1
AT2G41540	Os01g0939600	ortholog_one2one	1
AT3G05040	Os01g0363900	ortholog_one2one	1
AT1G14300	Os10g0406800	ortholog_one2one	1
AT2G25620	Os06g0597200	ortholog_one2one	1
AT3G46780	Os05g0291700	ortholog_one2one	1
AT3G03810	Os05g0132500	ortholog_one2one	1
AT1G06710	Os04g0488500	ortholog_one2one	1
AT4G25720	Os06g0103700	ortholog_one2one	1
AT4G29830	Os11g0660300	ortholog_one2one	1
AT5G13230	Os03g0441400	ortholog_one2one	1
AT2G37250	Os03g0130400	ortholog_one2one	1
AT3G17810	Os02g0736400	ortholog_one2one	1
AT5G20110	Os01g0555600	ortholog_one2one	1
AT3G58490	Os03g0805400	ortholog_one2one	1
AT1G05690	Os01g0893400	ortholog_one2one	1
AT5G49970	Os10g0377800	ortholog_one2one	1
AT5G58510	Os03g0295700	ortholog_one2one	1
AT3G05990	Os05g0393100	ortholog_one2one	1
AT5G52960	Os05g0569200	ortholog_one2one	1
AT5G23630	Os05g0402800	ortholog_one2one	1
AT5G19150	Os11g0276300	ortholog_one2one	1
AT1G70330	Os08g0205200	ortholog_one2one	1
AT1G09020	Os03g0856400	ortholog_one2one	1
AT3G56990	Os06g0128400	ortholog_one2one	1
AT5G54440	Os12g0554400	ortholog_one2one	1
AT3G11830	Os06g0687700	ortholog_one2one	1
AT3G16630	Os05g0154700	ortholog_one2one	1
AT1G79870	Os01g0228600	ortholog_one2one	1
AT1G30580	Os08g0199300	ortholog_one2one	1
AT2G31890	Os03g0425000	ortholog_one2one	1
AT2G31900	Os03g0747900	ortholog_one2one	1
AT3G29130	Os03g0640400	ortholog_one2one	1
AT1G06730	Os03g0164700	ortholog_one2one	1
AT5G66120	Os09g0539100	ortholog_one2one	1
AT1G08600	Os10g0457700	ortholog_one2one	1
AT5G17640	Os08g0163500	ortholog_one2one	1
AT2G01460	Os04g0280200	ortholog_one2one	1
AT1G64970	Os02g0701600	ortholog_one2one	1
AT3G24190	Os02g0816600	ortholog_one2one	1
AT1G51965	Os02g0226900	ortholog_one2one	1
AT4G24840	Os03g0849600	ortholog_one2one	1
AT1G79440	Os02g0173900	ortholog_one2one	1
AT1G70820	Os06g0476200	ortholog_one2one	1
AT4G17620	Os05g0392100	ortholog_one2one	1
AT1G62350	Os03g0297700	ortholog_one2one	1
AT4G14330	Os02g0810200	ortholog_one2one	1
AT1G62390	Os09g0135400	ortholog_one2one	1
AT5G58260	Os01g0882500	ortholog_one2one	1
AT2G45670	Os06g0712300	ortholog_one2one	1
AT4G40050	Os09g0470900	ortholog_one2one	1
AT1G04690	Os02g0817500	ortholog_one2one	1
AT1G03030	Os12g0601200	ortholog_one2one	1
AT1G68830	Os05g0549100	ortholog_one2one	1
AT1G12520	Os04g0573200	ortholog_one2one	1
AT4G37030	Os04g0449500	ortholog_one2one	1
AT1G18560	Os01g0111400	ortholog_one2one	1
AT5G15100	Os01g0715600	ortholog_one2one	1
AT5G66180	Os02g0320100	ortholog_one2one	1
AT5G04200	Os11g0134700	ortholog_one2one	1
AT4G05530	Os09g0133200	ortholog_one2one	1
AT5G48960	Os01g0250900	ortholog_one2one	1
AT3G05070	Os06g0730800	ortholog_one2one	1
AT2G26350	Os07g0608800	ortholog_one2one	1
AT5G09230	Os12g0179800	ortholog_one2one	1
AT2G39830	Os03g0267800	ortholog_one2one	1
AT3G57680	Os06g0318600	ortholog_one2one	1
AT5G18820	Os09g0563300	ortholog_one2one	1
AT2G04270	Os08g0323600	ortholog_one2one	1
AT3G15430	Os07g0459400	ortholog_one2one	1
AT5G05570	Os07g0693700	ortholog_one2one	1
AT1G74850	Os03g0824100	ortholog_one2one	1
AT1G31440	Os03g0266700	ortholog_one2one	1
AT3G53180	Os10g0456500	ortholog_one2one	1
AT5G63200	Os01g0906600	ortholog_one2one	1
AT1G16540	Os06g0670000	ortholog_one2one	1
AT5G04600	Os08g0412200	ortholog_one2one	1
AT1G77360	Os03g0761300	ortholog_one2one	1
AT3G48880	Os10g0502900	ortholog_one2one	1
AT3G54690	Os02g0158300	ortholog_one2one	1
AT5G64250	Os08g0485400	ortholog_one2one	1
AT5G46840	Os03g0854300	ortholog_one2one	1
AT4G04880	Os07g0661000	ortholog_one2one	1
AT2G33800	Os03g0452300	ortholog_one2one	1
AT3G56840	Os01g0809900	ortholog_one2one	1
AT5G42800	Os01g0633500	ortholog_one2one	1
AT5G63440	Os07g0295200	ortholog_one2one	1
AT3G18580	Os01g0642900	ortholog_one2one	1
AT4G30310	Os02g0177900	ortholog_one2one	1
AT1G47570	Os11g0175500	ortholog_one2one	1
AT2G46920	Os03g0372500	ortholog_one2one	1
AT1G35660	Os01g0873800	ortholog_one2one	1
AT1G13250	Os04g0530900	ortholog_one2one	1
AT5G53180	Os01g0619000	ortholog_one2one	1
AT5G58740	Os01g0668000	ortholog_one2one	1
AT1G03950	Os10g0476400	ortholog_one2one	1
AT4G27120	Os07g0103200	ortholog_one2one	1
AT2G38920	Os03g0650900	ortholog_one2one	1
AT5G19410	Os05g0384600	ortholog_one2one	1
AT5G14260	Os12g0236900	ortholog_one2one	1
AT5G44750	Os06g0691000	ortholog_one2one	1
AT1G54500	Os08g0323400	ortholog_one2one	1
AT3G22670	Os03g0746400	ortholog_one2one	1
AT5G53480	Os12g0568800	ortholog_one2one	1
AT3G08505	Os06g0318700	ortholog_one2one	1
AT1G49970	Os05g0592100	ortholog_one2one	1
AT1G68080	Os03g0238700	ortholog_one2one	1
AT5G64670	Os08g0310100	ortholog_one2one	1
AT4G17760	Os06g0132600	ortholog_one2one	1
AT5G62710	Os12g0638100	ortholog_one2one	1
AT1G76990	Os02g0555600	ortholog_one2one	1
AT1G31812	Os06g0115300	ortholog_one2one	1
AT3G04480	Os02g0810450	ortholog_one2one	1
AT2G20020	Os01g0495900	ortholog_one2one	1
AT3G56650	Os01g0805300	ortholog_one2one	1
AT5G66380	Os03g0734700	ortholog_one2one	1
AT2G46100	Os04g0578200	ortholog_one2one	1
AT1G76920	Os04g0686700	ortholog_one2one	1
AT2G40730	Os01g0819900	ortholog_one2one	1
AT3G45100	Os07g0270950	ortholog_one2one	1
AT1G10240	Os04g0443000	ortholog_one2one	1
AT5G20270	Os06g0643700	ortholog_one2one	1
AT3G17760	Os08g0465800	ortholog_one2one	1
AT5G59210	Os03g0268100	ortholog_one2one	1
AT3G60830	Os03g0783000	ortholog_one2one	1
AT3G20660	Os04g0631100	ortholog_one2one	1
AT5G05130	Os07g0642400	ortholog_one2one	1
AT5G61330	Os01g0526200	ortholog_one2one	1
AT2G26540	Os03g0186100	ortholog_one2one	1
AT1G32900	Os07g0412100	ortholog_one2one	1
AT3G56040	Os05g0468600	ortholog_one2one	1
AT4G01880	Os03g0833200	ortholog_one2one	1
AT3G56940	Os01g0279100	ortholog_one2one	1
AT4G04850	Os12g0617800	ortholog_one2one	1
AT2G25840	Os01g0743400	ortholog_one2one	1
AT4G38210	Os06g0621900	ortholog_one2one	1
AT3G59040	Os08g0191900	ortholog_one2one	1
AT5G61530	Os07g0486500	ortholog_one2one	1
AT4G38370	Os04g0224600	ortholog_one2one	1
AT5G19220	Os03g0735000	ortholog_one2one	1
AT3G55010	Os03g0831500	ortholog_one2one	1
AT4G18810	Os02g0234500	ortholog_one2one	1
AT3G10230	Os02g0190600	ortholog_one2one	1
AT1G11320	Os06g0724200	ortholog_one2one	1
AT4G33470	Os12g0182700	ortholog_one2one	1
AT1G73320	Os06g0101100	ortholog_one2one	1
AT2G18460	Os12g0482600	ortholog_one2one	1
AT5G44230	Os06g0694300	ortholog_one2one	1
AT3G48610	Os01g0102000	ortholog_one2one	1
AT5G03900	Os02g0533000	ortholog_one2one	1
AT2G41080	Os03g0816600	ortholog_one2one	1
AT5G35460	Os01g0585100	ortholog_one2one	1
AT4G15840	Os01g0932600	ortholog_one2one	1
AT1G70070	Os02g0739000	ortholog_one2one	1
AT3G51270	Os01g0888700	ortholog_one2one	1
AT4G35850	Os05g0145600	ortholog_one2one	1
AT2G27610	Os05g0455900	ortholog_one2one	1
AT2G28600	Os12g0147500	ortholog_one2one	1
AT2G34357	Os02g0782100	ortholog_one2one	1
AT1G14810	Os03g0760700	ortholog_one2one	1
AT4G29170	Os09g0280600	ortholog_one2one	1
AT3G45770	Os12g0102100	ortholog_one2one	1
AT4G32930	Os01g0565600	ortholog_one2one	1
AT3G19440	Os09g0103500	ortholog_one2one	1
AT5G08320	Os02g0635700	ortholog_one2one	1
AT4G16710	Os02g0467700	ortholog_one2one	1
AT3G45890	Os04g0290800	ortholog_one2one	1
AT1G08470	Os03g0750700	ortholog_one2one	1
AT3G24570	Os01g0228300	ortholog_one2one	1
AT1G09760	Os02g0234800	ortholog_one2one	1
AT2G21385	Os09g0531100	ortholog_one2one	1
AT1G03900	Os10g0476000	ortholog_one2one	1
AT2G17270	Os09g0554000	ortholog_one2one	1
AT1G69210	Os07g0155200	ortholog_one2one	1
AT4G34215	Os04g0276600	ortholog_one2one	1
AT3G24530	Os02g0266300	ortholog_one2one	1
AT4G19150	Os10g0580700	ortholog_one2one	1
AT3G15620	Os02g0204400	ortholog_one2one	1
AT2G14045	Os07g0185800	ortholog_one2one	1
AT3G27325	Os09g0266400	ortholog_one2one	1
AT5G55960	Os06g0297700	ortholog_one2one	1
AT5G19620	Os02g0196300	ortholog_one2one	1
AT2G46915	Os06g0104000	ortholog_one2one	1
AT5G24300	Os06g0160700	ortholog_one2one	1
AT1G16900	Os01g0209000	ortholog_one2one	1
AT4G39520	Os07g0627800	ortholog_one2one	1
AT1G63000	Os02g0678400	ortholog_one2one	1
AT2G24230	Os08g0276400	ortholog_one2one	1
AT5G58470	Os01g0164400	ortholog_one2one	1
AT4G00090	Os03g0858400	ortholog_one2one	1
AT4G24040	Os10g0521000	ortholog_one2one	1
AT5G40740	Os02g0329300	ortholog_one2one	1
AT3G48260	Os05g0108300	ortholog_one2one	1
AT5G08720	Os03g0837900	ortholog_one2one	1
AT5G20080	Os01g0174300	ortholog_one2one	1
AT5G09680	Os07g0232200	ortholog_one2one	1
AT5G63640	Os08g0109000	ortholog_one2one	1
AT4G25540	Os04g0682900	ortholog_one2one	1
AT5G66005	Os03g0130750	ortholog_one2one	1
AT3G16370	Os06g0148200	ortholog_one2one	1
AT1G77290	Os04g0435500	ortholog_one2one	1
AT4G34460	Os03g0669200	ortholog_one2one	1
AT5G07810	Os07g0598300	ortholog_one2one	1
AT4G30600	Os08g0480100	ortholog_one2one	1
AT4G14590	Os11g0171400	ortholog_one2one	1
AT2G38730	Os03g0811600	ortholog_one2one	1
AT5G52190	Os04g0568600	ortholog_one2one	1
AT2G42910	Os02g0714600	ortholog_one2one	1
AT1G08520	Os03g0811100	ortholog_one2one	1
AT3G25805	Os04g0462300	ortholog_one2one	1
AT5G13650	Os02g0285800	ortholog_one2one	1
AT5G19850	Os07g0575800	ortholog_one2one	1
AT4G33480	Os04g0692200	ortholog_one2one	1
AT1G78620	Os01g0729100	ortholog_one2one	1
AT4G21705	Os07g0598500	ortholog_one2one	1
AT3G59420	Os03g0637800	ortholog_one2one	1
AT3G25470	Os11g0247400	ortholog_one2one	1
AT1G35420	Os05g0429500	ortholog_one2one	1
AT5G43940	Os02g0815500	ortholog_one2one	1
AT4G08280	Os02g0767900	ortholog_one2one	1
AT2G01410	Os01g0606133	ortholog_one2one	1
AT1G30270	Os07g0150700	ortholog_one2one	1
AT5G48030	Os06g0116800	ortholog_one2one	1
AT5G58480	Os03g0296500	ortholog_one2one	1
AT2G34460	Os06g0360300	ortholog_one2one	1
AT1G17110	Os02g0244300	ortholog_one2one	1
AT1G30610	Os01g0674700	ortholog_one2one	1
AT1G50000	Os03g0729700	ortholog_one2one	1
AT2G27900	Os10g0546300	ortholog_one2one	1
AT5G23290	Os10g0488100	ortholog_one2one	1
AT2G32640	Os08g0422000	ortholog_one2one	1
AT2G41020	Os01g0916300	ortholog_one2one	1
AT5G15550	Os07g0600400	ortholog_one2one	1
AT2G31340	Os09g0296400	ortholog_one2one	1
AT2G38330	Os12g0106600	ortholog_one2one	1
AT2G20330	Os10g0464100	ortholog_one2one	1
AT5G26340	Os03g0218400	ortholog_one2one	1
AT5G24850	Os06g0661800	ortholog_one2one	1
AT2G18030	Os06g0138100	ortholog_one2one	1
AT5G08490	Os02g0290000	ortholog_one2one	1
AT4G10340	Os11g0242800	ortholog_one2one	1
AT1G54310	Os02g0173700	ortholog_one2one	1
AT5G22875	Os04g0165500	ortholog_one2one	1
AT2G03380	Os06g0185700	ortholog_one2one	1
AT1G07910	Os07g0191700	ortholog_one2one	1
AT3G54090	Os01g0851000	ortholog_one2one	1
AT1G75450	Os01g0775400	ortholog_one2one	1
AT2G45790	Os04g0682300	ortholog_one2one	1
AT1G33290	Os12g0209000	ortholog_one2one	1
AT5G57250	Os01g0263400	ortholog_one2one	1
AT2G37110	Os01g0157900	ortholog_one2one	1
AT3G44160	Os05g0510200	ortholog_one2one	1
AT3G47470	Os08g0435900	ortholog_one2one	1
AT5G23300	Os04g0676300	ortholog_one2one	1
AT5G12410	Os11g0568600	ortholog_one2one	1
AT5G05365	Os01g0826000	ortholog_one2one	1
AT4G21720	Os04g0680300	ortholog_one2one	1
AT3G24030	Os01g0363600	ortholog_one2one	1
AT5G05660	Os01g0158900	ortholog_one2one	1
AT5G49960	Os01g0870100	ortholog_one2one	1
AT1G26840	Os07g0628600	ortholog_one2one	1
AT4G15770	Os07g0670600	ortholog_one2one	1
AT5G63610	Os10g0580300	ortholog_one2one	1
AT3G44200	Os05g0440800	ortholog_one2one	1
AT1G74700	Os02g0214300	ortholog_one2one	1
AT2G32800	Os11g0445300	ortholog_one2one	1
AT3G07100	Os04g0129500	ortholog_one2one	1
AT5G51040	Os11g0528300	ortholog_one2one	1
AT5G49930	Os12g0564600	ortholog_one2one	1
AT3G07700	Os09g0250700	ortholog_one2one	1
AT1G11780	Os11g0488500	ortholog_one2one	1
AT5G65960	Os04g0584800	ortholog_one2one	1
AT1G59990	Os09g0383400	ortholog_one2one	1
AT4G14147	Os03g0848300	ortholog_one2one	1
AT5G11580	Os01g0725600	ortholog_one2one	1
AT5G10320	Os04g0451100	ortholog_one2one	1
AT3G54510	Os01g0950900	ortholog_one2one	1
AT5G35630	Os04g0659100	ortholog_one2one	1
AT1G67620	Os12g0241100	ortholog_one2one	1
AT1G06720	Os03g0333100	ortholog_one2one	1
AT2G15270	Os09g0104300	ortholog_one2one	1
AT1G27695	Os12g0507600	ortholog_one2one	1
AT5G08560	Os02g0294600	ortholog_one2one	1
AT1G02970	Os02g0135300	ortholog_one2one	1
AT2G01070	Os11g0546100	ortholog_one2one	1
AT1G69220	Os03g0755000	ortholog_one2one	1
AT2G39630	Os03g0821800	ortholog_one2one	1
AT2G29530	Os03g0825400	ortholog_one2one	1
AT5G39790	Os02g0135900	ortholog_one2one	1
AT1G63100	Os06g0127800	ortholog_one2one	1
AT5G67130	Os09g0115600	ortholog_one2one	1
AT3G29090	Os10g0407000	ortholog_one2one	1
AT1G02910	Os01g0358300	ortholog_one2one	1
AT3G52220	Os08g0558700	ortholog_one2one	1
AT1G74900	Os02g0679200	ortholog_one2one	1
AT3G16810	Os03g0831100	ortholog_one2one	1
AT1G26640	Os01g0764600	ortholog_one2one	1
AT2G24830	Os02g0793000	ortholog_one2one	1
AT5G55590	Os07g0607400	ortholog_one2one	1
AT1G79490	Os04g0612800	ortholog_one2one	1
AT5G13610	Os07g0694800	ortholog_one2one	1
AT4G34830	Os10g0181200	ortholog_one2one	1
AT1G51730	Os01g0558300	ortholog_one2one	1
AT5G22620	Os11g0150100	ortholog_one2one	1
AT1G64890	Os05g0389400	ortholog_one2one	1
AT4G21520	Os03g0738000	ortholog_one2one	1
AT1G17690	Os05g0295100	ortholog_one2one	1
AT1G03310	Os05g0393700	ortholog_one2one	1
AT4G01560	Os06g0137500	ortholog_one2one	1
AT2G41530	Os01g0939700	ortholog_one2one	1
AT2G39470	Os03g0279950	ortholog_one2one	1
AT1G05620	Os03g0425200	ortholog_one2one	1
AT5G48130	Os07g0584200	ortholog_one2one	1
AT1G05960	Os01g0898300	ortholog_one2one	1
AT3G02550	Os01g0511000	ortholog_one2one	1
AT1G64600	Os07g0297300	ortholog_one2one	1
AT2G34470	Os05g0565200	ortholog_one2one	1
AT5G27730	Os01g0931100	ortholog_one2one	1
AT3G63270	Os07g0175100	ortholog_one2one	1
AT4G19390	Os06g0710300	ortholog_one2one	1
AT1G69440	Os03g0449200	ortholog_one2one	1
AT3G25660	Os04g0643200	ortholog_one2one	1
AT3G44530	Os09g0567700	ortholog_one2one	1
AT4G36860	Os06g0182500	ortholog_one2one	1
AT1G77550	Os03g0179000	ortholog_one2one	1
AT1G19880	Os04g0662800	ortholog_one2one	1
AT5G38890	Os02g0815800	ortholog_one2one	1
AT2G25660	Os01g0179400	ortholog_one2one	1
AT4G29590	Os01g0712600	ortholog_one2one	1
AT3G06960	Os01g0251000	ortholog_one2one	1
AT3G24730	Os11g0297900	ortholog_one2one	1
AT1G65410	Os03g0670100	ortholog_one2one	1
AT2G47330	Os03g0308500	ortholog_one2one	1
AT5G47010	Os07g0495900	ortholog_one2one	1
AT2G40570	Os06g0555500	ortholog_one2one	1
AT1G73060	Os02g0117100	ortholog_one2one	1
AT1G53140	Os01g0748000	ortholog_one2one	1
AT4G38495	Os04g0274400	ortholog_one2one	1
AT4G19830	Os02g0168700	ortholog_one2one	1
AT3G51790	Os10g0545800	ortholog_one2one	1
AT4G31990	Os02g0797500	ortholog_one2one	1
AT3G10850	Os03g0332400	ortholog_one2one	1
AT5G55100	Os01g0698100	ortholog_one2one	1
AT2G01730	Os09g0397900	ortholog_one2one	1
AT5G13450	Os06g0646500	ortholog_one2one	1
AT1G43710	Os02g0541325	ortholog_one2one	1
AT3G52300	Os08g0478200	ortholog_one2one	1
AT1G54780	Os05g0401100	ortholog_one2one	1
AT3G07800	Os03g0113100	ortholog_one2one	1
AT4G31790	Os03g0355800	ortholog_one2one	1
AT5G48730	Os06g0172000	ortholog_one2one	1
AT3G47700	Os02g0748100	ortholog_one2one	1
AT5G06370	Os05g0440100	ortholog_one2one	1
AT4G17020	Os04g0680000	ortholog_one2one	1
AT2G17975	Os04g0110600	ortholog_one2one	1
AT5G27390	Os05g0401300	ortholog_one2one	1
AT2G20050	Os02g0281000	ortholog_one2one	1
AT2G02500	Os01g0887100	ortholog_one2one	1
AT5G49555	Os12g0631800	ortholog_one2one	1
AT5G37055	Os03g0367800	ortholog_one2one	1
AT2G01440	Os02g0710800	ortholog_one2one	1
AT5G24970	Os07g0459200	ortholog_one2one	1
AT5G02820	Os03g0284800	ortholog_one2one	1
AT1G16880	Os08g0242700	ortholog_one2one	1
AT5G02370	Os05g0459400	ortholog_one2one	1
AT3G58730	Os04g0643100	ortholog_one2one	1
AT5G54310	Os07g0563800	ortholog_one2one	1
AT1G11750	Os03g0411500	ortholog_one2one	1
AT4G04940	Os06g0644600	ortholog_one2one	1
AT2G47830	Os03g0346800	ortholog_one2one	1
AT2G35190	Os06g0715100	ortholog_one2one	1
AT5G04360	Os04g0164900	ortholog_one2one	1
AT1G43800	Os01g0880800	ortholog_one2one	1
AT4G04920	Os10g0498700	ortholog_one2one	1
AT3G53760	Os05g0154500	ortholog_one2one	1
AT2G18390	Os02g0327100	ortholog_one2one	1
AT4G26750	Os06g0308800	ortholog_one2one	1
AT5G13960	Os01g0927000	ortholog_one2one	1
AT1G77122	Os04g0438300	ortholog_one2one	1
AT4G15720	Os12g0163600	ortholog_one2one	1
AT1G12410	Os06g0136800	ortholog_one2one	1
AT3G19630	Os03g0202300	ortholog_one2one	1
AT1G01040	Os03g0121800	ortholog_one2one	1
AT4G18372	Os06g0677600	ortholog_one2one	1
AT1G32440	Os10g0571200	ortholog_one2one	1
AT2G18850	Os08g0244400	ortholog_one2one	1
AT4G30510	Os02g0791800	ortholog_one2one	1
AT4G36390	Os11g0592800	ortholog_one2one	1
AT5G17980	Os07g0165100	ortholog_one2one	1
AT4G01037	Os05g0571100	ortholog_one2one	1
AT3G51980	Os09g0512700	ortholog_one2one	1
AT1G25420	Os01g0687700	ortholog_one2one	1
AT1G80510	Os06g0644700	ortholog_one2one	1
AT5G11270	Os06g0601000	ortholog_one2one	1
AT5G03080	Os03g0288700	ortholog_one2one	1
AT1G68370	Os01g0512100	ortholog_one2one	1
AT2G05830	Os11g0216900	ortholog_one2one	1
AT4G29890	Os06g0698785	ortholog_one2one	1
AT3G20720	Os04g0628600	ortholog_one2one	1
AT5G57490	Os03g0137500	ortholog_one2one	1
AT3G17465	Os01g0251100	ortholog_one2one	1
AT1G25530	Os04g0462400	ortholog_one2one	1
AT5G60600	Os02g0603800	ortholog_one2one	1
AT5G24170	Os01g0219100	ortholog_one2one	1
AT3G17590	Os02g0723700	ortholog_one2one	1
AT4G38380	Os09g0548300	ortholog_one2one	1
AT1G10520	Os06g0237200	ortholog_one2one	1
AT4G01030	Os05g0586900	ortholog_one2one	1
AT4G01730	Os12g0263100	ortholog_one2one	1
AT1G06560	Os08g0365900	ortholog_one2one	1
AT5G41150	Os03g0100400	ortholog_one2one	1
AT5G55580	Os07g0583200	ortholog_one2one	1
AT5G10460	Os08g0542600	ortholog_one2one	1
AT5G39590	Os04g0663700	ortholog_one2one	1
AT5G16630	Os08g0427500	ortholog_one2one	1
AT1G32200	Os10g0577900	ortholog_one2one	1
AT4G02900	Os05g0393800	ortholog_one2one	1
AT1G80150	Os08g0499800	ortholog_one2one	1
AT5G40670	Os12g0278700	ortholog_one2one	1
AT5G49130	Os12g0552600	ortholog_one2one	1
AT5G15390	Os07g0598100	ortholog_one2one	1
AT2G23840	Os07g0170200	ortholog_one2one	1
AT1G53120	Os01g0747700	ortholog_one2one	1
AT3G54230	Os02g0167500	ortholog_one2one	1
AT4G01050	Os02g0257300	ortholog_one2one	1
AT2G25680	Os08g0101500	ortholog_one2one	1
AT4G04350	Os01g0120300	ortholog_one2one	1
AT4G21190	Os01g0757700	ortholog_one2one	1
AT3G60360	Os01g0810000	ortholog_one2one	1
AT2G14835	Os10g0346200	ortholog_one2one	1
AT5G13710	Os07g0206700	ortholog_one2one	1
AT3G04880	Os01g0542000	ortholog_one2one	1
AT5G20350	Os06g0644500	ortholog_one2one	1
AT4G16370	Os03g0751100	ortholog_one2one	1
AT2G40650	Os09g0103600	ortholog_one2one	1
AT1G58340	Os03g0229500	ortholog_one2one	1
AT2G31040	Os01g0673800	ortholog_one2one	1
AT3G26410	Os02g0556400	ortholog_one2one	1
AT5G02270	Os03g0316900	ortholog_one2one	1
AT1G17650	Os01g0574600	ortholog_one2one	1
AT4G31210	Os06g0281400	ortholog_one2one	1
AT4G24740	Os12g0460800	ortholog_one2one	1
AT5G39900	Os06g0144800	ortholog_one2one	1
AT3G54130	Os01g0851400	ortholog_one2one	1
AT1G04920	Os01g0919400	ortholog_one2one	1
AT5G46180	Os03g0643300	ortholog_one2one	1
AT1G11860	Os04g0623800	ortholog_one2one	1
AT5G19020	Os01g0390600	ortholog_one2one	1
AT3G54170	Os06g0474200	ortholog_one2one	1
AT5G16740	Os11g0298000	ortholog_one2one	1
AT1G28690	Os03g0369700	ortholog_one2one	1
AT3G22300	Os12g0517200	ortholog_one2one	1
AT5G15640	Os03g0754800	ortholog_one2one	1
AT2G01080	Os03g0262700	ortholog_one2one	1
AT1G15980	Os08g0276100	ortholog_one2one	1
AT3G02070	Os04g0402300	ortholog_one2one	1
AT3G55530	Os03g0272300	ortholog_one2one	1
AT5G12370	Os12g0238100	ortholog_one2one	1
AT5G38520	Os05g0419000	ortholog_one2one	1
AT1G30090	Os07g0153400	ortholog_one2one	1
AT2G26870	Os01g0955000	ortholog_one2one	1
AT1G27460	Os03g0200600	ortholog_one2one	1
AT5G20170	Os12g0638600	ortholog_one2one	1
AT1G60430	Os02g0235000	ortholog_one2one	1
AT1G14140	Os04g0449000	ortholog_one2one	1
AT5G07920	Os12g0576900	ortholog_one2one	1
AT3G06270	Os07g0646100	ortholog_one2one	1
AT4G36050	Os09g0536000	ortholog_one2one	1
AT5G17660	Os01g0535900	ortholog_one2one	1
AT4G31130	Os05g0121000	ortholog_one2one	1
AT2G48010	Os01g0384300	ortholog_one2one	1
AT4G17570	Os04g0544500	ortholog_one2one	1
AT5G40610	Os01g0971600	ortholog_one2one	1
AT2G44610	Os07g0496000	ortholog_one2one	1
AT2G17705	Os03g0136500	ortholog_one2one	1
AT2G25605	Os05g0574700	ortholog_one2one	1
AT1G66680	Os01g0121100	ortholog_one2one	1
AT3G52570	Os01g0862000	ortholog_one2one	1
AT3G57000	Os02g0290400	ortholog_one2one	1
AT1G52510	Os04g0644600	ortholog_one2one	1
AT1G79600	Os05g0323800	ortholog_one2one	1
AT3G01800	Os04g0490400	ortholog_one2one	1
AT1G02090	Os07g0490800	ortholog_one2one	1
AT2G47420	Os10g0183900	ortholog_one2one	1
AT1G08190	Os04g0195000	ortholog_one2one	1
AT3G07160	Os03g0119500	ortholog_one2one	1
AT2G18410	Os03g0201700	ortholog_one2one	1
AT2G20280	Os01g0834700	ortholog_one2one	1
AT3G48420	Os03g0565200	ortholog_one2one	1
AT2G25910	Os01g0566900	ortholog_one2one	1
AT3G02690	Os10g0493900	ortholog_one2one	1
AT2G01690	Os03g0223700	ortholog_one2one	1
AT2G33040	Os10g0320400	ortholog_one2one	1
AT2G25950	Os01g0559000	ortholog_one2one	1
AT2G28470	Os03g0255100	ortholog_one2one	1
AT4G17300	Os07g0485400	ortholog_one2one	1
AT3G46200	Os05g0117500	ortholog_one2one	1
AT1G79050	Os03g0639700	ortholog_one2one	1
AT5G24330	Os02g0122700	ortholog_one2one	1
AT1G29040	Os01g0613300	ortholog_one2one	1
AT1G32550	Os03g0685000	ortholog_one2one	1
AT4G28980	Os06g0334400	ortholog_one2one	1
AT1G50440	Os02g0132300	ortholog_one2one	1
AT1G49540	Os08g0493900	ortholog_one2one	1
AT3G03440	Os01g0112500	ortholog_one2one	1
AT3G51820	Os05g0349700	ortholog_one2one	1
AT2G44520	Os01g0527700	ortholog_one2one	1
AT1G53000	Os05g0561500	ortholog_one2one	1
AT2G43360	Os08g0540100	ortholog_one2one	1
AT2G01140	Os01g0118000	ortholog_one2one	1
AT3G45620	Os03g0286800	ortholog_one2one	1
AT1G01920	Os06g0127200	ortholog_one2one	1
AT3G10080	Os02g0532500	ortholog_one2one	1
AT1G71460	Os12g0202850	ortholog_one2one	1
AT2G37130	Os07g0694300	ortholog_one2one	1
AT1G56350	Os03g0305700	ortholog_one2one	1
AT4G25290	Os09g0532700	ortholog_one2one	1
AT3G12380	Os01g0144340	ortholog_one2one	1
AT1G02150	Os04g0544400	ortholog_one2one	1
AT1G47740	Os03g0198500	ortholog_one2one	1
AT3G13200	Os06g0106100	ortholog_one2one	1
AT5G19530	Os02g0237100	ortholog_one2one	1
AT5G14020	Os11g0514800	ortholog_one2one	1
AT5G01360	Os03g0291200	ortholog_one2one	1
AT1G08660	Os11g0572400	ortholog_one2one	1
AT2G43080	Os04g0346000	ortholog_one2one	1
AT3G54050	Os03g0267300	ortholog_one2one	1
AT5G62990	Os04g0312100	ortholog_one2one	1
AT3G18390	Os05g0551900	ortholog_one2one	1
AT3G10690	Os03g0812000	ortholog_one2one	1
AT5G06120	Os03g0616700	ortholog_one2one	1
AT5G55760	Os04g0271000	ortholog_one2one	1
AT1G57600	Os05g0144000	ortholog_one2one	1
AT3G22960	Os07g0181000	ortholog_one2one	1
AT2G44660	Os02g0688500	ortholog_one2one	1
AT3G23490	Os10g0471300	ortholog_one2one	1
AT1G68750	Os01g0110700	ortholog_one2one	1
AT2G26590	Os05g0594800	ortholog_one2one	1
AT3G06200	Os03g0320900	ortholog_one2one	1
AT4G10090	Os03g0284000	ortholog_one2one	1
AT1G63850	Os04g0579700	ortholog_one2one	1
AT5G04740	Os12g0152700	ortholog_one2one	1
AT5G59770	Os05g0460800	ortholog_one2one	1
AT1G06060	Os01g0775600	ortholog_one2one	1
AT4G39010	Os09g0530200	ortholog_one2one	1
AT2G30710	Os09g0515800	ortholog_one2one	1
AT5G50280	Os05g0294600	ortholog_one2one	1
AT1G72880	Os01g0709400	ortholog_one2one	1
AT3G18680	Os01g0965400	ortholog_one2one	1
AT4G15890	Os12g0548100	ortholog_one2one	1
AT5G04900	Os03g0654600	ortholog_one2one	1
AT4G12640	Os09g0298700	ortholog_one2one	1
AT2G33205	Os04g0506300	ortholog_one2one	1
AT1G34630	Os03g0190900	ortholog_one2one	1
AT4G34030	Os08g0424200	ortholog_one2one	1
AT5G51410	Os07g0456400	ortholog_one2one	1
AT2G41040	Os06g0646000	ortholog_one2one	1
AT5G54140	Os04g0521800	ortholog_one2one	1
AT2G15230	Os09g0103100	ortholog_one2one	1
AT3G62390	Os03g0307700	ortholog_one2one	1
AT1G73400	Os02g0759500	ortholog_one2one	1
AT2G13560	Os07g0496200	ortholog_one2one	1
AT3G02720	Os04g0671700	ortholog_one2one	1
AT5G34850	Os06g0643900	ortholog_one2one	1
AT4G39850	Os05g0107600	ortholog_one2one	1
AT1G68825	Os01g0525350	ortholog_one2one	1
AT5G65165	Os09g0370300	ortholog_one2one	1
AT5G50870	Os01g0925800	ortholog_one2one	1
AT5G16060	Os03g0257900	ortholog_one2one	1
AT4G02820	Os12g0527900	ortholog_one2one	1
AT2G19640	Os08g0205300	ortholog_one2one	1
AT2G28260	Os02g0627700	ortholog_one2one	1
AT1G71750	Os05g0182201	ortholog_one2one	1
AT1G23230	Os02g0732700	ortholog_one2one	1
AT3G17040	Os03g0308800	ortholog_one2one	1
AT2G41705	Os10g0567000	ortholog_one2one	1
AT5G40020	Os10g0412700	ortholog_one2one	1
AT5G62270	Os01g0801700	ortholog_one2one	1
AT5G02830	Os03g0284900	ortholog_one2one	1
AT1G70590	Os04g0476000	ortholog_one2one	1
AT3G48900	Os08g0101600	ortholog_one2one	1
AT1G59820	Os10g0412000	ortholog_one2one	1
AT1G73470	Os09g0448900	ortholog_one2one	1
AT2G32000	Os09g0500600	ortholog_one2one	1
AT1G04730	Os03g0264800	ortholog_one2one	1
AT5G62640	Os07g0192900	ortholog_one2one	1
AT3G54460	Os01g0952200	ortholog_one2one	1
AT1G05750	Os02g0769900	ortholog_one2one	1
AT3G23255	Os10g0466100	ortholog_one2one	1
AT1G01090	Os04g0119400	ortholog_one2one	1
AT1G22850	Os01g0884900	ortholog_one2one	1
AT1G21760	Os04g0431200	ortholog_one2one	1
AT1G29630	Os01g0777300	ortholog_one2one	1
AT1G63855	Os02g0120300	ortholog_one2one	1
AT4G23840	Os05g0212200	ortholog_one2one	1
AT5G09950	Os01g0589900	ortholog_one2one	1
AT1G23740	Os08g0379400	ortholog_one2one	1
AT5G23540	Os06g0703600	ortholog_one2one	1
AT5G15540	Os07g0110400	ortholog_one2one	1
AT3G62010	Os03g0586700	ortholog_one2one	1
AT5G63620	Os08g0109200	ortholog_one2one	1
AT1G60790	Os04g0508000	ortholog_one2one	1
AT3G26782	Os07g0299800	ortholog_one2one	1
AT1G66430	Os06g0232200	ortholog_one2one	1
AT2G22410	Os10g0400250	ortholog_one2one	1
AT4G38010	Os04g0488200	ortholog_one2one	1
AT5G14250	Os08g0119000	ortholog_one2one	1
AT2G04660	Os04g0484800	ortholog_one2one	1
AT1G76050	Os06g0717400	ortholog_one2one	1
AT2G46200	Os01g0226500	ortholog_one2one	1
AT4G38500	Os06g0724300	ortholog_one2one	1
AT1G77670	Os09g0453800	ortholog_one2one	1
AT3G59030	Os12g0615700	ortholog_one2one	1
AT2G02710	Os01g0186200	ortholog_one2one	1
AT1G25500	Os02g0580100	ortholog_one2one	1
AT1G18030	Os09g0314400	ortholog_one2one	1
AT2G30130	Os05g0346800	ortholog_one2one	1
AT1G55090	Os07g0167100	ortholog_one2one	1
AT1G01770	Os07g0457300	ortholog_one2one	1
AT3G59845	Os04g0497000	ortholog_one2one	1
AT1G72550	Os05g0558900	ortholog_one2one	1
AT1G25290	Os09g0454100	ortholog_one2one	1
AT3G48810	Os05g0132000	ortholog_one2one	1
AT4G18060	Os07g0508300	ortholog_one2one	1
AT1G74600	Os09g0413300	ortholog_one2one	1
AT4G32320	Os08g0522400	ortholog_one2one	1
AT1G60230	Os01g0640800	ortholog_one2one	1
AT3G62140	Os01g0321800	ortholog_one2one	1
AT1G32250	Os01g0505600	ortholog_one2one	1
AT1G03090	Os12g0605800	ortholog_one2one	1
AT1G04120	Os03g0142800	ortholog_one2one	1
AT1G64350	Os01g0620100	ortholog_one2one	1
AT4G16570	Os06g0105500	ortholog_one2one	1
AT3G52090	Os07g0172500	ortholog_one2one	1
AT1G71110	Os01g0121300	ortholog_one2one	1
AT3G09660	Os05g0464100	ortholog_one2one	1
AT2G39760	Os07g0101400	ortholog_one2one	1
AT5G25265	Os06g0180000	ortholog_one2one	1
AT5G15410	Os03g0758300	ortholog_one2one	1
AT5G19540	Os08g0387500	ortholog_one2one	1
AT3G23940	Os08g0559600	ortholog_one2one	1
AT1G26940	Os11g0602900	ortholog_one2one	1
AT3G46220	Os05g0117600	ortholog_one2one	1
AT5G52630	Os01g0651100	ortholog_one2one	1
AT3G55420	Os05g0459300	ortholog_one2one	1
AT5G46630	Os02g0690700	ortholog_one2one	1
AT5G44520	Os03g0781400	ortholog_one2one	1
AT1G55910	Os03g0411800	ortholog_one2one	1
AT5G25800	Os12g0188900	ortholog_one2one	1
AT5G16715	Os07g0163500	ortholog_one2one	1
AT4G23860	Os06g0529800	ortholog_one2one	1
AT1G09740	Os02g0760500	ortholog_one2one	1
AT5G36300	Os06g0710800	ortholog_one2one	1
AT4G14965	Os03g0205500	ortholog_one2one	1
AT4G27600	Os10g0573000	ortholog_one2one	1
AT5G14530	Os05g0543300	ortholog_one2one	1
AT5G05810	Os06g0695900	ortholog_one2one	1
AT2G33540	Os11g0521900	ortholog_one2one	1
AT4G27800	Os01g0552300	ortholog_one2one	1
AT3G54870	Os03g0152900	ortholog_one2one	1
AT1G21730	Os04g0434600	ortholog_one2one	1
AT1G06330	Os01g0758000	ortholog_one2one	1
AT5G26680	Os05g0540100	ortholog_one2one	1
AT1G74340	Os11g0311550	ortholog_one2one	1
AT3G06040	Os02g0198900	ortholog_one2one	1
AT5G15170	Os07g0530100	ortholog_one2one	1
AT2G26990	Os01g0279200	ortholog_one2one	1
AT2G37230	Os02g0110400	ortholog_one2one	1
AT5G57670	Os08g0249100	ortholog_one2one	1
AT1G50510	Os08g0504400	ortholog_one2one	1
AT5G53620	Os08g0543600	ortholog_one2one	1
AT5G35160	Os02g0797700	ortholog_one2one	1
AT3G58590	Os01g0754700	ortholog_one2one	1
AT1G32370	Os02g0279600	ortholog_one2one	1
AT4G33210	Os10g0396400	ortholog_one2one	1
AT1G50380	Os06g0730600	ortholog_one2one	1
AT4G26555	Os02g0199300	ortholog_one2one	1
AT3G46790	Os01g0848300	ortholog_one2one	1
AT5G63060	Os02g0321500	ortholog_one2one	1
AT1G09300	Os12g0563500	ortholog_one2one	1
AT5G39680	Os05g0572900	ortholog_one2one	1
AT4G34980	Os03g0242900	ortholog_one2one	1
AT5G56110	Os04g0470600	ortholog_one2one	1
AT1G12840	Os05g0593100	ortholog_one2one	1
AT4G16566	Os04g0535400	ortholog_one2one	1
AT5G47240	Os04g0547900	ortholog_one2one	1
AT4G02070	Os09g0407600	ortholog_one2one	1
AT1G16870	Os07g0202900	ortholog_one2one	1
AT1G48930	Os04g0674800	ortholog_one2one	1
AT1G14740	Os03g0239200	ortholog_one2one	1
AT1G22450	Os03g0390400	ortholog_one2one	1
AT4G00370	Os09g0570400	ortholog_one2one	1
AT2G31840	Os05g0417200	ortholog_one2one	1
AT5G42370	Os02g0592200	ortholog_one2one	1
AT3G01610	Os06g0109400	ortholog_one2one	1
AT2G33820	Os11g0423800	ortholog_one2one	1
AT1G72090	Os04g0434300	ortholog_one2one	1
AT2G02400	Os01g0978400	ortholog_one2one	1
AT5G49570	Os07g0497400	ortholog_one2one	1
AT3G27100	Os01g0920200	ortholog_one2one	1
AT5G13400	Os01g0103100	ortholog_one2one	1
AT3G21540	Os03g0151700	ortholog_one2one	1
AT5G48310	Os02g0198400	ortholog_one2one	1
AT3G03270	Os02g0773200	ortholog_one2one	1
AT5G14180	Os08g0529800	ortholog_one2one	1
AT3G56310	Os07g0679300	ortholog_one2one	1
AT1G73020	Os01g0706700	ortholog_one2one	1
AT5G55125	Os11g0516100	ortholog_one2one	1
AT5G45380	Os10g0580400	ortholog_one2one	1
AT1G79730	Os08g0157100	ortholog_one2one	1
AT3G10970	Os05g0168300	ortholog_one2one	1
AT1G56450	Os09g0515200	ortholog_one2one	1
AT3G17170	Os12g0563200	ortholog_one2one	1
AT5G10700	Os04g0605200	ortholog_one2one	1
AT5G64150	Os12g0612500	ortholog_one2one	1
AT1G10830	Os12g0405200	ortholog_one2one	1
AT3G23330	Os07g0578800	ortholog_one2one	1
AT5G67170	Os04g0670400	ortholog_one2one	1
AT4G30840	Os08g0266600	ortholog_one2one	1
AT2G32810	Os12g0429200	ortholog_one2one	1
AT1G27900	Os11g0310800	ortholog_one2one	1
AT5G19485	Os06g0338900	ortholog_one2one	1
AT3G18020	Os07g0674300	ortholog_one2one	1
AT1G61850	Os07g0520900	ortholog_one2one	1
AT2G18220	Os10g0495500	ortholog_one2one	1
AT1G09060	Os03g0346700	ortholog_one2one	1
AT5G16510	Os04g0660400	ortholog_one2one	1
AT2G32980	Os08g0204800	ortholog_one2one	1
AT5G27550	Os05g0397900	ortholog_one2one	1
AT2G21870	Os02g0131300	ortholog_one2one	1
AT5G10940	Os03g0187300	ortholog_one2one	1
AT5G03880	Os08g0558200	ortholog_one2one	1
AT1G09130	Os03g0344900	ortholog_one2one	1
AT5G11850	Os02g0220700	ortholog_one2one	1
AT4G20150	Os07g0498300	ortholog_one2one	1
AT5G54890	Os08g0188000	ortholog_one2one	1
AT4G39660	Os03g0171900	ortholog_one2one	1
AT1G74970	Os03g0769100	ortholog_one2one	1
AT5G21040	Os04g0619700	ortholog_one2one	1
AT5G17620	Os01g0869500	ortholog_one2one	1
AT5G17290	Os02g0117800	ortholog_one2one	1
AT1G75330	Os02g0704800	ortholog_one2one	1
AT5G23310	Os06g0143000	ortholog_one2one	1
AT3G47430	Os04g0534600	ortholog_one2one	1
AT3G29320	Os03g0758100	ortholog_one2one	1
AT3G48110	Os06g0103600	ortholog_one2one	1
AT4G33945	Os02g0761200	ortholog_one2one	1
AT5G54770	Os07g0529600	ortholog_one2one	1
AT4G01900	Os05g0133100	ortholog_one2one	1
AT2G23890	Os09g0424600	ortholog_one2one	1
AT3G48150	Os02g0656300	ortholog_one2one	1
AT3G44330	Os08g0102100	ortholog_one2one	1
AT2G35490	Os10g0575700	ortholog_one2one	1
AT5G49030	Os02g0778200	ortholog_one2one	1
AT4G13970	Os07g0227700	ortholog_one2one	1
AT1G10700	Os01g0723600	ortholog_one2one	1
AT1G28320	Os05g0497700	ortholog_one2one	1
AT1G73430	Os08g0451000	ortholog_one2one	1
AT5G38720	Os02g0728700	ortholog_one2one	1
AT5G47680	Os02g0725600	ortholog_one2one	1
AT2G02590	Os03g0800500	ortholog_one2one	1
AT1G78010	Os08g0407000	ortholog_one2one	1
AT1G07230	Os03g0826600	ortholog_one2one	1
AT1G50170	Os02g0296800	ortholog_one2one	1
AT3G01920	Os08g0531300	ortholog_one2one	1
AT5G19855	Os03g0807900	ortholog_one2one	1
AT1G13170	Os12g0285600	ortholog_one2one	1
AT2G22070	Os03g0775400	ortholog_one2one	1
AT2G37310	Os03g0283500	ortholog_one2one	1
AT3G02870	Os03g0587000	ortholog_one2one	1
AT4G34500	Os03g0227900	ortholog_one2one	1
AT4G35490	Os10g0466200	ortholog_one2one	1
AT5G43430	Os04g0182800	ortholog_one2one	1
AT5G23880	Os09g0569400	ortholog_one2one	1
AT5G64420	Os02g0135700	ortholog_one2one	1
AT5G17790	Os01g0815700	ortholog_one2one	1
AT3G25920	Os03g0219900	ortholog_one2one	1
AT1G21450	Os01g0881500	ortholog_one2one	1
AT5G35410	Os06g0606000	ortholog_one2one	1
AT1G28140	Os03g0850600	ortholog_one2one	1
AT3G16990	Os03g0306900	ortholog_one2one	1
AT1G54390	Os03g0748200	ortholog_one2one	1
AT1G60770	Os04g0320200	ortholog_one2one	1
AT3G17970	Os03g0707900	ortholog_one2one	1
AT5G43750	Os01g0929100	ortholog_one2one	1
AT1G27530	Os10g0205200	ortholog_one2one	1
AT5G54860	Os01g0243200	ortholog_one2one	1
AT1G11600	Os06g0680700	ortholog_one2one	1
AT1G04020	Os04g0512400	ortholog_one2one	1
AT2G44710	Os04g0543200	ortholog_one2one	1
AT5G04610	Os08g0520400	ortholog_one2one	1
AT3G06510	Os11g0683500	ortholog_one2one	1
AT3G10420	Os07g0187400	ortholog_one2one	1
AT5G44800	Os07g0497100	ortholog_one2one	1
AT1G72640	Os03g0410700	ortholog_one2one	1
AT1G19800	Os04g0553000	ortholog_one2one	1
AT5G35100	Os08g0292600	ortholog_one2one	1
AT1G79640	Os02g0791700	ortholog_one2one	1
AT2G40780	Os03g0114200	ortholog_one2one	1
AT1G25375	Os01g0133500	ortholog_one2one	1
AT2G29560	Os03g0266200	ortholog_one2one	1
AT5G17250	Os10g0170300	ortholog_one2one	1
AT1G79690	Os02g0793300	ortholog_one2one	1
AT2G48070	Os05g0404400	ortholog_one2one	1
AT5G27970	Os01g0772700	ortholog_one2one	1
AT2G26700	Os01g0174700	ortholog_one2one	1
AT4G38220	Os08g0511900	ortholog_one2one	1
AT2G34690	Os03g0784900	ortholog_one2one	1
AT5G17400	Os11g0661300	ortholog_one2one	1
AT2G20410	Os03g0860000	ortholog_one2one	1
AT3G28460	Os03g0736400	ortholog_one2one	1
AT5G01920	Os05g0480000	ortholog_one2one	1
AT4G10620	Os09g0364500	ortholog_one2one	1
AT1G26370	Os06g0192500	ortholog_one2one	1
AT3G08840	Os07g0691200	ortholog_one2one	1
AT3G27550	Os05g0145300	ortholog_one2one	1
AT3G10630	Os09g0296700	ortholog_one2one	1
AT4G02840	Os02g0586500	ortholog_one2one	1
AT4G19180	Os10g0350500	ortholog_one2one	1
AT3G60740	Os10g0508500	ortholog_one2one	1
AT2G40090	Os03g0698350	ortholog_one2one	1
AT4G09750	Os06g0590301	ortholog_one2one	1
AT3G47390	Os02g0473000	ortholog_one2one	1
AT3G01150	Os03g0376900	ortholog_one2one	1
AT3G05510	Os01g0931300	ortholog_one2one	1
AT4G20360	Os02g0595700	ortholog_one2one	1
AT1G04870	Os06g0142800	ortholog_one2one	1
AT2G04540	Os02g0196900	ortholog_one2one	1
AT5G54090	Os10g0509000	ortholog_one2one	1
AT5G01310	Os03g0293400	ortholog_one2one	1
AT5G64860	Os07g0627000	ortholog_one2one	1
AT3G58690	Os05g0207700	ortholog_one2one	1
AT5G64330	Os02g0568200	ortholog_one2one	1
AT4G14970	Os07g0154400	ortholog_one2one	1
AT1G76080	Os07g0476900	ortholog_one2one	1
AT3G17210	Os01g0516600	ortholog_one2one	1
AT3G44880	Os03g0146400	ortholog_one2one	1
AT1G48760	Os01g0512200	ortholog_one2one	1
AT5G18660	Os03g0351200	ortholog_one2one	1
AT4G13980	Os02g0496100	ortholog_one2one	1
AT2G45690	Os02g0123200	ortholog_one2one	1
AT3G54860	Os04g0223000	ortholog_one2one	1
AT5G47690	Os06g0286351	ortholog_one2one	1
AT4G29060	Os12g0541500	ortholog_one2one	1
AT2G29630	Os03g0679700	ortholog_one2one	1
AT2G02860	Os02g0827200	ortholog_one2one	1
AT5G13480	Os01g0951000	ortholog_one2one	1
AT1G71810	Os04g0640500	ortholog_one2one	1
AT1G06470	Os06g0153200	ortholog_one2one	1
AT4G19003	Os01g0658500	ortholog_one2one	1
AT5G15010	Os01g0816000	ortholog_one2one	1
AT5G11380	Os06g0142900	ortholog_one2one	1
AT5G58860	Os01g0854800	ortholog_one2one	1
AT5G66680	Os07g0209000	ortholog_one2one	1
AT1G67660	Os08g0236700	ortholog_one2one	1
AT3G20630	Os01g0177200	ortholog_one2one	1
AT4G13780	Os10g0400100	ortholog_one2one	1
AT2G41480	Os01g0172600	ortholog_one2one	1
AT1G67280	Os05g0230900	ortholog_one2one	1
AT5G39840	Os04g0459800	ortholog_one2one	1
AT5G06410	Os12g0456200	ortholog_one2one	1
AT2G36980	Os09g0520300	ortholog_one2one	1
AT3G20780	Os09g0279600	ortholog_one2one	1
AT3G06790	Os03g0581600	ortholog_one2one	1
AT3G26380	Os01g0518500	ortholog_one2one	1
AT5G58005	Os08g0441400	ortholog_one2one	1
AT2G28380	Os10g0480500	ortholog_one2one	1
AT5G63120	Os01g0911100	ortholog_one2one	1
AT5G45120	Os05g0511050	ortholog_one2one	1
AT3G54610	Os10g0415900	ortholog_one2one	1
AT4G02750	Os09g0327200	ortholog_one2one	1
AT1G55760	Os08g0495500	ortholog_one2one	1
AT2G04530	Os09g0482680	ortholog_one2one	1
AT1G32500	Os01g0127300	ortholog_one2one	1
AT4G17510	Os02g0654500	ortholog_one2one	1
AT1G70610	Os01g0911300	ortholog_one2one	1
AT4G19460	Os01g0653200	ortholog_one2one	1
AT1G19140	Os03g0405100	ortholog_one2one	1
AT1G75980	Os02g0120400	ortholog_one2one	1
AT1G46480	Os04g0649400	ortholog_one2one	1
AT4G15030	Os11g0639000	ortholog_one2one	1
AT2G28390	Os01g0976000	ortholog_one2one	1
AT1G48160	Os06g0342100	ortholog_one2one	1
AT1G69830	Os01g0715400	ortholog_one2one	1
AT1G76630	Os10g0548200	ortholog_one2one	1
AT3G03100	Os10g0579300	ortholog_one2one	1
AT2G23380	Os06g0275500	ortholog_one2one	1
AT1G01940	Os06g0130500	ortholog_one2one	1
AT2G47750	Os07g0671500	ortholog_one2one	1
AT3G46870	Os07g0549200	ortholog_one2one	1
AT3G10670	Os03g0332700	ortholog_one2one	1
AT4G32360	Os02g0277600	ortholog_one2one	1
AT2G33255	Os02g0816100	ortholog_one2one	1
AT4G20770	Os02g0167200	ortholog_one2one	1
AT1G67140	Os06g0505302	ortholog_one2one	1
AT3G09030	Os03g0264700	ortholog_one2one	1
AT4G16340	Os03g0328000	ortholog_one2one	1
AT3G05740	Os11g0672700	ortholog_one2one	1
AT4G02405	Os07g0247100	ortholog_one2one	1
AT3G26730	Os02g0516600	ortholog_one2one	1
AT2G06025	Os03g0177000	ortholog_one2one	1
AT4G34270	Os03g0760600	ortholog_one2one	1
AT2G20360	Os02g0816800	ortholog_one2one	1
AT1G11880	Os12g0498700	ortholog_one2one	1
AT1G23070	Os03g0406900	ortholog_one2one	1
AT1G02560	Os03g0308100	ortholog_one2one	1
AT5G61510	Os03g0101600	ortholog_one2one	1
AT3G27730	Os02g0617500	ortholog_one2one	1
AT5G06830	Os06g0320100	ortholog_one2one	1
AT2G35150	Os07g0496700	ortholog_one2one	1
AT4G31770	Os03g0725300	ortholog_one2one	1
AT1G31770	Os08g0167000	ortholog_one2one	1
AT5G14520	Os03g0699200	ortholog_one2one	1
AT5G58200	Os06g0182400	ortholog_one2one	1
AT3G06110	Os01g0390900	ortholog_one2one	1
AT1G19485	Os01g0858000	ortholog_one2one	1
AT1G05460	Os03g0160400	ortholog_one2one	1
AT5G64730	Os02g0543400	ortholog_one2one	1
AT1G67630	Os12g0242900	ortholog_one2one	1
AT5G13830	Os03g0822300	ortholog_one2one	1
AT2G24860	Os09g0423700	ortholog_one2one	1
AT1G56230	Os01g0347100	ortholog_one2one	1
AT5G10780	Os03g0360500	ortholog_one2one	1
AT1G79950	Os01g0592900	ortholog_one2one	1
AT3G08760	Os01g0822200	ortholog_one2one	1
AT3G01420	Os12g0448900	ortholog_one2one	1
AT3G54480	Os07g0659700	ortholog_one2one	1
AT3G26420	Os03g0836200	ortholog_one2one	1
AT1G48420	Os02g0773300	ortholog_one2one	1
AT3G06850	Os01g0314100	ortholog_one2one	1
AT5G42850	Os06g0320000	ortholog_one2one	1
AT1G71870	Os03g0839200	ortholog_one2one	1
AT5G30510	Os03g0315800	ortholog_one2one	1
AT1G74640	Os09g0413700	ortholog_one2one	1
AT3G63490	Os05g0388500	ortholog_one2one	1
AT5G64470	Os02g0117900	ortholog_one2one	1
AT2G35450	Os04g0391900	ortholog_one2one	1
AT4G39740	Os09g0370200	ortholog_one2one	1
AT5G45900	Os01g0614900	ortholog_one2one	1
AT2G27290	Os04g0416000	ortholog_one2one	1
AT1G08110	Os05g0295800	ortholog_one2one	1
AT3G27110	Os01g0970700	ortholog_one2one	1
AT1G79380	Os08g0135400	ortholog_one2one	1
AT4G15780	Os07g0249200	ortholog_one2one	1
AT1G31660	Os09g0352400	ortholog_one2one	1
AT4G09010	Os04g0602100	ortholog_one2one	1
AT5G57860	Os03g0364000	ortholog_one2one	1
AT1G14310	Os08g0169800	ortholog_one2one	1
AT5G08170	Os04g0466600	ortholog_one2one	1
AT5G52840	Os03g0313000	ortholog_one2one	1
AT1G02170	Os10g0565100	ortholog_one2one	1
AT1G26470	Os05g0512500	ortholog_one2one	1
AT5G06550	Os11g0572800	ortholog_one2one	1
AT3G51130	Os06g0714000	ortholog_one2one	1
AT4G12130	Os06g0134800	ortholog_one2one	1
AT4G30950	Os08g0440900	ortholog_one2one	1
AT2G47390	Os03g0307100	ortholog_one2one	1
AT5G10720	Os06g0654300	ortholog_one2one	1
AT5G63290	Os12g0270100	ortholog_one2one	1
AT5G08710	Os11g0545800	ortholog_one2one	1
AT4G21200	Os07g0103500	ortholog_one2one	1
AT2G26810	Os07g0641600	ortholog_one2one	1
AT5G56740	Os09g0347800	ortholog_one2one	1
AT4G01800	Os01g0321300	ortholog_one2one	1
AT5G51550	Os06g0133600	ortholog_one2one	1
AT2G21720	Os03g0157700	ortholog_one2one	1
AT5G38630	Os08g0384000	ortholog_one2one	1
AT3G13224	Os08g0320100	ortholog_one2one	1
AT1G54490	Os03g0794800	ortholog_one2one	1
AT5G23810	Os02g0722400	ortholog_one2one	1
AT3G12760	Os06g0233400	ortholog_one2one	1
AT1G52760	Os02g0207900	ortholog_one2one	1
AT1G55915	Os06g0191200	ortholog_one2one	1
AT2G28480	Os01g0958400	ortholog_one2one	1
AT3G01510	Os08g0379300	ortholog_one2one	1
AT3G13700	Os06g0151200	ortholog_one2one	1
AT1G14030	Os09g0411650	ortholog_one2one	1
AT1G52310	Os01g0104000	ortholog_one2one	1
AT3G09210	Os03g0825500	ortholog_one2one	1
AT4G17100	Os04g0542900	ortholog_one2one	1
AT1G61770	Os12g0258200	ortholog_one2one	1
AT3G60660	Os07g0484500	ortholog_one2one	1
AT1G16070	Os02g0179400	ortholog_one2one	1
AT2G42820	Os01g0728150	ortholog_one2one	1
AT4G33440	Os08g0107300	ortholog_one2one	1
AT1G29340	Os02g0234300	ortholog_one2one	1
AT1G36320	Os02g0291500	ortholog_one2one	1
AT5G47710	Os09g0251800	ortholog_one2one	1
AT2G36230	Os05g0400800	ortholog_one2one	1
AT3G11980	Os03g0167600	ortholog_one2one	1
AT1G79900	Os01g0225000	ortholog_one2one	1
AT5G16520	Os01g0100500	ortholog_one2one	1
AT3G55260	Os05g0115900	ortholog_one2one	1
AT1G03750	Os05g0247900	ortholog_one2one	1
AT5G17530	Os07g0447800	ortholog_one2one	1
AT2G40320	Os05g0356700	ortholog_one2one	1
AT1G80880	Os08g0272200	ortholog_one2one	1
AT3G55850	Os01g0952700	ortholog_one2one	1
AT1G19430	Os03g0775200	ortholog_one2one	1
AT2G25140	Os02g0181900	ortholog_one2one	1
AT2G47020	Os05g0277300	ortholog_one2one	1
AT2G05590	Os07g0438700	ortholog_one2one	1
AT2G33640	Os04g0585100	ortholog_one2one	1
AT3G58530	Os02g0281150	ortholog_one2one	1
AT1G10030	Os12g0633200	ortholog_one2one	1
AT5G51020	Os11g0524300	ortholog_one2one	1
AT3G51040	Os03g0799500	ortholog_one2one	1
AT5G01510	Os01g0141600	ortholog_one2one	1
AT1G63940	Os08g0151800	ortholog_one2one	1
AT1G21710	Os02g0552600	ortholog_one2one	1
AT2G26970	Os02g0465500	ortholog_one2one	1
AT5G32450	Os03g0748900	ortholog_one2one	1
AT5G63840	Os03g0216600	ortholog_one2one	1
AT1G62250	Os03g0744700	ortholog_one2one	1
AT5G54580	Os08g0139000	ortholog_one2one	1
AT1G25570	Os01g0140400	ortholog_one2one	1
AT2G42220	Os09g0279400	ortholog_one2one	1
AT5G15710	Os04g0668600	ortholog_one2one	1
AT1G31730	Os01g0916200	ortholog_one2one	1
AT3G17205	Os05g0159000	ortholog_one2one	1
AT4G08455	Os07g0258700	ortholog_one2one	1
AT5G40390	Os01g0170000	ortholog_one2one	1
AT4G17910	Os03g0378200	ortholog_one2one	1
AT5G21482	Os08g0460600	ortholog_one2one	1
AT3G46980	Os01g0852200	ortholog_one2one	1
AT1G27320	Os01g0923700	ortholog_one2one	1
AT2G20420	Os02g0621700	ortholog_one2one	1
AT2G32260	Os02g0173500	ortholog_one2one	1
AT3G55400	Os03g0209600	ortholog_one2one	1
AT5G65860	Os03g0761200	ortholog_one2one	1
AT3G08920	Os03g0289400	ortholog_one2one	1
AT4G26180	Os02g0226300	ortholog_one2one	1
AT1G63270	Os04g0627200	ortholog_one2one	1
AT4G14930	Os07g0204500	ortholog_one2one	1
AT1G43860	Os08g0107500	ortholog_one2one	1
AT5G23170	Os01g0267800	ortholog_one2one	1
AT3G45830	Os05g0117864	ortholog_one2one	1
AT2G13360	Os08g0502700	ortholog_one2one	1
AT3G50845	Os03g0775500	ortholog_one2one	1
AT5G59520	Os01g0972200	ortholog_one2one	1
AT3G25900	Os03g0221200	ortholog_one2one	1
AT2G18510	Os10g0457000	ortholog_one2one	1
AT1G63770	Os08g0562700	ortholog_one2one	1
AT4G18750	Os01g0205200	ortholog_one2one	1
AT3G03790	Os07g0165200	ortholog_one2one	1
AT2G22570	Os02g0606800	ortholog_one2one	1
AT5G63830	Os10g0520700	ortholog_one2one	1
AT5G64090	Os11g0169600	ortholog_one2one	1
AT4G22670	Os02g0100300	ortholog_one2one	1
AT5G45170	Os12g0630700	ortholog_one2one	1
AT2G38720	Os05g0409400	ortholog_one2one	1
AT2G42770	Os01g0730800	ortholog_one2one	1
AT1G71060	Os01g0505500	ortholog_one2one	1
AT3G11710	Os03g0586800	ortholog_one2one	1
AT5G38730	Os02g0827900	ortholog_one2one	1
AT1G09340	Os12g0420200	ortholog_one2one	1
AT2G33680	Os01g0374200	ortholog_one2one	1
AT1G74960	Os07g0616200	ortholog_one2one	1
AT2G41670	Os11g0447300	ortholog_one2one	1
AT2G21070	Os02g0121200	ortholog_one2one	1
AT1G29200	Os06g0545900	ortholog_one2one	1
AT5G38460	Os07g0164500	ortholog_one2one	1
AT3G16565	Os01g0120400	ortholog_one2one	1
AT2G33450	Os05g0101400	ortholog_one2one	1
AT3G23700	Os03g0844900	ortholog_one2one	1
AT1G10600	Os01g0661500	ortholog_one2one	1
AT1G67320	Os07g0406800	ortholog_one2one	1
AT2G35360	Os09g0573100	ortholog_one2one	1
AT5G06160	Os03g0717600	ortholog_one2one	1
AT4G36990	Os09g0456800	ortholog_one2one	1
AT4G33540	Os02g0829500	ortholog_one2one	1
AT1G36390	Os04g0431100	ortholog_one2one	1
AT5G61140	Os03g0213400	ortholog_one2one	1
AT5G37850	Os12g0600400	ortholog_one2one	1
AT2G02150	Os06g0565000	ortholog_one2one	1
AT2G27480	Os08g0558100	ortholog_one2one	1
AT3G50420	Os04g0672700	ortholog_one2one	1
AT5G15450	Os03g0426900	ortholog_one2one	1
AT1G77090	Os12g0190200	ortholog_one2one	1
AT5G26230	Os05g0390600	ortholog_one2one	1
AT5G42760	Os03g0775000	ortholog_one2one	1
AT4G30825	Os09g0423300	ortholog_one2one	1
AT4G35790	Os09g0543100	ortholog_one2one	1
AT2G27680	Os09g0567366	ortholog_one2one	1
AT3G07860	Os04g0663500	ortholog_one2one	1
AT2G31880	Os06g0288100	ortholog_one2one	1
AT1G12550	Os04g0107500	ortholog_one2one	1
AT5G48340	Os01g0897100	ortholog_one2one	1
AT1G78790	Os04g0481500	ortholog_one2one	1
AT3G22150	Os04g0602600	ortholog_one2one	1
AT1G10510	Os06g0237502	ortholog_one2one	1
AT2G43980	Os09g0518700	ortholog_one2one	1
AT3G20650	Os08g0180000	ortholog_one2one	1
AT1G29940	Os10g0495600	ortholog_one2one	1
AT5G57850	Os02g0273100	ortholog_one2one	1
AT3G48990	Os04g0683700	ortholog_one2one	1
AT5G02860	Os07g0590600	ortholog_one2one	1
AT4G28740	Os04g0507100	ortholog_one2one	1
AT4G00740	Os04g0569400	ortholog_one2one	1
AT3G56490	Os03g0322500	ortholog_one2one	1
AT3G52210	Os02g0780600	ortholog_one2one	1
AT1G70630	Os05g0513700	ortholog_one2one	1
AT3G05520	Os07g0414800	ortholog_one2one	1
AT3G50685	Os10g0213700	ortholog_one2one	1
AT1G16180	Os02g0792900	ortholog_one2one	1
AT5G49060	Os05g0364500	ortholog_one2one	1
AT3G02360	Os06g0111500	ortholog_one2one	1
AT5G52780	Os10g0533100	ortholog_one2one	1
AT5G08540	Os04g0527800	ortholog_one2one	1
AT1G65280	Os01g0521500	ortholog_one2one	1
AT1G71190	Os01g0962200	ortholog_one2one	1
AT4G16450	Os08g0431500	ortholog_one2one	1
AT1G28680	Os06g0155500	ortholog_one2one	1
AT4G33460	Os01g0770500	ortholog_one2one	1
AT3G04460	Os10g0467200	ortholog_one2one	1
AT1G02870	Os05g0367100	ortholog_one2one	1
AT5G56580	Os01g0510100	ortholog_one2one	1
AT3G07750	Os12g0403800	ortholog_one2one	1
AT4G14145	Os03g0288400	ortholog_one2one	1
AT3G62600	Os05g0156500	ortholog_one2one	1
AT2G37500	Os03g0279400	ortholog_one2one	1
AT5G16420	Os06g0125300	ortholog_one2one	1
AT5G25760	Os02g0634800	ortholog_one2one	1
AT4G34910	Os03g0728800	ortholog_one2one	1
AT1G80380	Os01g0682500	ortholog_one2one	1
AT3G60370	Os07g0490400	ortholog_one2one	1
AT5G55220	Os06g0308000	ortholog_one2one	1
AT5G58330	Os08g0562100	ortholog_one2one	1
AT1G74070	Os01g0111100	ortholog_one2one	1
AT1G80660	Os05g0319800	ortholog_one2one	1
AT1G22800	Os12g0203100	ortholog_one2one	1
AT1G29320	Os07g0506700	ortholog_one2one	1
AT5G63110	Os08g0344100	ortholog_one2one	1
AT4G00030	Os04g0551700	ortholog_one2one	1
AT1G59720	Os07g0191500	ortholog_one2one	1
AT5G11960	Os01g0708300	ortholog_one2one	1
AT4G00585	Os09g0560300	ortholog_one2one	1
AT1G47670	Os12g0485600	ortholog_one2one	1
AT5G42970	Os03g0197400	ortholog_one2one	1
AT3G15520	Os07g0565600	ortholog_one2one	1
AT5G43050	Os04g0488600	ortholog_one2one	1
AT1G71090	Os08g0191000	ortholog_one2one	1
AT3G47450	Os02g0104700	ortholog_one2one	1
AT1G63490	Os06g0731600	ortholog_one2one	1
AT3G25530	Os02g0562700	ortholog_one2one	1
AT5G41330	Os07g0419200	ortholog_one2one	1
AT1G29950	Os01g0626900	ortholog_one2one	1
AT1G44970	Os01g0263000	ortholog_one2one	1
AT1G56090	Os04g0616100	ortholog_one2one	1
AT1G14790	Os02g0736200	ortholog_one2one	1
AT3G29240	Os10g0330400	ortholog_one2one	1
AT4G30890	Os07g0661300	ortholog_one2one	1
AT2G40700	Os05g0110500	ortholog_one2one	1
AT1G73720	Os01g0322800	ortholog_one2one	1
AT1G01140	Os03g0126800	ortholog_one2one	1
AT3G11530	Os01g0966500	ortholog_one2one	1
AT4G28830	Os06g0162600	ortholog_one2one	1
AT1G31800	Os02g0817900	ortholog_one2one	1
AT1G77680	Os02g0754100	ortholog_one2one	1
AT2G43760	Os02g0140300	ortholog_one2one	1
AT3G07670	Os02g0725200	ortholog_one2one	1
AT2G45500	Os06g0130000	ortholog_one2one	1
AT5G17930	Os05g0147200	ortholog_one2one	1
AT5G36120	Os01g0966200	ortholog_one2one	1
AT2G21710	Os07g0134700	ortholog_one2one	1
AT4G20410	Os04g0618500	ortholog_one2one	1
AT3G16010	Os02g0266200	ortholog_one2one	1
AT5G10690	Os09g0431600	ortholog_one2one	1
AT1G08780	Os03g0628900	ortholog_one2one	1
AT3G24590	Os02g0267000	ortholog_one2one	1
AT1G78590	Os09g0345700	ortholog_one2one	1
AT1G53580	Os01g0667200	ortholog_one2one	1
AT4G19540	Os03g0627300	ortholog_one2one	1
AT3G07180	Os01g0907300	ortholog_one2one	1
AT2G44920	Os01g0144100	ortholog_one2one	1
AT3G08610	Os05g0481600	ortholog_one2one	1
AT3G25970	Os08g0375800	ortholog_one2one	1
AT5G40850	Os01g0631200	ortholog_one2one	1
AT4G20930	Os06g0677400	ortholog_one2one	1
AT3G04260	Os10g0462800	ortholog_one2one	1
AT2G39990	Os05g0104800	ortholog_one2one	1
AT4G15440	Os02g0110200	ortholog_one2one	1
AT2G45990	Os07g0418000	ortholog_one2one	1
AT5G45300	Os02g0129600	ortholog_one2one	1
AT3G59660	Os09g0516900	ortholog_one2one	1
AT1G10170	Os06g0252300	ortholog_one2one	1
AT2G39190	Os02g0805800	ortholog_one2one	1
AT2G44580	Os05g0119600	ortholog_one2one	1
AT3G22990	Os07g0609766	ortholog_one2one	1
AT5G64440	Os04g0102700	ortholog_one2one	1
AT2G39000	Os02g0806000	ortholog_one2one	1
AT1G61010	Os03g0852900	ortholog_one2one	1
AT3G55080	Os01g0976450	ortholog_one2one	1
AT5G16120	Os10g0135600	ortholog_one2one	1
AT3G13170	Os03g0752200	ortholog_one2one	1
AT1G64880	Os02g0102400	ortholog_one2one	1
AT2G21170	Os09g0535000	ortholog_one2one	1
AT2G39970	Os03g0265300	ortholog_one2one	1
AT1G60000	Os02g0815200	ortholog_one2one	1
AT1G26460	Os07g0599000	ortholog_one2one	1
AT3G26115	Os01g0695600	ortholog_one2one	1
AT2G35110	Os08g0544500	ortholog_one2one	1
AT3G02090	Os03g0212700	ortholog_one2one	1
AT1G01220	Os03g0115100	ortholog_one2one	1
AT2G26680	Os03g0566600	ortholog_one2one	1
AT5G60870	Os09g0560450	ortholog_one2one	1
AT4G04180	Os02g0740300	ortholog_one2one	1
AT1G74880	Os01g0959900	ortholog_one2one	1
AT1G08125	Os02g0818700	ortholog_one2one	1
AT5G14600	Os04g0319600	ortholog_one2one	1
AT2G38740	Os09g0407700	ortholog_one2one	1
AT3G05620	Os01g0254300	ortholog_one2one	1
AT3G24080	Os05g0490000	ortholog_one2one	1
AT1G32070	Os05g0481000	ortholog_one2one	1
AT3G19820	Os10g0397400	ortholog_one2one	1
AT2G04700	Os09g0249900	ortholog_one2one	1
AT3G14075	Os02g0780700	ortholog_one2one	1
AT2G44060	Os03g0843300	ortholog_one2one	1
AT5G57420	Os04g0653300	ortholog_one2one	1
AT2G20810	Os04g0636100	ortholog_one2one	1
AT3G56950	Os03g0320000	ortholog_one2one	1
AT1G19340	Os03g0198900	ortholog_one2one	1
AT2G17580	Os03g0131400	ortholog_one2one	1
AT5G10070	Os03g0195200	ortholog_one2one	1
AT4G29400	Os01g0558800	ortholog_one2one	1
AT2G22370	Os02g0193900	ortholog_one2one	1
AT3G14910	Os09g0315800	ortholog_one2one	1
AT3G61620	Os09g0252000	ortholog_one2one	1
AT5G51340	Os04g0347600	ortholog_one2one	1
AT3G49725	Os03g0727900	ortholog_one2one	1
AT2G42620	Os06g0154200	ortholog_one2one	1
AT5G16710	Os06g0232600	ortholog_one2one	1
AT5G17840	Os03g0656201	ortholog_one2one	1
AT2G47210	Os05g0540800	ortholog_one2one	1
AT3G61080	Os03g0117800	ortholog_one2one	1
AT5G52970	Os07g0534000	ortholog_one2one	1
AT3G55360	Os01g0150000	ortholog_one2one	1
AT1G66520	Os01g0687500	ortholog_one2one	1
AT4G12830	Os01g0919700	ortholog_one2one	1
AT3G59840	Os05g0500450	ortholog_one2one	1
AT5G09920	Os02g0116900	ortholog_one2one	1
AT2G03870	Os08g0177700	ortholog_one2one	1
AT2G38695	Os09g0442800	ortholog_one2one	1
AT1G25540	Os09g0306700	ortholog_one2one	1
AT1G61520	Os02g0197600	ortholog_one2one	1
AT3G19508	Os01g0342800	ortholog_one2one	1
AT5G54590	Os08g0138700	ortholog_one2one	1
AT1G26160	Os01g0641100	ortholog_one2one	1
AT1G30290	Os12g0615600	ortholog_one2one	1
AT1G78140	Os08g0411200	ortholog_one2one	1
AT3G21300	Os01g0193600	ortholog_one2one	1
AT2G26890	Os10g0575200	ortholog_one2one	1
AT4G25120	Os07g0492100	ortholog_one2one	1
AT2G02570	Os08g0109900	ortholog_one2one	1
AT3G49080	Os07g0658200	ortholog_one2one	1
AT5G67140	Os06g0166000	ortholog_one2one	1
AT3G16890	Os12g0557800	ortholog_one2one	1
AT5G49660	Os12g0632900	ortholog_one2one	1
AT1G67690	Os01g0902200	ortholog_one2one	1
AT3G53130	Os10g0546600	ortholog_one2one	1
AT1G15860	Os08g0439150	ortholog_one2one	1
AT1G56345	Os12g0560500	ortholog_one2one	1
AT5G10080	Os02g0751100	ortholog_one2one	1
AT2G24270	Os08g0440800	ortholog_one2one	1
AT5G53580	Os10g0517400	ortholog_one2one	1
AT5G12300	Os01g0953500	ortholog_one2one	1
AT5G08280	Os02g0168800	ortholog_one2one	1
AT5G59600	Os03g0271300	ortholog_one2one	1
AT2G22250	Os01g0871300	ortholog_one2one	1
AT3G24000	Os10g0444500	ortholog_one2one	1
AT2G35350	Os02g0690500	ortholog_one2one	1
AT5G57300	Os01g0976600	ortholog_one2one	1
AT5G20520	Os07g0608300	ortholog_one2one	1
AT4G08960	Os06g0219800	ortholog_one2one	1
AT5G05560	Os05g0354300	ortholog_one2one	1
AT1G71800	Os11g0176100	ortholog_one2one	1
AT3G45880	Os09g0483600	ortholog_one2one	1
AT1G44350	Os06g0691400	ortholog_one2one	1
AT3G22845	Os03g0744800	ortholog_one2one	1
AT1G43690	Os04g0421800	ortholog_one2one	1
AT1G79260	Os01g0679600	ortholog_one2one	1
AT1G48360	Os06g0171800	ortholog_one2one	1
AT3G16250	Os07g0489800	ortholog_one2one	1
AT1G51310	Os03g0174600	ortholog_one2one	1
AT3G54720	Os03g0790600	ortholog_one2one	1
AT1G53210	Os01g0212400	ortholog_one2one	1
AT5G07960	Os03g0756800	ortholog_one2one	1
AT5G56090	Os08g0496000	ortholog_one2one	1
AT4G39530	Os08g0340900	ortholog_one2one	1
AT3G52380	Os07g0158300	ortholog_one2one	1
AT3G16150	Os04g0650700	ortholog_one2one	1
AT2G13540	Os03g0347200	ortholog_one2one	1
AT1G72560	Os07g0613300	ortholog_one2one	1
AT2G26230	Os01g0865100	ortholog_one2one	1
AT1G21840	Os02g0168000	ortholog_one2one	1
AT5G47860	Os04g0405600	ortholog_one2one	1
AT3G02010	Os01g0101150	ortholog_one2one	1
AT3G06880	Os05g0363500	ortholog_one2one	1
AT3G59380	Os09g0514400	ortholog_one2one	1
AT5G04520	Os03g0363200	ortholog_one2one	1
AT4G10760	Os02g0672600	ortholog_one2one	1
AT5G54570	Os06g0683300	ortholog_one2one	1
AT4G30700	Os06g0185800	ortholog_one2one	1
AT1G30480	Os01g0526100	ortholog_one2one	1
AT1G28560	Os01g0912600	ortholog_one2one	1
AT4G10020	Os03g0842900	ortholog_one2one	1
AT5G03555	Os02g0666700	ortholog_one2one	1
AT3G21420	Os01g0935400	ortholog_one2one	1
AT1G16970	Os07g0184900	ortholog_one2one	1
AT2G47990	Os07g0224900	ortholog_one2one	1
AT2G26170	Os02g0221900	ortholog_one2one	1
AT1G11840	Os08g0191700	ortholog_one2one	1
AT2G33770	Os05g0557700	ortholog_one2one	1
AT5G11560	Os05g0230600	ortholog_one2one	1
AT1G24310	Os07g0295400	ortholog_one2one	1
AT3G04130	Os02g0601600	ortholog_one2one	1
AT2G36930	Os08g0564500	ortholog_one2one	1
AT2G04740	Os06g0318200	ortholog_one2one	1
AT3G11920	Os10g0482900	ortholog_one2one	1
AT3G12530	Os01g0248600	ortholog_one2one	1
AT1G18440	Os01g0693900	ortholog_one2one	1
AT3G06430	Os03g0309800	ortholog_one2one	1
AT2G45200	Os02g0126800	ortholog_one2one	1
AT5G17170	Os08g0162600	ortholog_one2one	1
AT3G54210	Os03g0815400	ortholog_one2one	1
AT5G63890	Os01g0232700	ortholog_one2one	1
AT1G61040	Os12g0535900	ortholog_one2one	1
AT4G20350	Os10g0420000	ortholog_one2one	1
AT2G37020	Os10g0443200	ortholog_one2one	1
AT2G45280	Os01g0578000	ortholog_one2one	1
AT1G07960	Os03g0287900	ortholog_one2one	1
AT1G67700	Os02g0600200	ortholog_one2one	1
AT1G22730	Os03g0222100	ortholog_one2one	1
AT3G10050	Os03g0713000	ortholog_one2one	1
AT4G02460	Os02g0592300	ortholog_one2one	1
AT4G09350	Os11g0216100	ortholog_one2one	1
AT5G19660	Os06g0163500	ortholog_one2one	1
AT5G49010	Os05g0143400	ortholog_one2one	1
AT4G12590	Os09g0497400	ortholog_one2one	1
AT5G13120	Os05g0103200	ortholog_one2one	1
AT3G19340	Os01g0929000	ortholog_one2one	1
AT3G13800	Os09g0363800	ortholog_one2one	1
AT4G29010	Os02g0274100	ortholog_one2one	1
AT4G01310	Os03g0125000	ortholog_one2one	1
AT4G31390	Os11g0216300	ortholog_one2one	1
AT2G36840	Os09g0570900	ortholog_one2one	1
AT5G32470	Os08g0566000	ortholog_one2one	1
AT4G01690	Os01g0286600	ortholog_one2one	1
AT3G19970	Os06g0730300	ortholog_one2one	1
AT4G24270	Os08g0113200	ortholog_one2one	1
AT1G10180	Os07g0568000	ortholog_one2one	1
AT1G55740	Os08g0495800	ortholog_one2one	1
AT2G44810	Os11g0146600	ortholog_one2one	1
AT3G27000	Os08g0369300	ortholog_one2one	1
AT5G57960	Os11g0592700	ortholog_one2one	1
AT1G52630	Os08g0537900	ortholog_one2one	1
AT3G15080	Os08g0377400	ortholog_one2one	1
AT3G16730	Os07g0517300	ortholog_one2one	1
AT4G35800	Os05g0151000	ortholog_one2one	1
AT5G63420	Os02g0539600	ortholog_one2one	1
AT5G63310	Os12g0548300	ortholog_one2one	1
AT1G71240	Os01g0869000	ortholog_one2one	1
AT2G19950	Os01g0744400	ortholog_one2one	1
AT3G06170	Os03g0454100	ortholog_one2one	1
AT5G42450	Os01g0839400	ortholog_one2one	1
AT4G15530	Os05g0405000	ortholog_one2one	1
AT1G77470	Os02g0775200	ortholog_one2one	1
AT5G58220	Os03g0390700	ortholog_one2one	1
AT1G65260	Os01g0895100	ortholog_one2one	1
AT5G53340	Os08g0386700	ortholog_one2one	1
AT4G08250	Os03g0263300	ortholog_one2one	1
AT3G57630	Os03g0174300	ortholog_one2one	1
AT5G64510	Os01g0767600	ortholog_one2one	1
AT3G12260	Os07g0640100	ortholog_one2one	1
AT4G03240	Os01g0783600	ortholog_one2one	1
AT3G07480	Os09g0514600	ortholog_one2one	1
AT3G11220	Os06g0639600	ortholog_one2one	1
AT3G45300	Os05g0125500	ortholog_one2one	1
AT2G31410	Os02g0595400	ortholog_one2one	1
AT5G64370	Os07g0485100	ortholog_one2one	1
AT2G20920	Os03g0137300	ortholog_one2one	1
AT5G38840	Os06g0275900	ortholog_one2one	1
AT2G03780	Os01g0265900	ortholog_one2one	1
AT3G03890	Os07g0573800	ortholog_one2one	1
AT1G76450	Os08g0512500	ortholog_one2one	1
AT3G05350	Os07g0205700	ortholog_one2one	1
AT3G45740	Os03g0284500	ortholog_one2one	1
AT2G37240	Os03g0284600	ortholog_one2one	1
AT2G14050	Os06g0218500	ortholog_one2one	1
AT1G31410	Os04g0602200	ortholog_one2one	1
AT4G20740	Os07g0179000	ortholog_one2one	1
AT5G46390	Os01g0664000	ortholog_one2one	1
AT2G38060	Os05g0451100	ortholog_one2one	1
AT5G13680	Os07g0563700	ortholog_one2one	1
AT3G52880	Os09g0567300	ortholog_one2one	1
AT1G17440	Os01g0846900	ortholog_one2one	1
AT5G06360	Os07g0673100	ortholog_one2one	1
AT2G44760	Os04g0545200	ortholog_one2one	1
AT5G54270	Os07g0562700	ortholog_one2one	1
AT3G46210	Os03g0854200	ortholog_one2one	1
AT1G65060	Os02g0697400	ortholog_one2one	1
AT3G61440	Os04g0165700	ortholog_one2one	1
AT2G19830	Os06g0608500	ortholog_one2one	1
AT3G10140	Os01g0945001	ortholog_one2one	1
AT5G20070	Os06g0141166	ortholog_one2one	1
AT1G79350	Os08g0223833	ortholog_one2one	1
AT3G25120	Os04g0376100	ortholog_one2one	1
AT1G09750	Os03g0186900	ortholog_one2one	1
AT5G62840	Os01g0660900	ortholog_one2one	1
AT3G01480	Os08g0382400	ortholog_one2one	1
AT1G09794	Os12g0182600	ortholog_one2one	1
AT1G80410	Os01g0617500	ortholog_one2one	1
AT4G28020	Os09g0428900	ortholog_one2one	1
AT3G14120	Os11g0643700	ortholog_one2one	1
AT4G29120	Os01g0742300	ortholog_one2one	1
AT2G22650	Os06g0181400	ortholog_one2one	1
AT5G44560	Os03g0639800	ortholog_one2one	1
AT2G17510	Os03g0129200	ortholog_one2one	1
AT5G60160	Os12g0236500	ortholog_one2one	1
AT1G08530	Os12g0430900	ortholog_one2one	1
AT3G09320	Os05g0458000	ortholog_one2one	1
AT4G21060	Os08g0130900	ortholog_one2one	1
AT4G14820	Os04g0221300	ortholog_one2one	1
AT3G23100	Os03g0740800	ortholog_one2one	1
AT3G55550	Os12g0574700	ortholog_one2one	1
AT3G52050	Os03g0227300	ortholog_one2one	1
AT3G49180	Os07g0408100	ortholog_one2one	1
AT2G38020	Os01g0666800	ortholog_one2one	1
AT5G52910	Os05g0210500	ortholog_one2one	1
AT5G17670	Os02g0129900	ortholog_one2one	1
AT4G38090	Os08g0478100	ortholog_one2one	1
AT3G28700	Os01g0588800	ortholog_one2one	1
AT1G06840	Os01g0960400	ortholog_one2one	1
AT3G19840	Os10g0485000	ortholog_one2one	1
AT5G53120	Os06g0528600	ortholog_one2one	1
AT5G35080	Os06g0644800	ortholog_one2one	1
AT3G20930	Os02g0730800	ortholog_one2one	1
AT2G29640	Os03g0265200	ortholog_one2one	1
AT1G59840	Os04g0650500	ortholog_one2one	1
AT5G58290	Os02g0325100	ortholog_one2one	1
AT4G17550	Os02g0652800	ortholog_one2one	1
AT3G49250	Os01g0235200	ortholog_one2one	1
AT3G07770	Os12g0514500	ortholog_one2one	1
AT3G18770	Os11g0162000	ortholog_one2one	1
AT5G12260	Os01g0283000	ortholog_one2one	1
AT5G63920	Os03g0165000	ortholog_one2one	1
AT1G13290	Os09g0307400	ortholog_one2one	1
AT2G33760	Os12g0181900	ortholog_one2one	1
AT1G01930	Os04g0574600	ortholog_one2one	1
AT3G06730	Os08g0378900	ortholog_one2one	1
AT2G13100	Os06g0179900	ortholog_one2one	1
AT5G52580	Os02g0709800	ortholog_one2one	1
AT1G24530	Os04g0481600	ortholog_one2one	1
AT1G30220	Os07g0151200	ortholog_one2one	1
AT3G01660	Os04g0481300	ortholog_one2one	1
AT3G15840	Os03g0586500	ortholog_one2one	1
AT2G43030	Os02g0137200	ortholog_one2one	1
AT1G74470	Os02g0744900	ortholog_one2one	1
AT5G26180	Os02g0217800	ortholog_one2one	1
AT1G79740	Os01g0222700	ortholog_one2one	1
AT5G64130	Os01g0249300	ortholog_one2one	1
AT5G14800	Os01g0948400	ortholog_one2one	1
AT4G06599	Os01g0875400	ortholog_one2one	1
AT3G26060	Os06g0196300	ortholog_one2one	1
AT1G66240	Os08g0205400	ortholog_one2one	1
AT4G37200	Os03g0767500	ortholog_one2one	1
AT3G48120	Os01g0687600	ortholog_one2one	1
AT4G19670	Os12g0631200	ortholog_one2one	1
AT1G34420	Os12g0182300	ortholog_one2one	1
AT3G03773	Os03g0655300	ortholog_one2one	1
AT1G44414	Os05g0435400	ortholog_one2one	1
AT4G34540	Os02g0705000	ortholog_one2one	1
AT1G78630	Os01g0749200	ortholog_one2one	1
AT2G04350	Os05g0317200	ortholog_one2one	1
AT1G24360	Os12g0242700	ortholog_one2one	1
AT5G37478	Os09g0307300	ortholog_one2one	1
AT1G26550	Os09g0411700	ortholog_one2one	1
AT4G20760	Os12g0609500	ortholog_one2one	1
AT1G80500	Os02g0613600	ortholog_one2one	1
AT3G27180	Os01g0920300	ortholog_one2one	1
AT5G38530	Os06g0632200	ortholog_one2one	1
AT3G19180	Os04g0675800	ortholog_one2one	1
AT2G04900	Os03g0751000	ortholog_one2one	1
AT5G64940	Os02g0575500	ortholog_one2one	1
AT1G31190	Os02g0169900	ortholog_one2one	1
AT1G18480	Os11g0261900	ortholog_one2one	1
AT2G43640	Os04g0623700	ortholog_one2one	1
AT4G11420	Os01g0120800	ortholog_one2one	1
AT1G03360	Os04g0520000	ortholog_one2one	1
AT1G60160	Os09g0376900	ortholog_one2one	1
AT4G09020	Os09g0469400	ortholog_one2one	1
AT3G07720	Os09g0249000	ortholog_one2one	1
AT4G16330	Os06g0162500	ortholog_one2one	1
AT1G54100	Os09g0440300	ortholog_one2one	1
AT5G04500	Os03g0684500	ortholog_one2one	1
AT4G30580	Os10g0497100	ortholog_one2one	1
AT5G27290	Os01g0382700	ortholog_one2one	1
AT1G68010	Os02g0101500	ortholog_one2one	1
AT3G57670	Os06g0612300	ortholog_one2one	1
AT5G11330	Os06g0597600	ortholog_one2one	1
AT5G67270	Os10g0498900	ortholog_one2one	1
AT5G47380	Os10g0559800	ortholog_one2one	1
AT1G80190	Os05g0453900	ortholog_one2one	1
AT2G02050	Os03g0129900	ortholog_one2one	1
AT3G54010	Os03g0367000	ortholog_one2one	1
AT1G31160	Os06g0667500	ortholog_one2one	1
AT4G16060	Os05g0358400	ortholog_one2one	1
AT5G51180	Os08g0143700	ortholog_one2one	1
AT5G60590	Os03g0201600	ortholog_one2one	1
AT2G31440	Os02g0272600	ortholog_one2one	1
AT1G55880	Os03g0215800	ortholog_one2one	1
AT5G14570	Os01g0547600	ortholog_one2one	1
AT2G42450	Os09g0571500	ortholog_one2one	1
AT1G76150	Os09g0544900	ortholog_one2one	1
AT2G46700	Os10g0510700	ortholog_one2one	1
AT4G28660	Os01g0938100	ortholog_one2one	1
AT3G10380	Os08g0318500	ortholog_one2one	1
AT3G21060	Os03g0207900	ortholog_one2one	1
AT2G22530	Os02g0781600	ortholog_one2one	1
AT4G36530	Os02g0705100	ortholog_one2one	1
AT3G09720	Os07g0647900	ortholog_one2one	1
AT5G45140	Os03g0403100	ortholog_one2one	1
AT3G15410	Os02g0826600	ortholog_one2one	1
AT1G24490	Os03g0844700	ortholog_one2one	1
AT2G37330	Os05g0119000	ortholog_one2one	1
AT2G24280	Os06g0647400	ortholog_one2one	1
AT3G61140	Os03g0116500	ortholog_one2one	1
AT5G39830	Os04g0459900	ortholog_one2one	1
AT5G57140	Os06g0699200	ortholog_one2one	1
AT1G09280	Os12g0563400	ortholog_one2one	1
AT1G30845	Os03g0127000	ortholog_one2one	1
AT1G65700	Os05g0594900	ortholog_one2one	1
AT1G54650	Os07g0414200	ortholog_one2one	1
AT3G20015	Os04g0677100	ortholog_one2one	1
AT3G51830	Os03g0290500	ortholog_one2one	1
AT5G04590	Os05g0503300	ortholog_one2one	1
AT2G28250	Os02g0110600	ortholog_one2one	1
AT5G05680	Os04g0608400	ortholog_one2one	1
AT5G65760	Os01g0767100	ortholog_one2one	1
AT4G19420	Os02g0702400	ortholog_one2one	1
AT5G64816	Os03g0185600	ortholog_one2one	1
AT1G74680	Os08g0438600	ortholog_one2one	1
AT5G24810	Os06g0701300	ortholog_one2one	1
AT5G03860	Os04g0486950	ortholog_one2one	1
AT1G68100	Os08g0467400	ortholog_one2one	1
AT3G54850	Os06g0102700	ortholog_one2one	1
AT1G29330	Os05g0529300	ortholog_one2one	1
AT2G45240	Os10g0508400	ortholog_one2one	1
AT3G23430	Os02g0809800	ortholog_one2one	1
AT4G24790	Os08g0120200	ortholog_one2one	1
AT2G35920	Os10g0471350	ortholog_one2one	1
AT4G29660	Os05g0540200	ortholog_one2one	1
AT1G53710	Os03g0397300	ortholog_one2one	1
AT1G21690	Os12g0176500	ortholog_one2one	1
AT3G09180	Os01g0263500	ortholog_one2one	1
AT2G25530	Os03g0851900	ortholog_one2one	1
AT3G52640	Os02g0736500	ortholog_one2one	1
AT1G57770	Os03g0841900	ortholog_one2one	1
AT5G54910	Os07g0517000	ortholog_one2one	1
AT1G74360	Os07g0597200	ortholog_one2one	1
AT3G25480	Os01g0889800	ortholog_one2one	1
AT5G47090	Os06g0139700	ortholog_one2one	1
AT5G35170	Os08g0288200	ortholog_one2one	1
AT4G37380	Os07g0113500	ortholog_one2one	1
AT5G27450	Os10g0329300	ortholog_one2one	1
AT5G12200	Os01g0807900	ortholog_one2one	1
AT2G44020	Os02g0783100	ortholog_one2one	1
AT5G27660	Os11g0246600	ortholog_one2one	1
AT2G21370	Os07g0409200	ortholog_one2one	1
AT5G57030	Os01g0581300	ortholog_one2one	1
AT3G48250	Os01g0970900	ortholog_one2one	1
AT1G49980	Os03g0616300	ortholog_one2one	1
AT2G28190	Os08g0561700	ortholog_one2one	1
AT3G03960	Os03g0804800	ortholog_one2one	1
AT2G44420	Os06g0618150	ortholog_one2one	1
AT1G34130	Os04g0675500	ortholog_one2one	1
AT2G18250	Os02g0134000	ortholog_one2one	1
AT4G22930	Os01g0747500	ortholog_one2one	1
AT5G09420	Os02g0754500	ortholog_one2one	1
AT5G56130	Os09g0298400	ortholog_one2one	1
AT5G62790	Os01g0106900	ortholog_one2one	1
AT1G07615	Os11g0704300	ortholog_one2one	1
AT4G31200	Os06g0682700	ortholog_one2one	1
AT5G47790	Os08g0326100	ortholog_one2one	1
AT5G60040	Os04g0492300	ortholog_one2one	1
AT5G05200	Os07g0227800	ortholog_one2one	1
AT2G05320	Os02g0798100	ortholog_one2one	1
AT2G47940	Os05g0147500	ortholog_one2one	1
AT4G10300	Os04g0445200	ortholog_one2one	1
AT3G26570	Os02g0593500	ortholog_one2one	1
AT1G79985	Os01g0593600	ortholog_one2one	1
AT5G23870	Os10g0550500	ortholog_one2one	1
AT5G63000	Os01g0271000	ortholog_one2one	1
AT5G04440	Os03g0146500	ortholog_one2one	1
AT4G32700	Os12g0291000	ortholog_one2one	1
AT5G26570	Os12g0297500	ortholog_one2one	1
AT1G77350	Os05g0486200	ortholog_one2one	1
AT3G10030	Os04g0405800	ortholog_one2one	1
AT4G28200	Os02g0103900	ortholog_one2one	1
AT1G69070	Os03g0598200	ortholog_one2one	1
AT1G12050	Os02g0196800	ortholog_one2one	1
AT5G26610	Os04g0115400	ortholog_one2one	1
AT4G17650	Os01g0772400	ortholog_one2one	1
AT5G44710	Os05g0148300	ortholog_one2one	1
AT2G03820	Os10g0573900	ortholog_one2one	1
AT3G14900	Os04g0497900	ortholog_one2one	1
AT5G50960	Os04g0485400	ortholog_one2one	1
AT2G01720	Os04g0693000	ortholog_one2one	1
AT2G14170	Os07g0188800	ortholog_one2one	1
AT1G34220	Os08g0175200	ortholog_one2one	1
AT5G16750	Os04g0592700	ortholog_one2one	1
AT5G58760	Os01g0141700	ortholog_one2one	1
AT5G54600	Os06g0683200	ortholog_one2one	1
AT4G24710	Os04g0479000	ortholog_one2one	1
AT2G46060	Os10g0446200	ortholog_one2one	1
AT4G13430	Os02g0125100	ortholog_one2one	1
AT2G17265	Os02g0831800	ortholog_one2one	1
AT5G20870	Os03g0397600	ortholog_one2one	1
AT4G33410	Os10g0393100	ortholog_one2one	1
AT4G20270	Os05g0595800	ortholog_one2one	1
AT3G07940	Os01g0951100	ortholog_one2one	1
AT5G66810	Os10g0382300	ortholog_one2one	1
AT4G34960	Os09g0537600	ortholog_one2one	1
AT3G52150	Os09g0279500	ortholog_one2one	1
AT5G05480	Os05g0395000	ortholog_one2one	1
AT1G04150	Os02g0816000	ortholog_one2one	1
AT4G22790	Os03g0858800	ortholog_one2one	1
AT1G12250	Os02g0643500	ortholog_one2one	1
AT5G01710	Os07g0692401	ortholog_one2one	1
AT4G24550	Os07g0620300	ortholog_one2one	1
AT5G50100	Os04g0668800	ortholog_one2one	1
AT3G63220	Os10g0388200	ortholog_one2one	1
AT3G25980	Os04g0486500	ortholog_one2one	1
AT1G15220	Os02g0275100	ortholog_one2one	1
AT5G14950	Os06g0245700	ortholog_one2one	1
AT1G62040	Os07g0512200	ortholog_one2one	1
AT5G16810	Os02g0694800	ortholog_one2one	1
AT5G64830	Os04g0640800	ortholog_one2one	1
AT5G35430	Os09g0123100	ortholog_one2one	1
AT5G08740	Os06g0214900	ortholog_one2one	1
AT1G74460	Os06g0229400	ortholog_one2one	1
AT5G24260	Os02g0290600	ortholog_one2one	1
AT5G53450	Os01g0655500	ortholog_one2one	1
AT5G02160	Os05g0110100	ortholog_one2one	1
AT4G13670	Os04g0514400	ortholog_one2one	1
AT1G33360	Os02g0564400	ortholog_one2one	1
AT5G10560	Os04g0530700	ortholog_one2one	1
AT5G24340	Os07g0452400	ortholog_one2one	1
AT4G25280	Os04g0105500	ortholog_one2one	1
AT2G14255	Os11g0549700	ortholog_one2one	1
AT3G03710	Os07g0168000	ortholog_one2one	1
AT5G50310	Os04g0483600	ortholog_one2one	1
AT2G44990	Os04g0550600	ortholog_one2one	1
AT5G40405	Os01g0715700	ortholog_one2one	1
AT2G26510	Os12g0583900	ortholog_one2one	1
AT4G32690	Os06g0591600	ortholog_one2one	1
AT2G46910	Os10g0509200	ortholog_one2one	1
AT4G13400	Os05g0556000	ortholog_one2one	1
AT3G58470	Os03g0749900	ortholog_one2one	1
AT3G04650	Os12g0597400	ortholog_one2one	1
AT3G14730	Os01g0818200	ortholog_one2one	1
AT3G18730	Os02g0782800	ortholog_one2one	1
AT3G55950	Os05g0127300	ortholog_one2one	1
AT2G21150	Os09g0535300	ortholog_one2one	1
AT5G48020	Os02g0717500	ortholog_one2one	1
AT5G66130	Os03g0242100	ortholog_one2one	1
AT5G10820	Os09g0423400	ortholog_one2one	1
AT2G01390	Os10g0358700	ortholog_one2one	1
AT4G22330	Os03g0698900	ortholog_one2one	1
AT5G65740	Os03g0726900	ortholog_one2one	1
AT2G41350	Os08g0240600	ortholog_one2one	1
AT5G57345	Os06g0694800	ortholog_one2one	1
AT3G53110	Os03g0158200	ortholog_one2one	1
AT5G39940	Os12g0638800	ortholog_one2one	1
AT5G16010	Os07g0162100	ortholog_one2one	1
AT5G53560	Os10g0518200	ortholog_one2one	1
AT2G31970	Os02g0497500	ortholog_one2one	1
AT3G52500	Os04g0685200	ortholog_one2one	1
AT5G61410	Os03g0169100	ortholog_one2one	1
AT5G22750	Os02g0527100	ortholog_one2one	1
AT2G11520	Os09g0123300	ortholog_one2one	1
AT5G58020	Os06g0183900	ortholog_one2one	1
AT3G61350	Os02g0114600	ortholog_one2one	1
AT1G31870	Os08g0178300	ortholog_one2one	1
AT1G03180	Os05g0251400	ortholog_one2one	1
AT1G73350	Os02g0637900	ortholog_one2one	1
AT4G32910	Os01g0746200	ortholog_one2one	1
AT4G01660	Os01g0318700	ortholog_one2one	1
AT2G43770	Os06g0653800	ortholog_one2one	1
AT5G56290	Os08g0500100	ortholog_one2one	1
AT5G13410	Os07g0133700	ortholog_one2one	1
AT1G63990	Os08g0156900	ortholog_one2one	1
AT3G07550	Os11g0264200	ortholog_one2one	1
AT1G74730	Os01g0585300	ortholog_one2one	1
AT5G48170	Os03g0196500	ortholog_one2one	1
AT3G55800	Os04g0234600	ortholog_one2one	1
AT1G55250	Os10g0565600	ortholog_one2one	1
AT5G52800	Os07g0467900	ortholog_one2one	1
AT2G33610	Os02g0194000	ortholog_one2one	1
AT4G24880	Os01g0101300	ortholog_one2one	1
AT1G03190	Os05g0144800	ortholog_one2one	1
AT3G20230	Os02g0689700	ortholog_one2one	1
AT5G16620	Os04g0439900	ortholog_one2one	1
AT4G39710	Os02g0751600	ortholog_one2one	1
AT4G00560	Os02g0826200	ortholog_one2one	1
AT4G32590	Os05g0555300	ortholog_one2one	1
AT5G41890	Os04g0577300	ortholog_one2one	1
AT1G74030	Os09g0375000	ortholog_one2one	1
AT1G61690	Os03g0669800	ortholog_one2one	1
AT3G55480	Os01g0973300	ortholog_one2one	1
AT1G72320	Os10g0390100	ortholog_one2one	1
AT1G47830	Os12g0207300	ortholog_one2one	1
AT1G79840	Os01g0760800	ortholog_one2one	1
AT5G55600	Os07g0607300	ortholog_one2one	1
AT1G76040	Os04g0560600	ortholog_one2one	1
AT5G37290	Os11g0546200	ortholog_one2one	1
AT3G19720	Os12g0178700	ortholog_one2one	1
AT3G05410	Os01g0934400	ortholog_one2one	1
AT5G18580	Os05g0149800	ortholog_one2one	1
AT1G17220	Os05g0575300	ortholog_one2one	1
AT5G22360	Os10g0154000	ortholog_one2one	1
AT4G35740	Os02g0780800	ortholog_one2one	1
AT1G21640	Os11g0191400	ortholog_one2one	1
AT3G17020	Os05g0157200	ortholog_one2one	1
AT3G07760	Os12g0514600	ortholog_one2one	1
AT2G36885	Os03g0137600	ortholog_one2one	1
AT2G06000	Os04g0446100	ortholog_one2one	1
AT1G69500	Os03g0168600	ortholog_one2one	1
AT1G28150	Os04g0528100	ortholog_one2one	1
AT2G28100	Os04g0560400	ortholog_one2one	1
AT5G17420	Os09g0422500	ortholog_one2one	1
AT1G12230	Os08g0154300	ortholog_one2one	1
AT2G45490	Os03g0765000	ortholog_one2one	1
AT5G41190	Os02g0114700	ortholog_one2one	1
AT5G13420	Os01g0926300	ortholog_one2one	1
AT5G10810	Os04g0499200	ortholog_one2one	1
AT2G32230	Os04g0692500	ortholog_one2one	1
AT5G61670	Os02g0651300	ortholog_one2one	1
AT3G51290	Os09g0538700	ortholog_one2one	1
AT1G19850	Os04g0664400	ortholog_one2one	1
AT2G18710	Os08g0254500	ortholog_one2one	1
AT1G80460	Os04g0647800	ortholog_one2one	1
AT5G16180	Os08g0360100	ortholog_one2one	1
AT2G25110	Os08g0440500	ortholog_one2one	1
AT3G28430	Os04g0298600	ortholog_one2one	1
AT4G38600	Os02g0101700	ortholog_one2one	1
AT5G25560	Os01g0719100	ortholog_one2one	1
AT2G45770	Os01g0958100	ortholog_one2one	1
AT5G12860	Os12g0515400	ortholog_one2one	1
AT1G03540	Os06g0611200	ortholog_one2one	1
AT2G15240	Os09g0109500	ortholog_one2one	1
AT1G50030	Os05g0235300	ortholog_one2one	1
AT2G20060	Os11g0585700	ortholog_one2one	1
AT5G62930	Os10g0476700	ortholog_one2one	1
AT5G13800	Os06g0354700	ortholog_one2one	1
AT5G65720	Os09g0338400	ortholog_one2one	1
AT1G34270	Os04g0670600	ortholog_one2one	1
AT2G48120	Os05g0393400	ortholog_one2one	1
AT4G00570	Os10g0503500	ortholog_one2one	1
AT4G15520	Os05g0141400	ortholog_one2one	1
AT5G58960	Os03g0825600	ortholog_one2one	1
AT3G56570	Os01g0879500	ortholog_one2one	1
AT3G05760	Os03g0831900	ortholog_one2one	1
AT5G37510	Os03g0713400	ortholog_one2one	1
AT5G13640	Os09g0444200	ortholog_one2one	1
AT4G16660	Os02g0710900	ortholog_one2one	1
AT5G46100	Os01g0672166	ortholog_one2one	1
AT2G15690	Os04g0174800	ortholog_one2one	1
AT2G47590	Os03g0343400	ortholog_one2one	1
AT1G68300	Os01g0511100	ortholog_one2one	1
AT5G64600	Os12g0190100	ortholog_one2one	1
AT5G57950	Os09g0420600	ortholog_one2one	1
AT3G24315	Os02g0658900	ortholog_one2one	1
AT1G05720	Os01g0894500	ortholog_one2one	1
AT3G02660	Os01g0500900	ortholog_one2one	1
AT2G05120	Os03g0225500	ortholog_one2one	1
AT2G06990	Os11g0176200	ortholog_one2one	1
AT5G56360	Os01g0276800	ortholog_one2one	1
AT5G04920	Os01g0813500	ortholog_one2one	1
AT2G35030	Os11g0433101	ortholog_one2one	1
AT5G18525	Os01g0327600	ortholog_one2one	1
AT2G11000	Os02g0803250	ortholog_one2one	1
AT5G09450	Os04g0450200	ortholog_one2one	1
AT3G20390	Os07g0516200	ortholog_one2one	1
AT5G60540	Os02g0130100	ortholog_one2one	1
AT4G13590	Os11g0544500	ortholog_one2one	1
AT3G01380	Os02g0581000	ortholog_one2one	1
AT4G24750	Os02g0596000	ortholog_one2one	1
AT3G26700	Os01g0929200	ortholog_one2one	1
AT5G19180	Os01g0271500	ortholog_one2one	1
AT3G59780	Os01g0896500	ortholog_one2one	1
AT2G31190	Os04g0517300	ortholog_one2one	1
AT4G13650	Os12g0552300	ortholog_one2one	1
AT1G49040	Os01g0575500	ortholog_one2one	1
AT5G14460	Os05g0108000	ortholog_one2one	1
AT1G69380	Os01g0764300	ortholog_one2one	1
AT5G42130	Os01g0964900	ortholog_one2one	1
AT3G59530	Os03g0263600	ortholog_one2one	1
AT5G16280	Os03g0786900	ortholog_one2one	1
AT2G32520	Os01g0531500	ortholog_one2one	1
AT2G34640	Os01g0769900	ortholog_one2one	1
AT5G41920	Os07g0567700	ortholog_one2one	1
AT4G22760	Os08g0162200	ortholog_one2one	1
AT2G30080	Os05g0164800	ortholog_one2one	1
AT2G26250	Os03g0181500	ortholog_one2one	1
AT1G04210	Os03g0744300	ortholog_one2one	1
AT2G04360	Os08g0345400	ortholog_one2one	1
AT5G43820	Os02g0304800	ortholog_one2one	1
AT2G01120	Os01g0683400	ortholog_one2one	1
AT5G62600	Os10g0477800	ortholog_one2one	1
AT3G59650	Os03g0207250	ortholog_one2one	1
AT3G04500	Os08g0567200	ortholog_one2one	1
AT4G16270	Os08g0302000	ortholog_one2one	1
AT1G80030	Os02g0804500	ortholog_one2one	1
AT3G26680	Os04g0401800	ortholog_one2one	1
AT4G14850	Os11g0583200	ortholog_one2one	1
AT4G01130	Os06g0160200	ortholog_one2one	1
AT1G33390	Os02g0736600	ortholog_one2one	1
AT2G22640	Os02g0829900	ortholog_one2one	1
AT2G35120	Os02g0169700	ortholog_one2one	1
AT2G41250	Os07g0659400	ortholog_one2one	1
AT5G07400	Os04g0403400	ortholog_one2one	1
AT5G11450	Os01g0617900	ortholog_one2one	1
AT4G38240	Os02g0832800	ortholog_one2one	1
AT1G64810	Os04g0615500	ortholog_one2one	1
AT1G06050	Os08g0152600	ortholog_one2one	1
AT5G23080	Os06g0489200	ortholog_one2one	1
AT1G06900	Os03g0336300	ortholog_one2one	1
AT2G30410	Os02g0816500	ortholog_one2one	1
AT1G09230	Os03g0326600	ortholog_one2one	1
AT1G51650	Os08g0250200	ortholog_one2one	1
AT5G56150	Os04g0667800	ortholog_one2one	1
AT1G74580	Os07g0101200	ortholog_one2one	1
AT5G64050	Os02g0121000	ortholog_one2one	1
AT1G08750	Os02g0219400	ortholog_one2one	1
AT4G02030	Os03g0737800	ortholog_one2one	1
AT3G54890	Os06g0320500	ortholog_one2one	1
AT1G19150	Os09g0439500	ortholog_one2one	1
AT1G30000	Os05g0209100	ortholog_one2one	1
AT5G10620	Os04g0606900	ortholog_one2one	1
AT3G27670	Os01g0169500	ortholog_one2one	1
AT5G61540	Os04g0549300	ortholog_one2one	1
AT5G66150	Os10g0140200	ortholog_one2one	1
AT1G31910	Os03g0253100	ortholog_one2one	1
AT5G52560	Os06g0701200	ortholog_one2one	1
AT5G41760	Os06g0523400	ortholog_one2one	1
AT3G51510	Os05g0490900	ortholog_one2one	1
AT1G67060	Os02g0221600	ortholog_one2one	1
AT1G80350	Os01g0683100	ortholog_one2one	1
AT3G17930	Os01g0805200	ortholog_one2one	1
AT2G15290	Os06g0638100	ortholog_one2one	1
AT3G57060	Os07g0659500	ortholog_one2one	1
AT5G67100	Os01g0868300	ortholog_one2one	1
AT5G08305	Os10g0442700	ortholog_one2one	1
AT1G55350	Os02g0709400	ortholog_one2one	1
AT1G18340	Os02g0125800	ortholog_one2one	1
AT5G53920	Os05g0497675	ortholog_one2one	1
AT1G19600	Os01g0105900	ortholog_one2one	1
AT3G49400	Os01g0702400	ortholog_one2one	1
AT1G52590	Os01g0173000	ortholog_one2one	1
AT5G35180	Os08g0439100	ortholog_one2one	1
AT5G36890	Os01g0897600	ortholog_one2one	1
AT5G24680	Os02g0106700	ortholog_one2one	1
AT5G55060	Os07g0511000	ortholog_one2one	1
AT3G15990	Os06g0143700	ortholog_one2one	1
AT4G35760	Os03g0131500	ortholog_one2one	1
AT3G22450	Os10g0484400	ortholog_one2one	1
AT1G02420	Os03g0208600	ortholog_one2one	1
AT3G49650	Os03g0773600	ortholog_one2one	1
AT1G72250	Os12g0616000	ortholog_one2one	1
AT1G20050	Os01g0103600	ortholog_one2one	1
AT5G58450	Os05g0345400	ortholog_one2one	1
AT3G14770	Os01g0541800	ortholog_one2one	1
AT3G13490	Os02g0623500	ortholog_one2one	1
AT1G20410	Os04g0561700	ortholog_one2one	1
AT3G56460	Os05g0313500	ortholog_one2one	1
AT5G27270	Os06g0111300	ortholog_one2one	1
AT2G15820	Os02g0702000	ortholog_one2one	1
AT3G10530	Os01g0183100	ortholog_one2one	1
AT1G21600	Os11g0110100	ortholog_one2one	1
AT2G38270	Os12g0175500	ortholog_one2one	1
AT3G18630	Os04g0673400	ortholog_one2one	1
AT3G09560	Os05g0462400	ortholog_one2one	1
AT2G40840	Os07g0662900	ortholog_one2one	1
AT5G43280	Os01g0925200	ortholog_one2one	1
AT1G48270	Os06g0199800	ortholog_one2one	1
AT1G64510	Os03g0843400	ortholog_one2one	1
AT4G26020	Os02g0148600	ortholog_one2one	1
AT5G47890	Os04g0310500	ortholog_one2one	1
AT4G02990	Os05g0404000	ortholog_one2one	1
AT2G36360	Os03g0835800	ortholog_one2one	1
AT2G16440	Os01g0544450	ortholog_one2one	1
AT5G49880	Os01g0877300	ortholog_one2one	1
AT3G45020	Os09g0549700	ortholog_one2one	1
AT4G03560	Os01g0678500	ortholog_one2one	1
AT5G04780	Os12g0156900	ortholog_one2one	1
AT1G16810	Os02g0727500	ortholog_one2one	1
AT1G01180	Os09g0518900	ortholog_one2one	1
AT3G42660	Os09g0241100	ortholog_one2one	1
AT5G18200	Os07g0171200	ortholog_one2one	1
AT1G75125	Os01g0612800	ortholog_one2one	1
AT5G64350	Os02g0760300	ortholog_one2one	1
AT1G26500	Os07g0599201	ortholog_one2one	1
AT4G31010	Os08g0174900	ortholog_one2one	1
AT1G20575	Os03g0824400	ortholog_one2one	1
AT4G38050	Os07g0490500	ortholog_one2one	1
AT3G53170	Os03g0115300	ortholog_one2one	1
AT2G24765	Os08g0248900	ortholog_one2one	1
AT4G27700	Os09g0530000	ortholog_one2one	1
AT1G31970	Os07g0301200	ortholog_one2one	1
AT2G33560	Os02g0193600	ortholog_one2one	1
AT3G63170	Os07g0571600	ortholog_one2one	1
AT1G35680	Os02g0259600	ortholog_one2one	1
AT4G14790	Os03g0746500	ortholog_one2one	1
AT1G30690	Os06g0671800	ortholog_one2one	1
AT5G37020	Os04g0671900	ortholog_one2one	1
AT5G20910	Os09g0434200	ortholog_one2one	1
AT3G02280	Os01g0733600	ortholog_one2one	1
AT4G24190	Os06g0716700	ortholog_one2one	1
AT2G04850	Os03g0194300	ortholog_one2one	1
AT1G48350	Os03g0828100	ortholog_one2one	1
AT5G19210	Os01g0970600	ortholog_one2one	1
AT2G47680	Os01g0256800	ortholog_one2one	1
AT2G46580	Os03g0115500	ortholog_one2one	1
AT2G18290	Os05g0579800	ortholog_one2one	1
AT1G64660	Os10g0517500	ortholog_one2one	1
AT1G67840	Os12g0292900	ortholog_one2one	1
AT4G03120	Os02g0266100	ortholog_one2one	1
AT2G43410	Os09g0516300	ortholog_one2one	1
AT3G15290	Os01g0796400	ortholog_one2one	1
AT1G14850	Os06g0305200	ortholog_one2one	1
AT5G09280	Os08g0286100	ortholog_one2one	1
AT4G01395	Os02g0456000	ortholog_one2one	1
AT3G10150	Os01g0941800	ortholog_one2one	1
AT1G72570	Os03g0176300	ortholog_one2one	1
AT1G59760	Os12g0279000	ortholog_one2one	1
AT4G20940	Os07g0145400	ortholog_one2one	1
AT3G07420	Os12g0414500	ortholog_one2one	1
AT3G01160	Os07g0531700	ortholog_one2one	1
AT5G35690	Os08g0500800	ortholog_one2one	1
AT5G58140	Os04g0304200	ortholog_one2one	1
AT3G24170	Os02g0813500	ortholog_one2one	1
AT3G05210	Os10g0518900	ortholog_one2one	1
AT4G37930	Os03g0738400	ortholog_one2one	1
AT5G16150	Os01g0133400	ortholog_one2one	1
AT2G17250	Os04g0585300	ortholog_one2one	1
AT1G73110	Os04g0658300	ortholog_one2one	1
AT1G02145	Os04g0544900	ortholog_one2one	1
AT4G11640	Os04g0555900	ortholog_one2one	1
AT1G48850	Os03g0254800	ortholog_one2one	1
AT1G65320	Os01g0920000	ortholog_one2one	1
AT1G49170	Os04g0686300	ortholog_one2one	1
AT5G54390	Os02g0805500	ortholog_one2one	1
AT2G47450	Os03g0131900	ortholog_one2one	1
AT2G13290	Os12g0611900	ortholog_one2one	1
AT5G02140	Os11g0706600	ortholog_one2one	1
AT2G20635	Os07g0508500	ortholog_one2one	1
AT5G26749	Os01g0252200	ortholog_one2one	1
AT3G01370	Os04g0464800	ortholog_one2one	1
AT1G53490	Os02g0232100	ortholog_one2one	1
AT4G14210	Os03g0184000	ortholog_one2one	1
AT1G34300	Os03g0838100	ortholog_one2one	1
AT5G14240	Os01g0184800	ortholog_one2one	1
AT3G46970	Os01g0851700	ortholog_one2one	1
AT5G24490	Os03g0856500	ortholog_one2one	1
AT5G14550	Os05g0170000	ortholog_one2one	1
AT5G37360	Os02g0815400	ortholog_one2one	1
AT4G11130	Os04g0465700	ortholog_one2one	1
AT5G09860	Os03g0110400	ortholog_one2one	1
AT2G24090	Os06g0647100	ortholog_one2one	1
AT1G73170	Os06g0155600	ortholog_one2one	1
AT1G77140	Os02g0437800	ortholog_one2one	1
AT4G36400	Os07g0187200	ortholog_one2one	1
AT5G65950	Os02g0714500	ortholog_one2one	1
AT5G49810	Os05g0105000	ortholog_one2one	1
AT3G48425	Os12g0279600	ortholog_one2one	1
AT5G46150	Os03g0785500	ortholog_one2one	1
AT2G03070	Os03g0423800	ortholog_one2one	1
AT4G25550	Os04g0683100	ortholog_one2one	1
AT3G20790	Os09g0280300	ortholog_one2one	1
AT3G26610	Os01g0549000	ortholog_one2one	1
AT1G71500	Os11g0242400	ortholog_one2one	1
AT3G17880	Os09g0401200	ortholog_one2one	1
AT3G48460	Os03g0844600	ortholog_one2one	1
AT2G20930	Os09g0541500	ortholog_one2one	1
AT4G34050	Os06g0165800	ortholog_one2one	1
AT2G16405	Os01g0776400	ortholog_one2one	1
AT2G46020	Os02g0114000	ortholog_one2one	1
AT5G26040	Os06g0571100	ortholog_one2one	1
AT1G67930	Os05g0378900	ortholog_one2one	1
AT1G16080	Os08g0266300	ortholog_one2one	1
AT1G01910	Os09g0521500	ortholog_one2one	1
AT2G39670	Os01g0973400	ortholog_one2one	1
AT2G36895	Os03g0152600	ortholog_one2one	1
AT5G05080	Os06g0660700	ortholog_one2one	1
AT4G03080	Os05g0144400	ortholog_one2one	1
AT2G31320	Os07g0413700	ortholog_one2one	1
AT1G77420	Os01g0688200	ortholog_one2one	1
AT4G21105	Os05g0457000	ortholog_one2one	1
AT4G31720	Os09g0431500	ortholog_one2one	1
AT5G02410	Os04g0503700	ortholog_one2one	1
AT5G18570	Os07g0669200	ortholog_one2one	1
AT5G11650	Os01g0199400	ortholog_one2one	1
AT3G17310	Os05g0133900	ortholog_one2one	1
AT5G51170	Os02g0651000	ortholog_one2one	1
ATCG00480	Os06g0120732	ortholog_one2one	1
AT3G13682	Os08g0143400	ortholog_one2one	1
AT5G55470	Os06g0318500	ortholog_one2one	1
AT3G60800	Os03g0804300	ortholog_one2one	1
AT5G46570	Os10g0571300	ortholog_one2one	1
AT3G24090	Os12g0131100	ortholog_one2one	1
AT1G09150	Os01g0314300	ortholog_one2one	1
AT5G42620	Os03g0731500	ortholog_one2one	1
AT2G42120	Os03g0128500	ortholog_one2one	1
AT2G41820	Os07g0207100	ortholog_one2one	1
AT1G73050	Os06g0656000	ortholog_one2one	1
AT1G50900	Os07g0520800	ortholog_one2one	1
AT1G78520	Os01g0243700	ortholog_one2one	1
AT1G32160	Os04g0596300	ortholog_one2one	1
AT1G17330	Os10g0486000	ortholog_one2one	1
AT1G03650	Os10g0500400	ortholog_one2one	1
AT5G40660	Os07g0644000	ortholog_one2one	1
AT1G32220	Os04g0403500	ortholog_one2one	1
AT5G49510	Os12g0562900	ortholog_one2one	1
AT1G14830	Os03g0713100	ortholog_one2one	1
AT3G24500	Os06g0592500	ortholog_one2one	1
AT1G04110	Os03g0143100	ortholog_one2one	1
AT3G04240	Os02g0489550	ortholog_one2one	1
AT2G36630	Os03g0726500	ortholog_one2one	1
AT1G05310	Os08g0206950	ortholog_one2one	1
AT5G58730	Os03g0737701	ortholog_one2one	1
AT4G29750	Os09g0363100	ortholog_one2one	1
AT4G34700	Os06g0714100	ortholog_one2one	1
AT5G45760	Os01g0205100	ortholog_one2one	1
AT5G59865	Os01g0974701	ortholog_one2one	1
AT3G14430	Os08g0528601	ortholog_one2one	1
AT2G07360	Os03g0265700	ortholog_one2one	1
AT5G58250	Os03g0331600	ortholog_one2one	1
AT2G32415	Os07g0513100	ortholog_one2one	1
AT2G47580	Os05g0154800	ortholog_one2one	1
AT5G06620	Os10g0410700	ortholog_one2one	1
AT2G40760	Os05g0323100	ortholog_one2one	1
AT5G45360	Os06g0709100	ortholog_one2one	1
AT5G20990	Os04g0661600	ortholog_one2one	1
AT1G75560	Os10g0545300	ortholog_one2one	1
AT2G07690	Os02g0797400	ortholog_one2one	1
AT3G06610	Os03g0832300	ortholog_one2one	1
AT5G23340	Os02g0636400	ortholog_one2one	1
AT5G64500	Os04g0525900	ortholog_one2one	1
AT1G01970	Os07g0661900	ortholog_one2one	1
AT1G74720	Os01g0587300	ortholog_one2one	1
AT3G16840	Os04g0510400	ortholog_one2one	1
AT3G01980	Os03g0850000	ortholog_one2one	1
AT1G04770	Os05g0506000	ortholog_one2one	1
AT2G13440	Os01g0960300	ortholog_one2one	1
AT1G09870	Os03g0818100	ortholog_one2one	1
AT3G50660	Os03g0227700	ortholog_one2one	1
AT1G06570	Os02g0168100	ortholog_one2one	1
AT5G27460	Os02g0796400	ortholog_one2one	1
AT1G42440	Os11g0298400	ortholog_one2one	1
AT5G18110	Os03g0262400	ortholog_one2one	1
AT3G15930	Os01g0176300	ortholog_one2one	1
AT5G05970	Os09g0267500	ortholog_one2one	1
AT3G49170	Os05g0212100	ortholog_one2one	1
AT1G22860	Os05g0104100	ortholog_one2one	1
AT3G22190	Os03g0787200	ortholog_one2one	1
AT4G29910	Os03g0759500	ortholog_one2one	1
AT5G48440	Os09g0514100	ortholog_one2one	1
AT1G78800	Os04g0589600	ortholog_one2one	1
AT1G22660	Os12g0171200	ortholog_one2one	1
AT5G13050	Os07g0578600	ortholog_one2one	1
AT4G13330	Os04g0510700	ortholog_one2one	1
AT1G11430	Os08g0139100	ortholog_one2one	1
AT3G21350	Os06g0217500	ortholog_one2one	1
AT5G09315	Os04g0475500	ortholog_one2one	1
AT1G05350	Os02g0506500	ortholog_one2one	1
AT3G60810	Os03g0858700	ortholog_one2one	1
AT3G04470	Os02g0810100	ortholog_one2one	1
AT3G01720	Os01g0904500	ortholog_one2one	1
AT3G04870	Os07g0204900	ortholog_one2one	1
AT5G43850	Os10g0419500	ortholog_one2one	1
AT3G13120	Os03g0196800	ortholog_one2one	1
AT4G11860	Os06g0712400	ortholog_one2one	1
AT3G14860	Os02g0234200	ortholog_one2one	1
AT5G56900	Os09g0364000	ortholog_one2one	1
AT1G03620	Os04g0101700	ortholog_one2one	1
AT3G10390	Os04g0560300	ortholog_one2one	1
AT4G09730	Os01g0184500	ortholog_one2one	1
AT5G58030	Os01g0708600	ortholog_one2one	1
AT4G01100	Os05g0585900	ortholog_one2one	1
AT4G17370	Os08g0148267	ortholog_one2one	1
AT1G52530	Os04g0528400	ortholog_one2one	1
AT2G46520	Os01g0235400	ortholog_one2one	1
AT2G23090	Os07g0114300	ortholog_one2one	1
AT5G54080	Os06g0103300	ortholog_one2one	1
AT3G58460	Os03g0651100	ortholog_one2one	1
AT1G54350	Os01g0218700	ortholog_one2one	1
AT5G44740	Os01g0757800	ortholog_one2one	1
AT2G39930	Os08g0520900	ortholog_one2one	1
AT5G42390	Os06g0625400	ortholog_one2one	1
AT1G34150	Os03g0381100	ortholog_one2one	1
AT1G15440	Os05g0519500	ortholog_one2one	1
AT5G22830	Os03g0684400	ortholog_one2one	1
AT2G37630	Os12g0572000	ortholog_one2one	1
AT3G51240	Os04g0662600	ortholog_one2one	1
AT1G04420	Os03g0611200	ortholog_one2one	1
AT1G02410	Os03g0718600	ortholog_one2one	1
AT4G04910	Os05g0519400	ortholog_one2one	1
AT1G16650	Os12g0610500	ortholog_one2one	1
AT3G14930	Os01g0622300	ortholog_one2one	1
AT1G77330	Os11g0186900	ortholog_one2one	1
AT1G80050	Os02g0613900	ortholog_one2one	1
AT5G49400	Os11g0199600	ortholog_one2one	1
AT5G13520	Os03g0819100	ortholog_one2one	1
AT3G12810	Os02g0689800	ortholog_one2one	1
AT5G20930	Os03g0749800	ortholog_one2one	1
AT3G24800	Os02g0621500	ortholog_one2one	1
AT1G15820	Os04g0457000	ortholog_one2one	1
AT1G62850	Os03g0249200	ortholog_one2one	1
AT1G63970	Os02g0680600	ortholog_one2one	1
AT1G44920	Os03g0729100	ortholog_one2one	1
AT3G26710	Os11g0526200	ortholog_one2one	1
AT1G55040	Os07g0404300	ortholog_one2one	1
AT1G27920	Os08g0531100	ortholog_one2one	1
AT1G65610	Os04g0497200	ortholog_one2one	1
AT5G37370	Os05g0178900	ortholog_one2one	1
AT1G64550	Os02g0826500	ortholog_one2one	1
AT3G10915	Os03g0336600	ortholog_one2one	1
AT2G43370	Os09g0513700	ortholog_one2one	1
AT5G01850	Os03g0816100	ortholog_one2one	1
AT4G16650	Os04g0551300	ortholog_one2one	1
AT5G42650	Os03g0767000	ortholog_one2one	1
AT4G33030	Os05g0387200	ortholog_one2one	1
AT4G16210	Os03g0310400	ortholog_one2one	1
AT2G43330	Os04g0491700	ortholog_one2one	1
AT3G10110	Os03g0296300	ortholog_one2one	1
AT2G39090	Os05g0149900	ortholog_one2one	1
AT2G39910	Os06g0694100	ortholog_one2one	1
AT4G31780	Os09g0423600	ortholog_one2one	1
AT3G18620	Os04g0674450	ortholog_one2one	1
AT5G64380	Os06g0664200	ortholog_one2one	1
AT5G60340	Os07g0412400	ortholog_one2one	1
AT1G49350	Os05g0185700	ortholog_one2one	1
AT3G01460	Os02g0192400	ortholog_one2one	1
AT2G25830	Os05g0519800	ortholog_one2one	1
AT5G49630	Os07g0134000	ortholog_one2one	1
AT4G31460	Os07g0544900	ortholog_one2one	1
AT1G48310	Os07g0636200	ortholog_one2one	1
AT2G33260	Os07g0225100	ortholog_one2one	1
AT5G10860	Os03g0737000	ortholog_one2one	1
AT4G02120	Os12g0556600	ortholog_one2one	1
AT1G53270	Os01g0615500	ortholog_one2one	1
AT2G01320	Os01g0121700	ortholog_one2one	1
AT3G04970	Os03g0363900	ortholog_one2one	1
AT4G24090	Os09g0529350	ortholog_one2one	1
AT5G19690	Os05g0519900	ortholog_one2one	1
AT1G08700	Os01g0276400	ortholog_one2one	1
AT4G04955	Os04g0680400	ortholog_one2one	1
AT5G38900	Os03g0598900	ortholog_one2one	1
AT5G41850	Os05g0214400	ortholog_one2one	1
AT1G49590	Os06g0215200	ortholog_one2one	1
AT5G27860	Os12g0554000	ortholog_one2one	1
AT5G48460	Os01g0514600	ortholog_one2one	1
AT1G15240	Os05g0583500	ortholog_one2one	1
AT1G26520	Os07g0598900	ortholog_one2one	1
AT4G28560	Os06g0627500	ortholog_one2one	1
AT1G77700	Os04g0689900	ortholog_one2one	1
AT3G06540	Os01g0269100	ortholog_one2one	1
AT1G21650	Os11g0195100	ortholog_one2one	1
AT2G02220	Os02g0629400	ortholog_one2one	1
AT5G46920	Os10g0567500	ortholog_one2one	1
AT3G12080	Os11g0638000	ortholog_one2one	1
AT5G23395	Os04g0527700	ortholog_one2one	1
AT1G30360	Os07g0150100	ortholog_one2one	1
AT5G66030	Os07g0472500	ortholog_one2one	1
AT5G18410	Os03g0143800	ortholog_one2one	1
AT5G37570	Os04g0414800	ortholog_one2one	1
AT2G38130	Os11g0525800	ortholog_one2one	1
AT5G09970	Os10g0403000	ortholog_one2one	1
AT2G36740	Os08g0192400	ortholog_one2one	1
AT5G40950	Os01g0924000	ortholog_one2one	1
AT4G26810	Os09g0133000	ortholog_one2one	1
AT3G17060	Os03g0309400	ortholog_one2one	1
AT3G22430	Os03g0159200	ortholog_one2one	1
AT2G37660	Os05g0110300	ortholog_one2one	1
AT5G53070	Os05g0528900	ortholog_one2one	1
AT3G59980	Os04g0303900	ortholog_one2one	1
AT5G16300	Os01g0777000	ortholog_one2one	1
AT4G37040	Os02g0761700	ortholog_one2one	1
AT5G17240	Os07g0471100	ortholog_one2one	1
AT4G33250	Os03g0182700	ortholog_one2one	1
AT2G21280	Os02g0834700	ortholog_one2one	1
AT5G60940	Os03g0754900	ortholog_one2one	1
AT4G01320	Os02g0680400	ortholog_one2one	1
AT5G42180	Os02g0833900	ortholog_one2one	1
AT2G05810	Os09g0135800	ortholog_one2one	1
AT3G48195	Os01g0549500	ortholog_one2one	1
AT5G43600	Os12g0597500	ortholog_one2one	1
AT1G63160	Os04g0569000	ortholog_one2one	1
AT3G43860	Os02g0778600	ortholog_one2one	1
AT5G43670	Os03g0742800	ortholog_one2one	1
AT4G35870	Os03g0137400	ortholog_one2one	1
AT1G18550	Os01g0605500	ortholog_one2one	1
AT3G27700	Os04g0394300	ortholog_one2one	1
AT4G17050	Os07g0495000	ortholog_one2one	1
AT4G33330	Os03g0184300	ortholog_one2one	1
AT5G63960	Os11g0186400	ortholog_one2one	1
AT3G56210	Os03g0665800	ortholog_one2one	1
AT5G63080	Os01g0546900	ortholog_one2one	1
AT5G01230	Os06g0704900	ortholog_one2one	1
AT5G08530	Os07g0645400	ortholog_one2one	1
AT4G30930	Os05g0557800	ortholog_one2one	1
AT3G08650	Os05g0316100	ortholog_one2one	1
AT5G07380	Os01g0103900	ortholog_one2one	1
AT5G40280	Os01g0737800	ortholog_one2one	1
AT1G07130	Os03g0366900	ortholog_one2one	1
AT1G60080	Os11g0311300	ortholog_one2one	1
AT3G60190	Os10g0567800	ortholog_one2one	1
AT2G43790	Os06g0154500	ortholog_one2one	1
AT1G48050	Os03g0856200	ortholog_one2one	1
AT4G16180	Os03g0310500	ortholog_one2one	1
AT3G17030	Os03g0832500	ortholog_one2one	1
AT1G36310	Os02g0750500	ortholog_one2one	1
AT4G22580	Os10g0553600	ortholog_one2one	1
AT3G10350	Os02g0745000	ortholog_one2one	1
AT3G15010	Os01g0614500	ortholog_one2one	1
AT5G44000	Os02g0814800	ortholog_one2one	1
AT5G04810	Os04g0684500	ortholog_one2one	1
AT5G03260	Os01g0634500	ortholog_one2one	1
AT2G46890	Os04g0105300	ortholog_one2one	1
AT1G09790	Os04g0540300	ortholog_one2one	1
AT4G02790	Os05g0430400	ortholog_one2one	1
AT2G22120	Os11g0604600	ortholog_one2one	1
AT1G31480	Os08g0110700	ortholog_one2one	1
AT1G17260	Os03g0183900	ortholog_one2one	1
AT4G10050	Os04g0443500	ortholog_one2one	1
AT2G42690	Os01g0710700	ortholog_one2one	1
AT3G12010	Os10g0400900	ortholog_one2one	1
AT1G73960	Os09g0410300	ortholog_one2one	1
AT2G28560	Os05g0121700	ortholog_one2one	1
AT1G48175	Os03g0321900	ortholog_one2one	1
AT5G55560	Os07g0584100	ortholog_one2one	1
AT4G21320	Os06g0682900	ortholog_one2one	1
AT5G17210	Os06g0114700	ortholog_one2one	1
AT1G07700	Os02g0567100	ortholog_one2one	1
AT5G26030	Os09g0297000	ortholog_one2one	1
AT1G29150	Os04g0444600	ortholog_one2one	1
AT4G33360	Os03g0184550	ortholog_one2one	1
AT1G74350	Os06g0634100	ortholog_one2one	1
AT4G32050	Os02g0798700	ortholog_one2one	1
AT4G08810	Os07g0633600	ortholog_one2one	1
AT2G31740	Os04g0379300	ortholog_one2one	1
AT1G50590	Os09g0484800	ortholog_one2one	1
AT2G19560	Os09g0386400	ortholog_one2one	1
AT1G04640	Os03g0321800	ortholog_one2one	1
AT1G56500	Os03g0311300	ortholog_one2one	1
AT1G12480	Os04g0574700	ortholog_one2one	1
AT2G42240	Os06g0687500	ortholog_one2one	1
AT5G47840	Os08g0109300	ortholog_one2one	1
AT5G52790	Os03g0125800	ortholog_one2one	1
AT3G10130	Os02g0533200	ortholog_one2one	1
AT4G02930	Os03g0851100	ortholog_one2one	1
AT2G40360	Os07g0435400	ortholog_one2one	1
AT1G29260	Os02g0245100	ortholog_one2one	1
AT4G15830	Os01g0931200	ortholog_one2one	1
AT3G01970	Os11g0490900	ortholog_one2one	1
AT1G34110	Os06g0589800	ortholog_one2one	1
AT2G35320	Os06g0110100	ortholog_one2one	1
AT3G12050	Os08g0464000	ortholog_one2one	1
AT1G30070	Os01g0757500	ortholog_one2one	1
AT1G52080	Os05g0185800	ortholog_one2one	1
AT1G65820	Os03g0709000	ortholog_one2one	1
AT1G49430	Os11g0558300	ortholog_one2one	1
AT4G02730	Os07g0572000	ortholog_one2one	1
AT2G20320	Os03g0145500	ortholog_one2one	1
AT3G51780	Os01g0831200	ortholog_one2one	1
AT3G53900	Os05g0455700	ortholog_one2one	1
AT5G40530	Os02g0593900	ortholog_one2one	1
AT5G20300	Os12g0197400	ortholog_one2one	1
AT1G11190	Os04g0636400	ortholog_one2one	1
AT5G47510	Os07g0456500	ortholog_one2one	1
AT1G27752	Os03g0205000	ortholog_one2one	1
AT1G07310	Os01g0853800	ortholog_one2one	1
AT1G77230	Os02g0553500	ortholog_one2one	1
AT2G28520	Os01g0834200	ortholog_one2one	1
AT1G13635	Os08g0489300	ortholog_one2one	1
AT5G66240	Os07g0589400	ortholog_one2one	1
AT3G01820	Os08g0118900	ortholog_one2one	1
AT5G61770	Os03g0343700	ortholog_one2one	1
AT3G54300	Os08g0558600	ortholog_one2one	1
AT2G01830	Os02g0738400	ortholog_one2one	1
AT3G48540	Os01g0765000	ortholog_one2one	1
AT2G20690	Os12g0541000	ortholog_one2one	1
AT5G27280	Os06g0724400	ortholog_one2one	1
AT2G04842	Os02g0538000	ortholog_one2one	1
AT3G18510	Os06g0618300	ortholog_one2one	1
AT5G25480	Os01g0612000	ortholog_one2one	1
AT3G54900	Os03g0851200	ortholog_one2one	1
AT3G09920	Os02g0822500	ortholog_one2one	1
AT5G21930	Os03g0178100	ortholog_one2one	1
AT3G25060	Os10g0540100	ortholog_one2one	1
AT4G32660	Os01g0590900	ortholog_one2one	1
AT2G47790	Os12g0294100	ortholog_one2one	1
AT4G29330	Os05g0187800	ortholog_one2one	1
AT5G63810	Os01g0875500	ortholog_one2one	1
AT4G29940	Os02g0147800	ortholog_one2one	1
AT3G50670	Os10g0115600	ortholog_one2one	1
AT1G08610	Os10g0476900	ortholog_one2one	1
AT3G29010	Os08g0435800	ortholog_one2one	1
AT5G20250	Os06g0172800	ortholog_one2one	1
AT1G09960	Os12g0641400	ortholog_one2one	1
AT5G61930	Os07g0600300	ortholog_one2one	1
AT5G15730	Os06g0283300	ortholog_one2one	1
AT2G06050	Os08g0459600	ortholog_one2one	1
AT3G20920	Os02g0435000	ortholog_one2one	1
AT4G28600	Os10g0471400	ortholog_one2one	1
AT3G24110	Os05g0147300	ortholog_one2one	1
AT5G66420	Os06g0472400	ortholog_one2one	1
AT4G13550	Os04g0509100	ortholog_one2one	1
AT1G12790	Os05g0588200	ortholog_one2one	1
AT1G26760	Os03g0168700	ortholog_one2one	1
AT5G27680	Os05g0150600	ortholog_one2one	1
AT3G10210	Os01g0948300	ortholog_one2one	1
AT4G27340	Os01g0390400	ortholog_one2one	1
AT5G03560	Os06g0308200	ortholog_one2one	1
AT2G26900	Os01g0645200	ortholog_one2one	1
AT4G13720	Os10g0457500	ortholog_one2one	1
AT5G07360	Os11g0536800	ortholog_one2one	1
